Gender,Age,Maritalstatus,Academic_degree,Years_Experience,Years_experience_lastorganization,Sector,Department,JobTitle,MonthlySalary,Allowances,MedicalInsurance,Bonus,OverTime,Payment_Overtime,Rewards_Wages_Satisfaction,Get_Deserved_Promotion,Training_programs_During_last_three_years,Useful_Training_Programs,Business_Travel,Job_Support,Recognition,Emotional_Commitment,Job_Engagement,Distance_to_work,Work_Live_Balance,Physical_Stress,Psychological_Exhaustion,Job_Stability,Health_Issues,Environment_Satisfaction,Job_Satisfaction,Job_Opportunities,Attrition
0.0,1.0,0.4472088227382767,0.0,0.0,0.0,0.5651866011647716,0.6003779812606473,0.6232770636518506,0.0,0.0,0.0,0.0,1.0,2.0,0.0,0.0,0.0,0.0,0.0,0.0,0.0,1.0,1.0,1.0,1.0,2.0,2.0,0.0,0.0,1.0,0.0,0.0,1
0.0,0.0,0.4059529449714223,1.0,0.0,0.0,0.5651866011647716,0.5553488857212391,0.2034558286687758,1.0,2.0,0.0,0.0,0.0,0.0,0.0,0.0,1.0,1.0,0.0,1.0,0.0,2.0,2.0,2.0,2.0,2.0,2.0,0.0,0.0,1.0,0.0,0.0,0
1.0,0.0,0.4472088227382767,1.0,0.0,0.0,0.4567380973729042,0.5564735945485519,0.2949460533787621,1.0,2.0,1.0,1.0,1.0,0.0,0.0,0.0,1.0,1.0,0.0,2.0,1.0,1.0,0.0,1.0,0.0,1.0,1.0,0.0,0.0,1.0,1.0,1.0,0
1.0,1.0,0.4472088227382767,1.0,1.0,0.0,0.5124929017603634,0.5564735945485519,0.6868662286038777,1.0,2.0,1.0,0.0,0.0,0.0,0.0,0.0,1.0,1.0,1.0,2.0,1.0,1.0,1.0,1.0,1.0,0.0,0.0,0.0,1.0,1.0,1.0,1.0,1
0.0,0.0,0.4472088227382767,0.0,0.0,0.0,0.2608303362988201,0.3687130408412641,0.3290034071550255,0.0,0.0,0.0,0.0,0.0,0.0,0.0,0.0,0.0,0.0,0.0,0.0,0.0,0.0,1.0,1.0,1.0,0.0,0.0,0.0,0.0,0.0,0.0,0.0,0
1.0,0.0,0.4472088227382767,1.0,0.0,0.0,0.5651866011647716,0.3687130408412641,0.3290034071550255,1.0,1.0,1.0,1.0,0.0,0.0,1.0,0.0,1.0,1.0,0.0,2.0,1.0,1.0,2.0,1.0,1.0,0.0,0.0,1.0,1.0,1.0,1.0,1.0,0
1.0,0.0,0.4472088227382767,1.0,0.0,0.0,0.5651866011647716,0.5564735945485519,0.4963900381276872,0.0,2.0,1.0,0.0,0.0,1.0,0.0,0.0,0.0,0.0,1.0,1.0,1.0,1.0,1.0,0.0,1.0,2.0,1.0,0.0,0.0,1.0,1.0,1.0,1
0.0,1.0,0.4059529449714223,1.0,2.0,0.0,0.2608303362988201,0.2293199502739537,0.1904496412162511,1.0,0.0,0.0,0.0,0.0,0.0,0.0,0.0,3.0,1.0,0.0,1.0,1.0,0.0,1.0,1.0,1.0,1.0,1.0,1.0,0.0,1.0,1.0,0.0,1
1.0,1.0,0.4778534923339012,2.0,0.0,0.0,0.3592782301026135,0.5553488857212391,0.327141836566467,1.0,2.0,1.0,0.0,1.0,1.0,0.0,0.0,1.0,0.0,0.0,1.0,0.0,1.0,1.0,1.0,1.0,2.0,2.0,1.0,1.0,1.0,1.0,1.0,1
0.0,2.0,0.4059529449714223,1.0,0.0,0.0,0.3592782301026135,0.3687130408412641,0.327141836566467,0.0,0.0,0.0,0.0,1.0,1.0,0.0,0.0,0.0,0.0,0.0,0.0,0.0,0.0,2.0,2.0,0.0,2.0,1.0,0.0,0.0,1.0,0.0,0.0,1
1.0,2.0,0.4059529449714223,,,,,0.6003779812606473,0.6424190800681431,,0.0,0.0,,1.0,,0.0,,0.0,0.0,0.0,,0.0,2.0,2.0,1.0,2.0,2.0,2.0,0.0,0.0,0.0,0.0,1.0,1
0.0,2.0,0.4059529449714223,1.0,2.0,2.0,0.2608303362988201,0.2293199502739537,0.1904496412162511,0.0,1.0,0.0,0.0,0.0,0.0,1.0,0.0,2.0,1.0,0.0,1.0,1.0,1.0,0.0,0.0,1.0,2.0,1.0,1.0,0.0,1.0,1.0,0.0,0
1.0,1.0,0.4472088227382767,2.0,1.0,1.0,0.5651866011647716,0.5564735945485519,0.4963900381276872,1.0,1.0,1.0,0.0,0.0,0.0,0.0,0.0,0.0,0.0,2.0,0.0,0.0,0.0,2.0,0.0,1.0,1.0,2.0,0.0,0.0,1.0,0.0,0.0,0
0.0,0.0,0.4472088227382767,1.0,0.0,0.0,0.5124929017603634,0.3687130408412641,0.327141836566467,0.0,3.0,1.0,0.0,1.0,1.0,0.0,0.0,0.0,0.0,0.0,0.0,0.0,1.0,1.0,0.0,1.0,2.0,2.0,0.0,0.0,1.0,0.0,1.0,1
0.0,1.0,0.4778534923339012,1.0,2.0,2.0,0.5651866011647716,0.5564735945485519,0.2445850571915308,2.0,2.0,1.0,0.0,0.0,0.0,1.0,1.0,1.0,1.0,1.0,2.0,1.0,2.0,1.0,0.0,1.0,0.0,1.0,1.0,0.0,2.0,2.0,0.0,0
1.0,1.0,0.4059529449714223,1.0,1.0,0.0,0.5651866011647716,0.5553488857212391,0.8018608308216486,2.0,1.0,0.0,0.0,1.0,2.0,0.0,0.0,1.0,1.0,0.0,0.0,0.0,1.0,1.0,0.0,0.0,1.0,1.0,1.0,0.0,0.0,0.0,1.0,1
0.0,2.0,0.4059529449714223,1.0,2.0,2.0,0.2608303362988201,0.2293199502739537,0.1904496412162511,1.0,0.0,0.0,0.0,0.0,0.0,1.0,0.0,3.0,1.0,0.0,0.0,1.0,2.0,1.0,1.0,1.0,2.0,1.0,1.0,0.0,1.0,1.0,0.0,0
1.0,0.0,0.4059529449714223,1.0,1.0,0.0,0.4567380973729042,0.5564735945485519,0.2949460533787621,1.0,2.0,1.0,1.0,1.0,0.0,1.0,1.0,1.0,1.0,0.0,1.0,1.0,1.0,1.0,1.0,1.0,1.0,0.0,1.0,0.0,1.0,2.0,1.0,1
1.0,1.0,0.4059529449714223,3.0,2.0,2.0,0.4567380973729042,0.5553488857212391,0.6848381601362862,3.0,4.0,1.0,1.0,1.0,2.0,1.0,1.0,1.0,1.0,0.0,2.0,1.0,2.0,0.0,1.0,1.0,0.0,1.0,1.0,1.0,1.0,2.0,0.0,0
1.0,0.0,0.4472088227382767,1.0,1.0,0.0,0.4567380973729042,0.3687130408412641,0.6480146769754948,0.0,0.0,0.0,1.0,0.0,1.0,1.0,1.0,0.0,0.0,1.0,2.0,1.0,2.0,0.0,1.0,0.0,1.0,0.0,0.0,0.0,2.0,2.0,1.0,1
0.0,0.0,0.4472088227382767,1.0,1.0,1.0,0.5124929017603634,0.5564735945485519,0.2693545334090479,1.0,2.0,1.0,1.0,0.0,2.0,1.0,1.0,1.0,1.0,0.0,1.0,1.0,1.0,1.0,1.0,1.0,2.0,2.0,0.0,0.0,1.0,1.0,0.0,0
0.0,0.0,0.4472088227382767,1.0,0.0,0.0,0.3592782301026135,,0.3560477001703578,0.0,,0.0,,,1.0,,0.0,0.0,0.0,,,0.0,0.0,,2.0,2.0,2.0,2.0,0.0,0.0,,0.0,0.0,1
1.0,1.0,0.4059529449714223,2.0,1.0,,0.4567380973729042,0.5068458577828254,0.6424190800681431,,,1.0,,1.0,2.0,,1.0,2.0,1.0,1.0,2.0,1.0,2.0,1.0,,1.0,,,,0.0,1.0,1.0,1.0,0
1.0,0.0,0.4472088227382767,1.0,0.0,0.0,0.3592782301026135,0.2631793890457632,0.1186825667234526,0.0,0.0,0.0,0.0,0.0,0.0,0.0,1.0,1.0,0.0,0.0,1.0,1.0,0.0,1.0,1.0,1.0,2.0,2.0,0.0,1.0,1.0,1.0,1.0,0
1.0,1.0,0.4059529449714223,1.0,1.0,1.0,0.2608303362988201,0.3687130408412641,0.327141836566467,1.0,0.0,1.0,0.0,1.0,2.0,1.0,1.0,0.0,1.0,0.0,2.0,1.0,1.0,1.0,2.0,2.0,0.0,1.0,1.0,0.0,1.0,1.0,0.0,0
0.0,0.0,,0.0,0.0,0.0,0.5651866011647716,0.464504830773996,0.6316167566347161,0.0,0.0,,0.0,,0.0,0.0,0.0,,,0.0,0.0,1.0,1.0,1.0,0.0,,0.0,,0.0,0.0,1.0,,,0
0.0,2.0,0.4059529449714223,0.0,0.0,0.0,0.2608303362988201,0.3687130408412641,0.3290034071550255,0.0,0.0,0.0,0.0,0.0,0.0,0.0,0.0,1.0,1.0,0.0,0.0,0.0,1.0,1.0,1.0,0.0,1.0,1.0,0.0,0.0,1.0,0.0,1.0,0
0.0,0.0,0.4472088227382767,1.0,0.0,0.0,0.5124929017603634,0.5068458577828254,0.3835483085908981,0.0,3.0,1.0,1.0,1.0,2.0,0.0,0.0,2.0,1.0,0.0,0.0,0.0,1.0,1.0,0.0,1.0,2.0,2.0,1.0,0.0,1.0,1.0,1.0,1
1.0,2.0,0.4059529449714223,1.0,1.0,1.0,0.2608303362988201,0.2293199502739537,0.1904496412162511,0.0,0.0,1.0,0.0,0.0,0.0,0.0,0.0,1.0,1.0,0.0,2.0,1.0,2.0,0.0,0.0,0.0,1.0,1.0,1.0,0.0,2.0,2.0,1.0,0
0.0,5.468984251376472,0.4059529449714223,1.0,5.5586237932754194,5.356682439232165,0.2608303362988201,0.2293199502739537,0.1904496412162511,6.102741184057091,6.884086322351143,0.0,0.0,0.0,0.0,1.0,1.0,2.0,1.0,0.0,1.0,1.0,1.0,1.0,3.350919003746875,1.0,1.0,0.0,1.0,0.0,1.0,1.0,0.0,0
1.0,1.0,0.4472088227382767,1.0,1.0,0.0,0.4567380973729042,0.5564735945485519,0.9680106000378572,1.0,1.0,1.0,1.0,1.0,2.0,1.0,1.0,1.0,1.0,0.0,2.0,1.0,1.0,1.0,1.0,1.0,0.0,1.0,1.0,0.0,2.0,2.0,1.0,1
0.0,0.0,0.4472088227382767,1.0,0.0,0.0,0.5651866011647716,0.5553488857212391,0.3290034071550255,0.0,2.0,1.0,0.0,1.0,2.0,1.0,0.0,1.0,1.0,0.0,1.0,1.0,1.0,1.0,1.0,1.0,1.0,1.0,0.0,0.0,1.0,1.0,0.0,0
0.0,0.0,0.4472088227382767,1.0,0.0,0.0,0.2608303362988201,0.2293199502739537,0.1904496412162511,1.0,0.0,1.0,0.0,0.0,0.0,1.0,1.0,0.0,0.0,0.0,2.0,1.0,2.0,1.0,1.0,2.0,0.0,1.0,1.0,1.0,1.0,2.0,1.0,0
0.0,0.0,0.4059529449714223,1.0,0.0,0.0,0.5651866011647716,0.464504830773996,0.6316167566347161,2.0,2.0,1.0,1.0,1.0,2.0,0.0,0.0,1.0,1.0,1.0,1.0,0.0,0.0,0.0,2.0,0.0,0.0,2.0,1.0,0.0,1.0,1.0,1.0,0
0.0,0.0,0.4472088227382767,1.0,0.0,0.0,0.4567380973729042,0.5564735945485519,0.6868662286038777,0.0,2.0,1.0,0.0,0.0,2.0,0.0,0.0,1.0,0.0,0.0,1.0,0.0,1.0,1.0,0.0,0.0,0.0,2.0,0.0,0.0,1.0,1.0,1.0,0
1.0,0.0,0.4472088227382767,1.0,0.0,0.0,0.3592782301026135,0.2631793890457632,0.3227909043774535,1.0,1.0,1.0,0.0,1.0,2.0,0.0,0.0,3.0,1.0,0.0,2.0,0.0,2.0,0.0,2.0,0.0,2.0,2.0,1.0,0.0,2.0,2.0,1.0,0
1.0,1.0,0.4059529449714223,1.0,1.0,1.0,0.5651866011647716,0.3687130408412641,0.327141836566467,2.0,1.0,1.0,1.0,0.0,0.0,1.0,1.0,2.0,1.0,1.0,2.0,1.0,2.0,1.0,1.0,1.0,1.0,1.0,1.0,0.0,1.0,1.0,1.0,1
0.0,0.0,0.4472088227382767,1.0,0.0,0.0,0.5124929017603634,0.5068458577828254,0.6320272572402044,0.0,2.0,1.0,0.0,1.0,2.0,0.0,0.0,1.0,0.0,0.0,0.0,0.0,1.0,2.0,1.0,1.0,2.0,2.0,0.0,0.0,1.0,0.0,1.0,0
0.0,1.0,0.4059529449714223,1.0,1.0,1.0,0.2608303362988201,0.2293199502739537,0.1904496412162511,1.0,0.0,1.0,1.0,0.0,1.0,1.0,1.0,3.0,1.0,1.0,1.0,0.0,1.0,1.0,1.0,1.0,0.0,0.0,1.0,1.0,1.0,0.0,1.0,0
0.0,0.0,0.4059529449714223,1.0,1.0,1.0,0.5651866011647716,0.6003779812606473,0.6232770636518506,0.0,2.0,1.0,1.0,1.0,2.0,1.0,1.0,2.0,1.0,0.0,2.0,1.0,1.0,0.0,0.0,0.0,2.0,1.0,1.0,0.0,1.0,2.0,0.0,0
1.0,1.0,0.4059529449714223,1.0,2.0,2.0,0.5651866011647716,0.5068458577828254,0.6695059625212947,1.0,3.0,1.0,1.0,1.0,2.0,1.0,1.0,2.0,1.0,2.0,2.0,1.0,2.0,0.0,1.0,1.0,2.0,2.0,1.0,0.0,1.0,2.0,1.0,0
0.0,0.0,0.4472088227382767,1.0,0.0,0.0,0.5651866011647716,0.464504830773996,0.6316167566347161,0.0,2.0,1.0,1.0,0.0,0.0,0.0,0.0,1.0,1.0,0.0,2.0,1.0,1.0,1.0,0.0,0.0,2.0,1.0,0.0,0.0,1.0,0.0,1.0,1
0.0,0.0,0.4472088227382767,1.0,0.0,0.0,0.5651866011647716,0.6003779812606473,0.6232770636518506,1.0,2.0,1.0,0.0,0.0,0.0,0.0,1.0,0.0,0.0,0.0,0.0,0.0,2.0,2.0,1.0,2.0,1.0,2.0,1.0,0.0,1.0,0.0,0.0,1
1.0,2.0,0.4059529449714223,1.0,2.0,1.0,0.3592782301026135,0.2631793890457632,0.3227909043774535,1.0,1.0,1.0,0.0,1.0,2.0,1.0,1.0,1.0,1.0,0.0,1.0,1.0,2.0,1.0,1.0,1.0,1.0,0.0,1.0,0.0,1.0,2.0,1.0,1
0.0,1.0,0.4059529449714223,1.0,1.0,1.0,0.2608303362988201,0.2293199502739537,0.1904496412162511,1.0,0.0,0.0,0.0,0.0,0.0,0.0,0.0,0.0,0.0,0.0,0.0,0.0,0.0,2.0,0.0,1.0,1.0,2.0,0.0,0.0,0.0,0.0,0.0,0
1.0,0.0,0.4472088227382767,1.0,1.0,0.0,0.3592782301026135,0.5564735945485519,0.6868662286038777,1.0,1.0,1.0,1.0,1.0,2.0,1.0,1.0,1.0,1.0,0.0,2.0,1.0,2.0,2.0,2.0,2.0,2.0,2.0,1.0,1.0,2.0,1.0,1.0,1
0.0,0.0,0.4472088227382767,1.0,1.0,1.0,0.4567380973729042,0.464504830773996,0.2300776074200265,1.0,3.0,1.0,1.0,1.0,2.0,1.0,1.0,3.0,1.0,1.0,2.0,0.0,2.0,1.0,0.0,0.0,1.0,0.0,1.0,0.0,2.0,2.0,0.0,0
1.0,1.0,0.4059529449714223,0.0,0.0,,0.5651866011647716,0.3687130408412641,0.3030238500851788,0.0,1.0,,1.0,,2.0,,0.0,,0.0,,1.0,,0.0,1.0,0.0,1.0,1.0,1.0,,0.0,,1.0,0.0,0
0.0,,,2.0,2.0,2.0,0.4567380973729042,0.6003779812606473,,1.0,4.0,1.0,1.0,1.0,2.0,1.0,1.0,1.0,,1.0,2.0,1.0,2.0,,0.0,,1.0,,,,1.0,1.0,1.0,0
0.0,0.0,0.4472088227382767,1.0,1.0,1.0,0.4567380973729042,0.464504830773996,0.6316167566347161,1.0,1.0,1.0,1.0,0.0,0.0,0.0,0.0,0.0,0.0,1.0,1.0,0.0,1.0,0.0,0.0,2.0,2.0,2.0,0.0,0.0,0.0,1.0,0.0,0
0.0,2.0,0.4059529449714223,1.0,1.0,1.0,0.5124929017603634,0.5068458577828254,0.327141836566467,1.0,2.0,1.0,1.0,0.0,1.0,0.0,1.0,3.0,1.0,1.0,1.0,1.0,2.0,1.0,0.0,1.0,1.0,1.0,1.0,0.0,1.0,1.0,1.0,0
1.0,2.0,0.4059529449714223,0.0,2.0,0.0,0.5651866011647716,0.5564735945485519,0.6868662286038777,1.0,2.0,1.0,0.0,0.0,0.0,0.0,0.0,0.0,0.0,0.0,0.0,1.0,2.0,1.0,1.0,2.0,2.0,2.0,1.0,0.0,1.0,0.0,1.0,1
0.0,0.0,0.4059529449714223,1.0,1.0,0.0,0.5124929017603634,0.3687130408412641,0.7591679368779701,1.0,1.0,1.0,1.0,0.0,0.0,1.0,1.0,1.0,1.0,0.0,1.0,1.0,2.0,1.0,0.0,1.0,0.0,1.0,0.0,0.0,1.0,1.0,1.0,1
0.0,0.0,0.4059529449714223,1.0,0.0,0.0,0.2608303362988201,0.3687130408412641,0.3290034071550255,0.0,2.0,1.0,0.0,1.0,1.0,1.0,0.0,1.0,1.0,0.0,2.0,1.0,0.0,2.0,0.0,0.0,2.0,0.0,0.0,0.0,1.0,1.0,0.0,0
,,,,0.0,0.0,,0.5553488857212391,0.3560477001703578,1.0,1.0,0.0,,,0.0,0.0,0.0,0.0,0.0,0.0,0.0,0.0,1.0,1.0,,1.0,,0.0,0.0,0.0,0.0,0.0,0.0,0
0.0,1.0,0.4472088227382767,2.0,1.0,0.0,0.5124929017603634,0.3687130408412641,0.327141836566467,1.0,2.0,1.0,0.0,1.0,1.0,1.0,0.0,0.0,0.0,1.0,1.0,0.0,2.0,2.0,2.0,2.0,0.0,2.0,0.0,0.0,1.0,1.0,0.0,1
1.0,1.0,0.4059529449714223,2.0,1.0,1.0,0.5651866011647716,0.5564735945485519,0.7591679368779701,1.0,1.0,1.0,0.0,0.0,0.0,1.0,1.0,1.0,1.0,0.0,2.0,1.0,2.0,2.0,1.0,1.0,2.0,2.0,1.0,0.0,1.0,1.0,1.0,1
1.0,2.0,,,2.0,2.0,0.4567380973729042,0.6003779812606473,0.4747302668938103,,3.0,,1.0,,2.0,0.0,0.0,3.0,1.0,1.0,2.0,1.0,1.0,,,2.0,2.0,2.0,,0.0,2.0,,1.0,1
1.0,0.0,0.4472088227382767,1.0,0.0,0.0,0.5651866011647716,0.5564735945485519,0.2693545334090479,0.0,0.0,0.0,0.0,0.0,0.0,0.0,0.0,1.0,1.0,0.0,1.0,1.0,1.0,2.0,0.0,0.0,1.0,1.0,0.0,0.0,0.0,0.0,1.0,0
0.0,1.0,0.4059529449714223,1.0,0.0,0.0,0.2608303362988201,0.2293199502739537,0.1904496412162511,0.0,0.0,0.0,0.0,0.0,0.0,0.0,0.0,3.0,1.0,0.0,0.0,1.0,2.0,2.0,1.0,2.0,1.0,1.0,0.0,1.0,0.0,1.0,0.0,0
0.0,0.0,0.4472088227382767,1.0,1.0,0.0,0.3592782301026135,0.464504830773996,0.2300776074200265,0.0,0.0,0.0,0.0,0.0,0.0,0.0,0.0,2.0,1.0,0.0,1.0,0.0,1.0,1.0,1.0,1.0,0.0,2.0,0.0,0.0,1.0,0.0,0.0,1
0.0,0.0,0.4472088227382767,1.0,1.0,0.0,0.5651866011647716,0.5564735945485519,0.7591679368779701,1.0,1.0,1.0,1.0,1.0,2.0,1.0,1.0,1.0,1.0,1.0,2.0,1.0,2.0,0.0,1.0,1.0,0.0,1.0,1.0,0.0,1.0,1.0,1.0,1
0.0,1.0,0.4059529449714223,2.0,1.0,1.0,0.2608303362988201,0.3687130408412641,0.3290034071550255,1.0,3.0,1.0,1.0,1.0,2.0,1.0,1.0,2.0,1.0,0.0,2.0,1.0,2.0,1.0,1.0,1.0,1.0,1.0,1.0,0.0,1.0,1.0,0.0,0
1.0,2.0,0.4059529449714223,2.0,1.0,1.0,0.5651866011647716,0.5553488857212391,0.8018608308216486,3.0,2.0,1.0,1.0,1.0,2.0,0.0,0.0,1.0,0.0,1.0,1.0,0.0,0.0,1.0,0.0,0.0,0.0,2.0,1.0,0.0,1.0,1.0,0.0,1
0.0,0.0,0.4472088227382767,1.0,0.0,0.0,0.2608303362988201,0.2293199502739537,0.1904496412162511,0.0,0.0,1.0,1.0,0.0,0.0,1.0,1.0,1.0,1.0,0.0,2.0,1.0,2.0,0.0,2.0,1.0,0.0,0.0,1.0,0.0,1.0,1.0,0.0,0
1.0,1.0,0.4059529449714223,1.0,1.0,1.0,0.2608303362988201,0.3687130408412641,0.327141836566467,1.0,0.0,1.0,0.0,0.0,0.0,1.0,1.0,3.0,1.0,0.0,2.0,1.0,2.0,1.0,1.0,1.0,0.0,0.0,1.0,0.0,1.0,2.0,0.0,0
1.0,1.0,0.4472088227382767,1.0,1.0,0.0,0.5651866011647716,0.5553488857212391,0.8018608308216486,2.0,2.0,1.0,1.0,1.0,2.0,1.0,0.0,0.0,0.0,0.0,1.0,1.0,2.0,1.0,2.0,1.0,1.0,1.0,0.0,0.0,2.0,1.0,0.0,1
0.0,4.468984251376472,0.4059529449714223,1.0,4.5586237932754194,4.356682439232165,0.5651866011647716,0.5564735945485519,0.6868662286038777,5.102741184057091,6.884086322351143,1.0,0.0,0.0,0.0,0.0,0.0,2.0,1.0,0.0,0.0,1.0,2.0,1.0,5.350919003746875,1.0,0.0,0.0,0.0,0.0,1.0,1.0,1.0,1
1.0,0.0,0.4472088227382767,2.0,1.0,0.0,0.5651866011647716,0.5553488857212391,0.2034558286687758,2.0,3.0,1.0,1.0,1.0,2.0,1.0,1.0,2.0,1.0,1.0,2.0,1.0,1.0,1.0,0.0,1.0,0.0,2.0,1.0,1.0,1.0,1.0,1.0,1
0.0,0.0,0.4059529449714223,1.0,0.0,0.0,0.4567380973729042,0.5564735945485519,0.2949460533787621,1.0,2.0,1.0,1.0,1.0,0.0,1.0,1.0,1.0,1.0,0.0,1.0,1.0,1.0,1.0,1.0,2.0,2.0,2.0,0.0,0.0,0.0,1.0,1.0,1
0.0,2.0,0.4059529449714223,1.0,2.0,2.0,0.2608303362988201,0.2293199502739537,0.1904496412162511,1.0,0.0,0.0,0.0,0.0,0.0,1.0,1.0,3.0,1.0,0.0,1.0,1.0,2.0,0.0,0.0,0.0,2.0,2.0,1.0,1.0,2.0,2.0,0.0,0
0.0,2.0,0.4472088227382767,1.0,2.0,0.0,0.2608303362988201,0.2293199502739537,0.1904496412162511,0.0,0.0,0.0,0.0,0.0,1.0,0.0,0.0,3.0,1.0,0.0,0.0,0.0,0.0,0.0,0.0,1.0,2.0,2.0,0.0,1.0,1.0,0.0,1.0,1
0.0,0.0,0.4472088227382767,1.0,0.0,0.0,0.3592782301026135,0.2631793890457632,0.21308239366161,1.0,1.0,0.0,0.0,1.0,2.0,0.0,0.0,1.0,0.0,0.0,1.0,0.0,1.0,0.0,2.0,1.0,1.0,1.0,1.0,0.0,1.0,1.0,0.0,0
1.0,2.0,0.4059529449714223,1.0,1.0,1.0,0.2608303362988201,0.2293199502739537,0.1904496412162511,0.0,2.0,1.0,0.0,0.0,1.0,0.0,0.0,1.0,1.0,0.0,1.0,1.0,1.0,1.0,0.0,1.0,2.0,2.0,0.0,0.0,1.0,1.0,0.0,0
1.0,0.0,0.4059529449714223,1.0,1.0,0.0,0.4567380973729042,0.5564735945485519,0.6169676320272572,0.0,2.0,1.0,0.0,0.0,1.0,0.0,0.0,2.0,0.0,0.0,1.0,0.0,1.0,2.0,1.0,1.0,0.0,0.0,1.0,0.0,1.0,1.0,1.0,1
0.0,1.0,0.4472088227382767,1.0,0.0,0.0,0.2608303362988201,0.2293199502739537,0.1904496412162511,1.0,0.0,0.0,0.0,0.0,0.0,1.0,1.0,0.0,0.0,0.0,1.0,0.0,1.0,1.0,0.0,1.0,0.0,1.0,1.0,0.0,1.0,1.0,0.0,0
1.0,1.0,0.4059529449714223,1.0,1.0,0.0,0.3592782301026135,0.6003779812606473,0.6232770636518506,1.0,0.0,0.0,0.0,0.0,0.0,0.0,1.0,1.0,1.0,0.0,1.0,1.0,1.0,1.0,1.0,1.0,1.0,1.0,0.0,0.0,1.0,0.0,1.0,1
0.0,1.0,0.4472088227382767,0.0,0.0,0.0,0.3592782301026135,0.2631793890457632,0.060598685811633,0.0,0.0,0.0,0.0,1.0,2.0,1.0,1.0,0.0,1.0,0.0,2.0,1.0,1.0,1.0,0.0,0.0,0.0,1.0,0.0,0.0,0.0,0.0,1.0,0
1.0,0.0,0.4472088227382767,1.0,0.0,0.0,0.5651866011647716,0.5553488857212391,0.6424190800681431,1.0,1.0,0.0,0.0,1.0,1.0,0.0,0.0,0.0,0.0,1.0,0.0,0.0,2.0,0.0,1.0,1.0,1.0,1.0,0.0,0.0,1.0,1.0,1.0,1
0.0,0.0,,,0.0,0.0,0.3592782301026135,,0.2120954003407155,0.0,1.0,1.0,0.0,0.0,2.0,0.0,,0.0,1.0,,0.0,0.0,0.0,2.0,,2.0,2.0,,0.0,1.0,,,0.0,0
1.0,0.0,0.4472088227382767,1.0,0.0,0.0,0.4567380973729042,0.5564735945485519,0.6169676320272572,1.0,2.0,1.0,0.0,0.0,0.0,1.0,0.0,1.0,0.0,0.0,1.0,1.0,1.0,1.0,1.0,1.0,1.0,1.0,0.0,0.0,1.0,1.0,0.0,1
0.0,0.0,0.4059529449714223,1.0,0.0,0.0,0.5651866011647716,0.464504830773996,0.6316167566347161,0.0,2.0,1.0,0.0,0.0,0.0,1.0,0.0,0.0,0.0,0.0,1.0,1.0,1.0,1.0,1.0,1.0,0.0,2.0,0.0,0.0,1.0,1.0,0.0,0
0.0,1.0,0.4059529449714223,,0.0,,0.2608303362988201,0.2293199502739537,0.1904496412162511,0.0,,0.0,,1.0,,0.0,0.0,1.0,1.0,0.0,1.0,,1.0,1.0,0.0,,2.0,2.0,,0.0,1.0,1.0,,1
1.0,1.0,0.4059529449714223,1.0,1.0,1.0,0.2608303362988201,0.2293199502739537,0.1904496412162511,0.0,0.0,0.0,0.0,0.0,0.0,1.0,0.0,0.0,0.0,0.0,1.0,0.0,1.0,1.0,1.0,1.0,0.0,0.0,1.0,0.0,1.0,1.0,0.0,0
0.0,1.0,0.4472088227382767,1.0,2.0,0.0,0.5651866011647716,0.3687130408412641,0.3290034071550255,1.0,2.0,0.0,0.0,1.0,1.0,0.0,0.0,1.0,0.0,0.0,0.0,0.0,0.0,2.0,0.0,2.0,2.0,2.0,0.0,0.0,0.0,0.0,1.0,1
1.0,1.0,0.4059529449714223,1.0,1.0,1.0,0.5124929017603634,0.3687130408412641,0.4249802634312544,2.0,4.0,1.0,1.0,1.0,2.0,1.0,1.0,2.0,1.0,2.0,2.0,1.0,2.0,1.0,1.0,1.0,0.0,0.0,1.0,0.0,1.0,1.0,0.0,0
0.0,0.0,0.4059529449714223,0.0,0.0,0.0,0.3592782301026135,0.2631793890457632,0.21308239366161,0.0,2.0,1.0,0.0,0.0,0.0,0.0,0.0,0.0,0.0,0.0,0.0,0.0,1.0,1.0,1.0,1.0,0.0,0.0,0.0,0.0,1.0,1.0,1.0,1
1.0,0.0,0.4059529449714223,3.0,0.0,0.0,0.3592782301026135,0.5553488857212391,0.5235661555934129,1.0,4.0,1.0,1.0,1.0,2.0,1.0,1.0,2.0,1.0,1.0,1.0,1.0,2.0,1.0,2.0,1.0,1.0,0.0,1.0,0.0,2.0,1.0,1.0,0
0.0,0.0,0.4472088227382767,0.0,0.0,,0.5651866011647716,,0.3290034071550255,0.0,0.0,0.0,0.0,0.0,,,,0.0,0.0,0.0,1.0,0.0,0.0,1.0,1.0,1.0,,1.0,0.0,,,,0.0,0
1.0,1.0,0.4472088227382767,0.0,1.0,0.0,0.5651866011647716,0.5564735945485519,0.6868662286038777,0.0,0.0,1.0,0.0,0.0,0.0,0.0,0.0,2.0,1.0,1.0,0.0,0.0,1.0,1.0,0.0,1.0,1.0,1.0,0.0,0.0,1.0,1.0,0.0,1
0.0,0.0,0.4472088227382767,1.0,0.0,0.0,0.4567380973729042,0.3687130408412641,0.3290034071550255,0.0,0.0,0.0,1.0,1.0,0.0,0.0,0.0,1.0,1.0,0.0,1.0,1.0,1.0,1.0,1.0,1.0,2.0,2.0,1.0,0.0,1.0,1.0,0.0,0
0.0,0.0,0.4472088227382767,1.0,1.0,1.0,0.5124929017603634,0.6003779812606473,0.6232770636518506,1.0,0.0,1.0,0.0,0.0,0.0,0.0,0.0,2.0,1.0,0.0,2.0,0.0,1.0,1.0,2.0,1.0,2.0,2.0,1.0,0.0,1.0,1.0,0.0,1
1.0,0.0,0.4472088227382767,1.0,1.0,1.0,0.3592782301026135,0.5553488857212391,0.4249802634312544,2.0,2.0,1.0,0.0,1.0,1.0,1.0,1.0,3.0,1.0,1.0,1.0,1.0,2.0,1.0,1.0,1.0,0.0,0.0,1.0,0.0,1.0,1.0,1.0,0
0.0,0.0,0.4472088227382767,0.0,0.0,0.0,0.3592782301026135,0.464504830773996,0.6316167566347161,1.0,3.0,1.0,1.0,1.0,2.0,1.0,1.0,0.0,0.0,0.0,2.0,1.0,2.0,1.0,0.0,1.0,2.0,2.0,1.0,0.0,2.0,2.0,0.0,0
0.0,1.0,0.4059529449714223,2.0,1.0,1.0,0.2608303362988201,0.3687130408412641,0.327141836566467,1.0,0.0,1.0,1.0,0.0,1.0,1.0,1.0,3.0,1.0,1.0,2.0,1.0,2.0,1.0,1.0,1.0,1.0,1.0,1.0,1.0,2.0,2.0,1.0,0
1.0,0.0,0.4472088227382767,0.0,1.0,1.0,0.5651866011647716,0.5564735945485519,0.6169676320272572,0.0,1.0,0.0,0.0,0.0,2.0,0.0,0.0,0.0,0.0,0.0,0.0,0.0,0.0,1.0,1.0,1.0,2.0,0.0,0.0,0.0,0.0,0.0,0.0,1
0.0,3.468984251376473,0.4472088227382767,1.0,3.55862379327542,3.3566824392321646,0.2608303362988201,0.2293199502739537,0.1904496412162511,5.102741184057091,6.884086322351143,0.0,0.0,0.0,0.0,1.0,0.0,1.0,1.0,0.0,1.0,1.0,0.0,2.0,5.350919003746875,1.0,1.0,1.0,0.0,0.0,1.0,1.0,1.0,0
0.0,1.0,0.4059529449714223,1.0,1.0,1.0,0.5651866011647716,0.3687130408412641,0.3290034071550255,1.0,1.0,1.0,0.0,0.0,0.0,0.0,0.0,2.0,1.0,0.0,1.0,1.0,0.0,2.0,0.0,1.0,0.0,1.0,0.0,0.0,1.0,1.0,0.0,1
0.0,1.0,0.4059529449714223,1.0,0.0,0.0,0.2608303362988201,0.2293199502739537,0.1904496412162511,1.0,0.0,0.0,0.0,0.0,0.0,0.0,0.0,0.0,0.0,0.0,0.0,1.0,0.0,1.0,1.0,1.0,0.0,0.0,0.0,0.0,1.0,2.0,1.0,0
0.0,0.0,0.4472088227382767,1.0,0.0,0.0,0.3592782301026135,0.464504830773996,0.2300776074200265,1.0,0.0,0.0,0.0,0.0,0.0,1.0,1.0,0.0,0.0,0.0,1.0,1.0,2.0,1.0,1.0,1.0,0.0,0.0,0.0,0.0,0.0,0.0,0.0,0
1.0,0.0,0.4472088227382767,1.0,0.0,0.0,0.2608303362988201,0.2293199502739537,0.1904496412162511,0.0,1.0,1.0,0.0,0.0,1.0,0.0,0.0,1.0,1.0,1.0,1.0,0.0,1.0,1.0,1.0,1.0,2.0,2.0,1.0,0.0,1.0,1.0,0.0,0
0.0,2.0,0.4472088227382767,0.0,1.0,1.0,0.3592782301026135,0.5553488857212391,0.3560477001703578,0.0,1.0,1.0,0.0,1.0,1.0,0.0,0.0,0.0,0.0,0.0,0.0,0.0,2.0,1.0,0.0,1.0,1.0,2.0,0.0,0.0,1.0,1.0,1.0,0
0.0,2.0,,,2.0,2.0,0.2608303362988201,,0.327141836566467,3.0,,0.0,,0.0,0.0,0.0,0.0,,1.0,1.0,1.0,1.0,2.0,0.0,0.0,,0.0,,1.0,0.0,2.0,2.0,,0
0.0,0.0,0.4472088227382767,1.0,0.0,0.0,0.4567380973729042,0.6003779812606473,0.4021991636983119,1.0,1.0,1.0,1.0,0.0,0.0,1.0,1.0,2.0,1.0,0.0,2.0,1.0,1.0,1.0,0.0,1.0,0.0,1.0,0.0,0.0,1.0,1.0,1.0,1
0.0,0.0,0.4472088227382767,1.0,0.0,0.0,0.5651866011647716,0.5564735945485519,0.4963900381276872,1.0,1.0,1.0,0.0,1.0,1.0,1.0,1.0,0.0,0.0,0.0,0.0,1.0,2.0,2.0,1.0,1.0,1.0,2.0,0.0,0.0,0.0,1.0,0.0,0
0.0,2.0,0.4059529449714223,0.0,0.0,0.0,0.5124929017603634,0.5068458577828254,0.3835483085908981,0.0,0.0,1.0,0.0,1.0,2.0,0.0,0.0,0.0,0.0,0.0,1.0,1.0,1.0,1.0,0.0,1.0,1.0,1.0,0.0,0.0,2.0,1.0,0.0,0
1.0,2.0,0.4059529449714223,3.0,0.0,0.0,0.2608303362988201,0.2293199502739537,0.1904496412162511,0.0,1.0,0.0,0.0,0.0,0.0,0.0,0.0,2.0,0.0,0.0,0.0,0.0,0.0,2.0,1.0,0.0,2.0,2.0,0.0,0.0,0.0,0.0,1.0,0
1.0,2.0,0.4059529449714223,1.0,2.0,2.0,0.2608303362988201,0.2293199502739537,0.1904496412162511,0.0,0.0,1.0,0.0,1.0,2.0,1.0,0.0,3.0,1.0,2.0,0.0,0.0,1.0,2.0,1.0,1.0,2.0,2.0,0.0,0.0,1.0,1.0,1.0,0
0.0,0.0,0.4472088227382767,1.0,1.0,0.0,0.4567380973729042,0.6003779812606473,0.6232770636518506,1.0,2.0,1.0,1.0,1.0,2.0,0.0,0.0,1.0,0.0,0.0,0.0,1.0,0.0,1.0,1.0,2.0,1.0,2.0,0.0,0.0,0.0,0.0,1.0,1
0.0,4.468984251376472,0.4059529449714223,0.0,5.5586237932754194,3.3566824392321646,0.4567380973729042,0.5564735945485519,0.7591679368779701,5.102741184057091,5.884086322351143,1.0,0.0,0.0,0.0,0.0,0.0,0.0,0.0,0.0,0.0,0.0,0.0,2.0,5.350919003746875,1.0,2.0,2.0,0.0,0.0,1.0,0.0,1.0,1
0.0,1.0,0.4778534923339012,1.0,1.0,1.0,0.5651866011647716,0.5564735945485519,0.9680106000378572,2.0,1.0,1.0,0.0,0.0,0.0,1.0,1.0,1.0,1.0,1.0,1.0,1.0,2.0,1.0,0.0,1.0,0.0,1.0,1.0,0.0,1.0,1.0,0.0,1
0.0,1.0,0.4059529449714223,1.0,0.0,0.0,0.3592782301026135,0.5564735945485519,0.4963900381276872,1.0,2.0,1.0,0.0,0.0,0.0,1.0,1.0,1.0,1.0,0.0,0.0,1.0,2.0,1.0,2.0,1.0,1.0,1.0,1.0,0.0,2.0,1.0,0.0,0
1.0,3.468984251376473,0.4472088227382767,1.0,3.55862379327542,3.3566824392321646,0.5651866011647716,0.5068458577828254,0.4981509951385715,5.102741184057091,6.884086322351143,0.0,0.0,1.0,1.0,0.0,0.0,3.0,0.0,0.0,0.0,0.0,1.0,1.0,4.350919003746875,0.0,1.0,2.0,0.0,0.0,1.0,1.0,0.0,0
,1.0,0.4472088227382767,,1.0,1.0,0.4567380973729042,0.3687130408412641,0.6480146769754948,2.0,,1.0,,1.0,2.0,,1.0,1.0,1.0,,2.0,1.0,2.0,,0.0,1.0,0.0,1.0,1.0,,,1.0,1.0,1
0.0,0.0,,1.0,,0.0,0.5651866011647716,0.6003779812606473,0.6232770636518506,,,1.0,0.0,0.0,1.0,,,0.0,0.0,0.0,0.0,1.0,,,1.0,2.0,2.0,2.0,0.0,0.0,0.0,,1.0,1
0.0,1.0,0.4059529449714223,1.0,1.0,0.0,0.2608303362988201,0.2293199502739537,0.5616127200454287,0.0,0.0,0.0,0.0,0.0,0.0,0.0,0.0,0.0,0.0,0.0,0.0,0.0,0.0,0.0,1.0,1.0,0.0,0.0,0.0,1.0,1.0,1.0,1.0,1
0.0,0.0,0.4059529449714223,1.0,1.0,1.0,0.3592782301026135,0.2631793890457632,0.21308239366161,0.0,2.0,1.0,1.0,1.0,2.0,1.0,1.0,1.0,1.0,2.0,2.0,1.0,2.0,2.0,2.0,2.0,0.0,0.0,0.0,0.0,1.0,0.0,0.0,0
1.0,2.0,0.4778534923339012,0.0,1.0,1.0,0.5651866011647716,0.464504830773996,0.6316167566347161,1.0,2.0,1.0,1.0,0.0,2.0,0.0,0.0,1.0,0.0,0.0,0.0,0.0,2.0,0.0,1.0,2.0,1.0,0.0,0.0,0.0,0.0,2.0,1.0,1
1.0,0.0,0.4472088227382767,0.0,0.0,0.0,0.3592782301026135,0.464504830773996,0.2300776074200265,1.0,0.0,1.0,0.0,1.0,2.0,1.0,1.0,2.0,1.0,0.0,2.0,1.0,2.0,1.0,1.0,1.0,0.0,0.0,1.0,0.0,1.0,1.0,0.0,0
0.0,1.0,0.4059529449714223,1.0,1.0,1.0,0.2608303362988201,0.2293199502739537,0.1904496412162511,1.0,0.0,1.0,1.0,0.0,0.0,1.0,1.0,3.0,1.0,0.0,1.0,0.0,1.0,1.0,1.0,1.0,0.0,1.0,1.0,0.0,1.0,1.0,0.0,0
1.0,2.0,0.4059529449714223,1.0,2.0,2.0,0.5651866011647716,0.5564735945485519,0.4249802634312544,1.0,0.0,0.0,0.0,0.0,1.0,1.0,0.0,1.0,0.0,0.0,2.0,1.0,1.0,0.0,1.0,1.0,2.0,2.0,0.0,0.0,1.0,1.0,0.0,0
1.0,1.0,0.4059529449714223,1.0,1.0,1.0,0.2608303362988201,0.2293199502739537,0.1904496412162511,0.0,0.0,0.0,0.0,0.0,0.0,1.0,0.0,0.0,0.0,0.0,1.0,0.0,1.0,1.0,1.0,1.0,0.0,0.0,1.0,0.0,1.0,1.0,0.0,0
0.0,2.0,0.4059529449714223,1.0,2.0,2.0,0.2608303362988201,0.2293199502739537,0.1904496412162511,1.0,0.0,0.0,0.0,0.0,0.0,1.0,0.0,3.0,1.0,0.0,1.0,1.0,2.0,0.0,1.0,1.0,2.0,2.0,1.0,0.0,2.0,2.0,0.0,0
0.0,4.468984251376472,0.4059529449714223,1.0,4.5586237932754194,4.356682439232165,0.2608303362988201,0.2293199502739537,0.1904496412162511,5.102741184057091,5.884086322351143,0.0,0.0,0.0,0.0,1.0,0.0,3.0,1.0,0.0,2.0,1.0,2.0,1.0,4.350919003746875,1.0,1.0,1.0,1.0,0.0,1.0,1.0,0.0,0
1.0,1.0,0.4059529449714223,1.0,2.0,2.0,0.5651866011647716,0.5068458577828254,0.6695059625212947,1.0,3.0,1.0,1.0,1.0,2.0,1.0,1.0,2.0,1.0,2.0,2.0,1.0,2.0,0.0,1.0,1.0,2.0,2.0,1.0,0.0,1.0,2.0,1.0,0
1.0,2.0,0.4059529449714223,3.0,2.0,2.0,0.2608303362988201,0.2293199502739537,0.4520159000567859,1.0,2.0,1.0,0.0,1.0,2.0,0.0,1.0,2.0,1.0,1.0,1.0,1.0,1.0,1.0,2.0,1.0,1.0,1.0,1.0,0.0,1.0,1.0,1.0,1
1.0,0.0,0.4472088227382767,0.0,1.0,1.0,0.5651866011647716,0.464504830773996,0.6316167566347161,1.0,0.0,1.0,1.0,0.0,0.0,1.0,0.0,2.0,1.0,0.0,1.0,0.0,1.0,1.0,0.0,2.0,1.0,1.0,1.0,0.0,1.0,1.0,0.0,1
0.0,0.0,0.4472088227382767,0.0,0.0,0.0,0.5651866011647716,0.464504830773996,0.6316167566347161,0.0,0.0,1.0,0.0,0.0,0.0,0.0,0.0,0.0,0.0,0.0,1.0,1.0,1.0,1.0,1.0,2.0,1.0,1.0,0.0,0.0,1.0,1.0,1.0,1
1.0,1.0,0.4059529449714223,1.0,1.0,1.0,0.5651866011647716,0.5553488857212391,0.6424190800681431,1.0,0.0,1.0,0.0,0.0,0.0,0.0,0.0,0.0,0.0,0.0,1.0,0.0,1.0,1.0,1.0,1.0,0.0,0.0,0.0,0.0,1.0,2.0,0.0,0
1.0,1.0,0.4059529449714223,2.0,0.0,0.0,0.3592782301026135,0.2631793890457632,0.2692625943051838,3.0,3.0,1.0,1.0,0.0,1.0,1.0,1.0,1.0,1.0,1.0,1.0,1.0,2.0,1.0,1.0,1.0,1.0,1.0,1.0,0.0,1.0,1.0,0.0,0
0.0,1.0,0.4059529449714223,1.0,0.0,0.0,0.3592782301026135,0.464504830773996,0.21308239366161,0.0,3.0,1.0,1.0,1.0,2.0,1.0,1.0,2.0,1.0,0.0,2.0,1.0,1.0,1.0,1.0,1.0,2.0,0.0,1.0,1.0,2.0,1.0,1.0,0
0.0,1.0,0.4059529449714223,1.0,1.0,1.0,0.3592782301026135,0.2631793890457632,0.21308239366161,0.0,0.0,0.0,0.0,0.0,0.0,0.0,0.0,0.0,0.0,0.0,0.0,0.0,0.0,1.0,1.0,1.0,1.0,1.0,0.0,0.0,0.0,0.0,0.0,0
1.0,1.0,0.4059529449714223,2.0,1.0,1.0,0.5651866011647716,0.6003779812606473,0.6232770636518506,2.0,4.0,1.0,1.0,1.0,2.0,1.0,1.0,3.0,1.0,2.0,2.0,1.0,2.0,0.0,1.0,1.0,0.0,0.0,1.0,0.0,1.0,2.0,0.0,0
1.0,3.468984251376473,0.4472088227382767,1.0,3.55862379327542,3.3566824392321646,0.3592782301026135,0.2631793890457632,0.3227909043774535,6.102741184057091,6.884086322351143,1.0,0.0,1.0,2.0,1.0,0.0,1.0,1.0,0.0,1.0,0.0,2.0,1.0,3.350919003746875,2.0,2.0,2.0,0.0,1.0,1.0,1.0,0.0,0
0.0,1.0,0.4059529449714223,1.0,2.0,2.0,0.2608303362988201,0.2293199502739537,0.1904496412162511,2.0,1.0,0.0,0.0,0.0,0.0,1.0,0.0,2.0,1.0,0.0,1.0,1.0,2.0,1.0,1.0,1.0,2.0,2.0,1.0,0.0,1.0,1.0,0.0,0
1.0,1.0,0.4059529449714223,1.0,1.0,0.0,0.5124929017603634,0.5564735945485519,0.9680106000378572,2.0,2.0,1.0,0.0,0.0,0.0,1.0,1.0,1.0,1.0,0.0,2.0,1.0,2.0,1.0,0.0,1.0,1.0,1.0,1.0,0.0,2.0,2.0,1.0,1
0.0,2.0,0.4059529449714223,2.0,1.0,1.0,0.3592782301026135,0.2631793890457632,0.21308239366161,1.0,3.0,1.0,1.0,1.0,2.0,1.0,1.0,3.0,1.0,0.0,2.0,1.0,2.0,1.0,1.0,1.0,1.0,1.0,1.0,0.0,1.0,1.0,1.0,0
1.0,1.0,0.4059529449714223,1.0,2.0,1.0,0.4567380973729042,0.3687130408412641,0.6480146769754948,3.0,1.0,1.0,1.0,1.0,2.0,1.0,1.0,1.0,1.0,2.0,2.0,1.0,2.0,0.0,2.0,2.0,2.0,2.0,1.0,1.0,2.0,2.0,1.0,1
1.0,0.0,0.4472088227382767,1.0,0.0,0.0,0.3592782301026135,,0.5235661555934129,,2.0,,0.0,1.0,,0.0,,1.0,1.0,0.0,,0.0,2.0,1.0,2.0,0.0,,,0.0,0.0,,0.0,1.0,1
1.0,1.0,0.4059529449714223,1.0,2.0,0.0,0.5651866011647716,0.464504830773996,0.6316167566347161,1.0,2.0,1.0,1.0,1.0,2.0,0.0,0.0,3.0,1.0,1.0,0.0,0.0,0.0,2.0,1.0,1.0,2.0,2.0,0.0,0.0,1.0,0.0,0.0,1
1.0,1.0,0.4059529449714223,0.0,1.0,1.0,0.5651866011647716,0.3687130408412641,0.327141836566467,1.0,3.0,1.0,0.0,0.0,1.0,1.0,1.0,1.0,1.0,0.0,2.0,1.0,2.0,1.0,0.0,1.0,1.0,1.0,1.0,0.0,2.0,1.0,0.0,0
0.0,0.0,0.4059529449714223,1.0,1.0,1.0,0.2608303362988201,0.2293199502739537,0.1904496412162511,1.0,0.0,1.0,1.0,1.0,2.0,1.0,1.0,3.0,1.0,1.0,2.0,1.0,1.0,1.0,1.0,1.0,0.0,0.0,1.0,0.0,1.0,1.0,0.0,0
0.0,0.0,0.4472088227382767,1.0,0.0,0.0,0.5651866011647716,0.3687130408412641,0.3290034071550255,1.0,1.0,0.0,1.0,0.0,0.0,1.0,1.0,2.0,1.0,0.0,1.0,1.0,1.0,1.0,1.0,0.0,1.0,1.0,0.0,0.0,1.0,1.0,0.0,0
0.0,0.0,0.4059529449714223,1.0,0.0,0.0,0.3592782301026135,0.2631793890457632,0.3227909043774535,2.0,2.0,1.0,1.0,1.0,2.0,1.0,1.0,3.0,1.0,0.0,2.0,1.0,1.0,1.0,1.0,2.0,1.0,1.0,0.0,0.0,1.0,1.0,1.0,0
1.0,0.0,0.4472088227382767,1.0,0.0,0.0,0.5651866011647716,0.464504830773996,0.6316167566347161,0.0,2.0,1.0,0.0,1.0,2.0,0.0,0.0,1.0,1.0,0.0,0.0,1.0,0.0,2.0,0.0,2.0,1.0,2.0,0.0,0.0,0.0,0.0,0.0,1
0.0,1.0,0.4059529449714223,1.0,0.0,0.0,0.4567380973729042,0.5564735945485519,0.2949460533787621,1.0,2.0,1.0,1.0,1.0,0.0,0.0,0.0,3.0,1.0,0.0,1.0,0.0,2.0,2.0,2.0,1.0,1.0,2.0,0.0,0.0,1.0,0.0,1.0,0
1.0,1.0,0.4059529449714223,2.0,1.0,0.0,0.5651866011647716,0.5564735945485519,0.6026878667423812,1.0,2.0,1.0,1.0,0.0,0.0,1.0,1.0,2.0,1.0,0.0,2.0,1.0,1.0,1.0,0.0,1.0,1.0,1.0,0.0,0.0,1.0,1.0,1.0,1
0.0,0.0,0.4059529449714223,1.0,0.0,0.0,0.3592782301026135,0.2631793890457632,0.4249802634312544,2.0,2.0,1.0,0.0,1.0,0.0,1.0,1.0,0.0,1.0,1.0,2.0,1.0,2.0,1.0,1.0,1.0,1.0,1.0,1.0,1.0,2.0,2.0,1.0,0
0.0,0.0,0.4059529449714223,1.0,0.0,0.0,0.3592782301026135,0.5564735945485519,0.2445850571915308,0.0,0.0,0.0,0.0,0.0,0.0,0.0,0.0,0.0,0.0,0.0,0.0,1.0,2.0,1.0,1.0,1.0,0.0,0.0,0.0,0.0,1.0,1.0,0.0,0
0.0,1.0,0.4472088227382767,1.0,0.0,0.0,0.5651866011647716,0.5564735945485519,0.4931082546074028,1.0,1.0,1.0,0.0,0.0,0.0,0.0,1.0,0.0,0.0,0.0,2.0,1.0,1.0,1.0,2.0,1.0,1.0,2.0,0.0,0.0,0.0,0.0,1.0,1
0.0,3.468984251376473,0.4472088227382767,1.0,4.5586237932754194,4.356682439232165,0.2608303362988201,0.2293199502739537,0.1904496412162511,4.102741184057091,5.884086322351143,0.0,0.0,0.0,0.0,0.0,0.0,0.0,0.0,0.0,0.0,0.0,0.0,1.0,4.350919003746875,1.0,1.0,1.0,0.0,0.0,0.0,0.0,0.0,0
1.0,1.0,0.4059529449714223,1.0,1.0,1.0,0.2608303362988201,0.5068458577828254,0.4981509951385715,0.0,2.0,1.0,0.0,0.0,0.0,0.0,0.0,1.0,1.0,1.0,1.0,1.0,2.0,1.0,0.0,1.0,0.0,0.0,0.0,0.0,1.0,1.0,0.0,1
0.0,0.0,0.4059529449714223,2.0,1.0,1.0,0.4567380973729042,0.3687130408412641,0.6480146769754948,2.0,3.0,1.0,1.0,1.0,2.0,1.0,1.0,2.0,1.0,0.0,2.0,1.0,1.0,1.0,1.0,1.0,1.0,0.0,1.0,0.0,1.0,1.0,0.0,0
0.0,0.0,0.4472088227382767,1.0,0.0,0.0,0.5124929017603634,0.5068458577828254,0.4981509951385715,0.0,2.0,1.0,1.0,1.0,2.0,0.0,0.0,1.0,0.0,0.0,0.0,1.0,1.0,1.0,1.0,1.0,1.0,1.0,0.0,0.0,1.0,1.0,1.0,1
0.0,0.0,0.4059529449714223,1.0,0.0,0.0,0.5651866011647716,0.5564735945485519,0.6868662286038777,0.0,1.0,1.0,1.0,1.0,2.0,1.0,1.0,1.0,1.0,2.0,2.0,1.0,2.0,2.0,2.0,2.0,2.0,2.0,1.0,1.0,2.0,2.0,1.0,1
1.0,0.0,0.4472088227382767,1.0,0.0,0.0,0.3592782301026135,0.2631793890457632,0.1186825667234526,1.0,1.0,1.0,0.0,1.0,1.0,0.0,0.0,1.0,1.0,1.0,1.0,0.0,2.0,1.0,1.0,1.0,2.0,2.0,0.0,0.0,1.0,0.0,1.0,0
1.0,1.0,0.4059529449714223,1.0,0.0,0.0,0.4567380973729042,0.5564735945485519,0.2949460533787621,1.0,2.0,0.0,1.0,0.0,0.0,1.0,0.0,1.0,1.0,0.0,1.0,1.0,1.0,2.0,0.0,0.0,1.0,0.0,0.0,0.0,1.0,0.0,1.0,1
1.0,2.0,0.4059529449714223,1.0,2.0,2.0,0.5651866011647716,0.3687130408412641,0.327141836566467,3.0,0.0,1.0,0.0,0.0,0.0,1.0,1.0,3.0,1.0,1.0,2.0,1.0,2.0,2.0,1.0,0.0,0.0,0.0,1.0,0.0,2.0,1.0,0.0,0
0.0,1.0,0.4059529449714223,1.0,0.0,0.0,0.3592782301026135,0.2631793890457632,0.21308239366161,0.0,2.0,1.0,1.0,1.0,1.0,1.0,1.0,2.0,1.0,1.0,2.0,1.0,2.0,1.0,1.0,1.0,0.0,0.0,1.0,1.0,1.0,1.0,1.0,0
0.0,0.0,0.4059529449714223,1.0,0.0,0.0,0.3592782301026135,0.464504830773996,0.2300776074200265,1.0,2.0,1.0,0.0,0.0,0.0,1.0,1.0,0.0,0.0,0.0,2.0,1.0,2.0,1.0,1.0,1.0,1.0,1.0,0.0,1.0,1.0,1.0,1.0,0
1.0,5.468984251376472,0.4059529449714223,1.0,5.5586237932754194,3.3566824392321646,0.5651866011647716,0.5564735945485519,0.5706984667802385,7.102741184057091,8.884086322351143,1.0,1.0,0.0,0.0,0.0,0.0,2.0,1.0,0.0,1.0,0.0,2.0,1.0,4.350919003746875,1.0,0.0,2.0,0.0,0.0,1.0,1.0,1.0,1
0.0,0.0,0.4472088227382767,1.0,1.0,0.0,0.5651866011647716,0.3687130408412641,0.3290034071550255,1.0,1.0,1.0,0.0,0.0,1.0,0.0,0.0,2.0,1.0,0.0,1.0,1.0,1.0,1.0,1.0,1.0,1.0,1.0,0.0,0.0,1.0,1.0,0.0,1
0.0,0.0,0.4472088227382767,0.0,0.0,0.0,0.4567380973729042,0.5068458577828254,0.4249802634312544,0.0,1.0,1.0,0.0,1.0,1.0,0.0,0.0,0.0,0.0,0.0,1.0,0.0,1.0,1.0,2.0,1.0,2.0,2.0,1.0,0.0,1.0,1.0,0.0,0
1.0,1.0,0.4059529449714223,1.0,1.0,1.0,0.5651866011647716,0.3687130408412641,0.327141836566467,,1.0,1.0,1.0,,,1.0,1.0,,1.0,1.0,2.0,1.0,,1.0,,,,1.0,1.0,,1.0,1.0,1.0,1
1.0,1.0,0.4059529449714223,2.0,1.0,1.0,0.2608303362988201,0.2293199502739537,0.1904496412162511,1.0,4.0,1.0,1.0,1.0,2.0,1.0,1.0,3.0,1.0,0.0,2.0,1.0,2.0,1.0,1.0,1.0,0.0,0.0,1.0,0.0,1.0,2.0,1.0,0
1.0,1.0,0.4059529449714223,0.0,1.0,0.0,0.3592782301026135,0.5564735945485519,0.6868662286038777,1.0,2.0,1.0,1.0,0.0,0.0,0.0,0.0,0.0,0.0,1.0,1.0,0.0,0.0,1.0,1.0,1.0,1.0,2.0,1.0,0.0,1.0,0.0,0.0,1
1.0,2.0,0.4472088227382767,1.0,1.0,1.0,0.5651866011647716,0.5068458577828254,0.3030238500851788,1.0,1.0,0.0,0.0,1.0,2.0,0.0,1.0,0.0,0.0,0.0,1.0,1.0,2.0,1.0,1.0,1.0,2.0,1.0,1.0,0.0,1.0,1.0,0.0,0
1.0,0.0,0.4472088227382767,1.0,0.0,0.0,0.3592782301026135,0.2631793890457632,0.4848381601362862,1.0,0.0,0.0,0.0,1.0,2.0,0.0,0.0,0.0,0.0,0.0,0.0,0.0,1.0,2.0,1.0,2.0,1.0,2.0,0.0,0.0,0.0,0.0,0.0,0
1.0,0.0,0.4059529449714223,3.0,2.0,2.0,0.3592782301026135,0.2631793890457632,0.2692625943051838,3.0,4.0,1.0,1.0,1.0,2.0,1.0,1.0,3.0,1.0,0.0,2.0,1.0,2.0,0.0,0.0,1.0,0.0,1.0,1.0,0.0,2.0,2.0,0.0,0
1.0,1.0,0.4059529449714223,1.0,1.0,1.0,0.2608303362988201,0.5068458577828254,0.4981509951385715,0.0,2.0,1.0,0.0,0.0,0.0,0.0,0.0,1.0,1.0,1.0,1.0,1.0,2.0,1.0,0.0,1.0,0.0,0.0,0.0,0.0,1.0,1.0,0.0,1
1.0,2.0,0.4059529449714223,3.0,2.0,1.0,0.3592782301026135,0.2631793890457632,0.2692625943051838,3.0,4.0,1.0,1.0,1.0,2.0,1.0,1.0,3.0,1.0,2.0,2.0,1.0,2.0,1.0,1.0,1.0,2.0,2.0,1.0,1.0,2.0,2.0,1.0,1
1.0,1.0,0.4059529449714223,2.0,2.0,1.0,0.5651866011647716,0.5564735945485519,0.7120954003407155,2.0,1.0,0.0,0.0,1.0,2.0,0.0,1.0,2.0,1.0,1.0,0.0,1.0,1.0,1.0,2.0,0.0,1.0,2.0,1.0,0.0,2.0,1.0,1.0,1
0.0,0.0,0.4472088227382767,1.0,0.0,0.0,0.5124929017603634,0.5068458577828254,0.3835483085908981,0.0,3.0,1.0,1.0,1.0,2.0,0.0,0.0,2.0,1.0,0.0,0.0,0.0,1.0,1.0,0.0,1.0,2.0,2.0,1.0,0.0,1.0,1.0,1.0,1
1.0,0.0,0.4472088227382767,0.0,0.0,0.0,0.5124929017603634,0.5068458577828254,0.6695059625212947,1.0,2.0,1.0,1.0,1.0,2.0,0.0,0.0,1.0,1.0,1.0,1.0,1.0,2.0,0.0,1.0,2.0,2.0,2.0,1.0,0.0,1.0,1.0,1.0,0
,,0.4472088227382767,,0.0,,0.3592782301026135,0.2631793890457632,,0.0,0.0,1.0,0.0,0.0,2.0,0.0,0.0,,0.0,,,0.0,,2.0,2.0,1.0,2.0,2.0,0.0,0.0,2.0,1.0,1.0,0
0.0,0.0,0.4472088227382767,1.0,0.0,0.0,0.5124929017603634,0.464504830773996,0.6316167566347161,0.0,0.0,1.0,0.0,1.0,1.0,0.0,0.0,1.0,1.0,0.0,1.0,0.0,1.0,1.0,1.0,2.0,2.0,2.0,0.0,0.0,1.0,0.0,1.0,1
1.0,2.0,0.4059529449714223,1.0,2.0,2.0,0.4567380973729042,0.464504830773996,0.6316167566347161,1.0,2.0,1.0,1.0,0.0,0.0,0.0,0.0,3.0,1.0,0.0,2.0,0.0,2.0,0.0,1.0,1.0,2.0,2.0,0.0,0.0,1.0,1.0,0.0,0
0.0,1.0,0.4059529449714223,,1.0,1.0,0.4567380973729042,0.5564735945485519,0.7591679368779701,,3.0,,1.0,,2.0,1.0,,,1.0,0.0,,1.0,2.0,1.0,1.0,1.0,1.0,0.0,,0.0,2.0,,1.0,0
0.0,0.0,0.4472088227382767,0.0,,0.0,0.5651866011647716,,0.4981509951385715,0.0,,1.0,1.0,1.0,2.0,,0.0,0.0,1.0,,0.0,0.0,,1.0,2.0,1.0,,2.0,0.0,,0.0,,0.0,0
0.0,1.0,0.4059529449714223,0.0,0.0,0.0,0.5124929017603634,0.5068458577828254,0.327141836566467,0.0,0.0,0.0,0.0,1.0,2.0,1.0,1.0,0.0,0.0,0.0,0.0,0.0,0.0,1.0,0.0,1.0,1.0,1.0,1.0,0.0,1.0,1.0,0.0,0
1.0,1.0,0.4059529449714223,,,2.0,0.4567380973729042,0.6003779812606473,0.6424190800681431,1.0,,,1.0,0.0,,1.0,0.0,,0.0,0.0,1.0,,1.0,2.0,2.0,2.0,2.0,2.0,0.0,,1.0,1.0,,0
0.0,1.0,0.4472088227382767,0.0,0.0,0.0,0.5651866011647716,0.5068458577828254,0.4981509951385715,0.0,0.0,1.0,1.0,1.0,2.0,1.0,0.0,0.0,0.0,0.0,1.0,0.0,1.0,2.0,2.0,1.0,2.0,0.0,0.0,0.0,0.0,0.0,0.0,1
0.0,0.0,0.4059529449714223,1.0,0.0,0.0,0.3592782301026135,0.464504830773996,0.2300776074200265,1.0,0.0,0.0,0.0,0.0,0.0,0.0,0.0,0.0,0.0,0.0,0.0,0.0,0.0,1.0,0.0,2.0,2.0,2.0,0.0,1.0,0.0,0.0,0.0,0
0.0,0.0,0.4059529449714223,0.0,1.0,1.0,0.5124929017603634,0.5068458577828254,0.3030238500851788,1.0,2.0,1.0,1.0,0.0,0.0,0.0,0.0,3.0,1.0,0.0,2.0,1.0,2.0,1.0,0.0,1.0,1.0,1.0,0.0,0.0,1.0,1.0,0.0,0
0.0,1.0,0.4059529449714223,1.0,1.0,1.0,0.3592782301026135,0.464504830773996,0.2300776074200265,1.0,0.0,1.0,1.0,1.0,2.0,1.0,1.0,1.0,1.0,0.0,1.0,1.0,2.0,1.0,0.0,1.0,0.0,0.0,1.0,0.0,1.0,1.0,1.0,0
0.0,0.0,0.4472088227382767,0.0,0.0,0.0,0.5651866011647716,0.464504830773996,0.6316167566347161,0.0,2.0,1.0,0.0,0.0,0.0,1.0,0.0,0.0,0.0,0.0,1.0,1.0,1.0,0.0,1.0,1.0,2.0,2.0,0.0,0.0,1.0,1.0,0.0,1
1.0,0.0,0.4059529449714223,1.0,2.0,2.0,0.2608303362988201,0.2293199502739537,0.1904496412162511,0.0,1.0,1.0,1.0,0.0,0.0,1.0,1.0,1.0,1.0,0.0,2.0,1.0,2.0,0.0,0.0,0.0,2.0,0.0,1.0,0.0,1.0,2.0,0.0,0
0.0,2.0,0.4059529449714223,0.0,2.0,2.0,0.2608303362988201,0.2293199502739537,0.1904496412162511,1.0,1.0,0.0,0.0,0.0,0.0,0.0,0.0,1.0,1.0,0.0,0.0,1.0,1.0,0.0,1.0,0.0,1.0,1.0,1.0,1.0,2.0,1.0,1.0,0
0.0,1.0,0.4059529449714223,1.0,0.0,0.0,0.3592782301026135,0.464504830773996,0.2300776074200265,1.0,0.0,1.0,0.0,0.0,0.0,1.0,1.0,2.0,1.0,0.0,2.0,1.0,2.0,0.0,0.0,1.0,1.0,1.0,1.0,0.0,1.0,1.0,0.0,0
0.0,0.0,0.4472088227382767,1.0,0.0,0.0,0.3592782301026135,0.2631793890457632,0.1186825667234526,1.0,0.0,0.0,0.0,0.0,0.0,0.0,0.0,0.0,0.0,1.0,1.0,1.0,1.0,1.0,1.0,1.0,2.0,2.0,1.0,0.0,1.0,1.0,0.0,0
1.0,0.0,0.4059529449714223,0.0,0.0,0.0,0.5651866011647716,0.5553488857212391,0.2848381601362862,0.0,2.0,1.0,1.0,1.0,1.0,1.0,1.0,1.0,1.0,1.0,1.0,1.0,1.0,1.0,2.0,2.0,2.0,2.0,0.0,1.0,1.0,0.0,1.0,0
0.0,0.0,0.4472088227382767,1.0,1.0,1.0,0.3592782301026135,0.3687130408412641,0.3290034071550255,1.0,1.0,1.0,0.0,0.0,1.0,0.0,0.0,1.0,0.0,0.0,1.0,1.0,1.0,1.0,0.0,0.0,2.0,2.0,0.0,0.0,0.0,0.0,1.0,1
1.0,0.0,0.4059529449714223,3.0,1.0,1.0,0.3592782301026135,0.5564735945485519,0.2692625943051838,2.0,3.0,1.0,1.0,1.0,2.0,1.0,1.0,3.0,1.0,0.0,1.0,1.0,1.0,1.0,1.0,0.0,0.0,1.0,1.0,0.0,1.0,2.0,0.0,0
0.0,0.0,0.4059529449714223,1.0,0.0,0.0,0.3592782301026135,0.464504830773996,0.2300776074200265,1.0,0.0,0.0,0.0,0.0,0.0,0.0,0.0,0.0,0.0,0.0,0.0,0.0,0.0,1.0,0.0,2.0,2.0,2.0,0.0,1.0,0.0,0.0,0.0,0
0.0,0.0,0.4472088227382767,2.0,0.0,0.0,0.4567380973729042,0.464504830773996,0.6316167566347161,1.0,1.0,1.0,1.0,1.0,2.0,1.0,1.0,3.0,1.0,0.0,2.0,1.0,2.0,0.0,1.0,1.0,0.0,1.0,1.0,0.0,2.0,2.0,0.0,0
0.0,2.0,0.4059529449714223,1.0,2.0,2.0,0.2608303362988201,0.2293199502739537,0.1904496412162511,1.0,0.0,0.0,0.0,0.0,1.0,1.0,0.0,3.0,0.0,0.0,1.0,1.0,1.0,0.0,0.0,1.0,1.0,0.0,1.0,0.0,2.0,1.0,0.0,0
0.0,1.0,0.4472088227382767,1.0,0.0,0.0,0.5651866011647716,0.5564735945485519,0.2693545334090479,0.0,1.0,0.0,0.0,0.0,0.0,0.0,0.0,0.0,0.0,0.0,0.0,0.0,0.0,0.0,1.0,1.0,1.0,1.0,0.0,0.0,0.0,0.0,1.0,1
1.0,1.0,0.4059529449714223,1.0,0.0,0.0,0.2608303362988201,0.2293199502739537,0.1904496412162511,0.0,0.0,0.0,1.0,1.0,2.0,0.0,0.0,0.0,0.0,0.0,0.0,1.0,1.0,2.0,2.0,2.0,2.0,2.0,0.0,0.0,0.0,0.0,1.0,0
1.0,1.0,0.4059529449714223,1.0,1.0,1.0,0.5124929017603634,0.3687130408412641,0.4249802634312544,2.0,1.0,1.0,1.0,1.0,2.0,1.0,1.0,2.0,1.0,1.0,1.0,1.0,2.0,1.0,0.0,0.0,0.0,0.0,1.0,0.0,1.0,1.0,0.0,0
0.0,2.0,0.4059529449714223,0.0,0.0,0.0,0.2608303362988201,0.3687130408412641,0.2300776074200265,0.0,0.0,0.0,1.0,1.0,1.0,0.0,0.0,0.0,0.0,0.0,0.0,1.0,2.0,0.0,2.0,2.0,2.0,0.0,1.0,0.0,1.0,1.0,1.0,0
1.0,1.0,0.4059529449714223,1.0,2.0,2.0,0.2608303362988201,0.2293199502739537,0.1904496412162511,1.0,1.0,0.0,0.0,0.0,0.0,0.0,0.0,1.0,1.0,0.0,0.0,0.0,1.0,1.0,1.0,1.0,2.0,1.0,0.0,0.0,1.0,1.0,0.0,0
1.0,0.0,0.4472088227382767,0.0,1.0,0.0,0.2608303362988201,0.3687130408412641,0.4249802634312544,0.0,0.0,1.0,1.0,1.0,2.0,1.0,1.0,3.0,1.0,1.0,2.0,1.0,2.0,1.0,0.0,1.0,2.0,2.0,1.0,0.0,1.0,1.0,1.0,1
1.0,2.0,0.4059529449714223,1.0,0.0,0.0,0.4567380973729042,0.5068458577828254,0.3835483085908981,1.0,2.0,1.0,1.0,0.0,0.0,1.0,1.0,1.0,1.0,1.0,2.0,1.0,2.0,1.0,1.0,0.0,0.0,0.0,1.0,0.0,2.0,2.0,0.0,1
0.0,0.0,0.4059529449714223,0.0,1.0,1.0,0.4567380973729042,0.5553488857212391,0.3030238500851788,1.0,2.0,1.0,0.0,0.0,0.0,1.0,1.0,2.0,1.0,1.0,2.0,1.0,2.0,1.0,1.0,1.0,1.0,1.0,1.0,0.0,2.0,1.0,0.0,0
1.0,0.0,0.4059529449714223,3.0,0.0,0.0,0.3592782301026135,0.5553488857212391,0.5235661555934129,1.0,4.0,1.0,1.0,1.0,2.0,1.0,1.0,2.0,1.0,1.0,1.0,1.0,2.0,1.0,2.0,1.0,1.0,0.0,1.0,0.0,2.0,1.0,1.0,0
0.0,4.468984251376472,0.4059529449714223,1.0,3.55862379327542,3.3566824392321646,0.2608303362988201,0.2293199502739537,0.1904496412162511,4.102741184057091,5.884086322351143,0.0,0.0,1.0,1.0,0.0,0.0,1.0,1.0,0.0,0.0,1.0,1.0,1.0,5.350919003746875,1.0,2.0,2.0,0.0,0.0,1.0,1.0,1.0,0
0.0,1.0,0.4472088227382767,1.0,2.0,2.0,0.2608303362988201,0.2293199502739537,0.1904496412162511,0.0,0.0,0.0,0.0,0.0,0.0,0.0,0.0,3.0,1.0,0.0,2.0,0.0,1.0,2.0,1.0,1.0,2.0,2.0,0.0,0.0,1.0,0.0,0.0,1
1.0,2.0,0.4059529449714223,3.0,2.0,2.0,0.4567380973729042,0.5564735945485519,0.6868662286038777,1.0,4.0,1.0,1.0,1.0,2.0,1.0,1.0,3.0,1.0,0.0,2.0,1.0,2.0,1.0,1.0,1.0,0.0,0.0,1.0,1.0,2.0,2.0,0.0,0
0.0,0.0,0.4059529449714223,0.0,1.0,1.0,0.3592782301026135,0.464504830773996,0.2300776074200265,1.0,0.0,1.0,0.0,0.0,0.0,1.0,1.0,0.0,0.0,0.0,1.0,0.0,1.0,1.0,1.0,1.0,1.0,1.0,0.0,1.0,1.0,0.0,1.0,1
0.0,2.0,0.4059529449714223,1.0,2.0,2.0,0.2608303362988201,0.2293199502739537,0.1904496412162511,2.0,0.0,0.0,0.0,0.0,1.0,1.0,1.0,3.0,1.0,0.0,1.0,1.0,1.0,1.0,0.0,1.0,1.0,1.0,1.0,0.0,1.0,2.0,0.0,0
1.0,0.0,0.4472088227382767,0.0,0.0,0.0,0.5651866011647716,0.464504830773996,0.2300776074200265,0.0,1.0,1.0,0.0,1.0,1.0,0.0,0.0,0.0,0.0,0.0,1.0,1.0,2.0,0.0,1.0,1.0,1.0,0.0,0.0,0.0,1.0,2.0,0.0,1
0.0,1.0,0.4059529449714223,2.0,1.0,1.0,0.2608303362988201,0.3687130408412641,0.327141836566467,1.0,0.0,1.0,0.0,0.0,0.0,1.0,1.0,3.0,1.0,0.0,1.0,1.0,2.0,1.0,1.0,1.0,0.0,0.0,1.0,1.0,2.0,2.0,0.0,0
0.0,0.0,0.4059529449714223,1.0,1.0,0.0,0.5651866011647716,0.5553488857212391,0.601727914334388,2.0,0.0,1.0,1.0,1.0,2.0,1.0,1.0,1.0,1.0,1.0,1.0,1.0,1.0,1.0,1.0,1.0,0.0,1.0,1.0,1.0,2.0,1.0,1.0,1
1.0,0.0,0.4059529449714223,1.0,0.0,0.0,,0.2293199502739537,0.1904496412162511,1.0,0.0,0.0,0.0,,0.0,1.0,0.0,,0.0,,,1.0,,,,,1.0,1.0,1.0,0.0,1.0,2.0,0.0,0
0.0,1.0,0.4472088227382767,,1.0,1.0,0.2608303362988201,,0.327141836566467,0.0,,,0.0,,2.0,,1.0,1.0,1.0,0.0,2.0,,2.0,0.0,1.0,0.0,1.0,,1.0,0.0,1.0,,0.0,0
1.0,0.0,0.4472088227382767,1.0,1.0,1.0,0.3592782301026135,0.5553488857212391,0.4249802634312544,2.0,2.0,1.0,0.0,1.0,1.0,1.0,1.0,3.0,1.0,1.0,1.0,1.0,2.0,1.0,1.0,1.0,0.0,0.0,1.0,0.0,1.0,1.0,1.0,0
1.0,0.0,0.4472088227382767,1.0,0.0,0.0,0.3592782301026135,0.2631793890457632,0.3227909043774535,1.0,2.0,1.0,1.0,1.0,2.0,1.0,1.0,3.0,1.0,2.0,2.0,1.0,2.0,0.0,0.0,1.0,1.0,1.0,1.0,0.0,2.0,2.0,0.0,0
0.0,1.0,0.4472088227382767,1.0,1.0,1.0,0.4567380973729042,0.5564735945485519,0.6868662286038777,2.0,2.0,1.0,1.0,0.0,1.0,0.0,0.0,1.0,0.0,0.0,0.0,0.0,0.0,2.0,0.0,2.0,2.0,2.0,0.0,0.0,0.0,0.0,0.0,0
1.0,1.0,0.4472088227382767,1.0,1.0,0.0,0.5124929017603634,0.5564735945485519,0.6868662286038777,1.0,2.0,1.0,0.0,0.0,0.0,0.0,0.0,1.0,1.0,1.0,2.0,1.0,1.0,1.0,1.0,1.0,0.0,0.0,0.0,1.0,1.0,1.0,1.0,1
1.0,1.0,0.4059529449714223,2.0,1.0,0.0,0.4567380973729042,0.5564735945485519,0.4963900381276872,2.0,2.0,1.0,1.0,0.0,0.0,1.0,1.0,1.0,1.0,1.0,2.0,1.0,2.0,0.0,1.0,1.0,0.0,1.0,1.0,1.0,2.0,2.0,1.0,1
1.0,1.0,0.4059529449714223,,1.0,1.0,0.5651866011647716,0.5564735945485519,0.6868662286038777,,4.0,1.0,,,2.0,1.0,,1.0,,0.0,2.0,1.0,2.0,0.0,2.0,1.0,0.0,0.0,,0.0,1.0,,,0
0.0,2.0,0.4059529449714223,1.0,2.0,2.0,0.2608303362988201,0.2293199502739537,0.1904496412162511,0.0,1.0,0.0,1.0,0.0,0.0,1.0,1.0,3.0,1.0,0.0,2.0,1.0,2.0,0.0,1.0,0.0,1.0,0.0,1.0,0.0,2.0,2.0,0.0,0
0.0,2.0,0.4059529449714223,1.0,0.0,0.0,0.2608303362988201,0.2293199502739537,0.5616127200454287,0.0,0.0,0.0,0.0,0.0,0.0,0.0,0.0,1.0,1.0,0.0,1.0,1.0,2.0,1.0,2.0,2.0,1.0,1.0,0.0,0.0,2.0,2.0,1.0,0
1.0,1.0,0.4059529449714223,2.0,1.0,1.0,0.4567380973729042,0.3687130408412641,0.6480146769754948,0.0,1.0,0.0,0.0,0.0,0.0,1.0,1.0,0.0,0.0,0.0,1.0,1.0,2.0,1.0,0.0,0.0,0.0,0.0,1.0,0.0,1.0,1.0,1.0,0
1.0,1.0,0.4059529449714223,1.0,2.0,2.0,0.5651866011647716,0.3687130408412641,0.327141836566467,2.0,1.0,1.0,1.0,1.0,2.0,1.0,1.0,0.0,1.0,1.0,2.0,1.0,2.0,1.0,1.0,1.0,1.0,1.0,1.0,0.0,1.0,1.0,1.0,0
1.0,,0.4059529449714223,1.0,,,0.4567380973729042,,0.4963900381276872,1.0,,1.0,,0.0,0.0,1.0,1.0,1.0,1.0,1.0,1.0,1.0,,1.0,0.0,0.0,,0.0,,0.0,1.0,1.0,1.0,1
0.0,,,,0.0,0.0,0.5124929017603634,0.5564735945485519,0.6169676320272572,0.0,0.0,0.0,,0.0,1.0,0.0,1.0,0.0,0.0,0.0,1.0,1.0,,,0.0,0.0,,2.0,1.0,,2.0,2.0,,0
0.0,0.0,0.4472088227382767,1.0,0.0,0.0,0.2608303362988201,0.2293199502739537,0.4520159000567859,1.0,0.0,0.0,0.0,0.0,0.0,1.0,0.0,0.0,0.0,0.0,0.0,0.0,0.0,1.0,2.0,0.0,1.0,2.0,0.0,0.0,1.0,0.0,1.0,0
0.0,1.0,0.4059529449714223,1.0,0.0,0.0,0.5124929017603634,0.5553488857212391,0.3686825667234526,0.0,0.0,1.0,0.0,0.0,0.0,0.0,0.0,1.0,0.0,0.0,0.0,0.0,0.0,2.0,0.0,1.0,0.0,0.0,0.0,0.0,0.0,0.0,0.0,0
1.0,1.0,0.4059529449714223,1.0,1.0,1.0,0.5651866011647716,0.5564735945485519,0.4915767556312701,1.0,3.0,1.0,1.0,1.0,2.0,1.0,1.0,1.0,1.0,2.0,2.0,1.0,2.0,1.0,1.0,0.0,1.0,0.0,1.0,1.0,2.0,2.0,0.0,0
1.0,1.0,0.4059529449714223,1.0,1.0,0.0,0.5651866011647716,0.5553488857212391,0.8018608308216486,1.0,2.0,1.0,0.0,0.0,2.0,0.0,0.0,0.0,0.0,0.0,1.0,0.0,0.0,1.0,2.0,2.0,2.0,2.0,0.0,0.0,0.0,1.0,1.0,1
0.0,2.0,0.4059529449714223,3.0,1.0,1.0,0.3592782301026135,0.2631793890457632,0.2692625943051838,3.0,2.0,0.0,0.0,0.0,0.0,0.0,0.0,0.0,0.0,2.0,0.0,0.0,1.0,1.0,1.0,1.0,1.0,1.0,1.0,1.0,1.0,1.0,1.0,0
,0.0,,0.0,1.0,1.0,0.2608303362988201,,0.3290034071550255,1.0,0.0,,0.0,0.0,1.0,1.0,0.0,1.0,1.0,,,1.0,,1.0,0.0,2.0,0.0,1.0,1.0,,1.0,,0.0,0
0.0,0.0,0.4472088227382767,1.0,0.0,0.0,0.5651866011647716,0.6003779812606473,0.6232770636518506,0.0,0.0,0.0,0.0,0.0,0.0,0.0,1.0,0.0,0.0,0.0,2.0,1.0,2.0,1.0,1.0,1.0,1.0,2.0,0.0,0.0,2.0,2.0,1.0,0
1.0,0.0,0.4472088227382767,0.0,1.0,1.0,0.3592782301026135,0.464504830773996,0.2300776074200265,1.0,0.0,1.0,1.0,1.0,2.0,1.0,1.0,2.0,1.0,0.0,1.0,1.0,1.0,1.0,1.0,1.0,0.0,0.0,1.0,0.0,1.0,2.0,1.0,0
1.0,,0.4059529449714223,2.0,1.0,1.0,,0.3687130408412641,,0.0,1.0,0.0,0.0,,,1.0,1.0,0.0,0.0,0.0,1.0,1.0,2.0,,0.0,,0.0,,1.0,0.0,,1.0,1.0,0
0.0,1.0,0.4059529449714223,1.0,0.0,0.0,0.5651866011647716,0.464504830773996,0.6316167566347161,0.0,0.0,0.0,0.0,0.0,0.0,0.0,0.0,0.0,0.0,0.0,1.0,1.0,1.0,1.0,1.0,1.0,1.0,1.0,0.0,0.0,0.0,0.0,1.0,0
1.0,0.0,0.4472088227382767,2.0,0.0,0.0,0.5651866011647716,0.5564735945485519,0.4931082546074028,1.0,0.0,1.0,0.0,0.0,1.0,1.0,1.0,0.0,1.0,1.0,1.0,1.0,1.0,1.0,1.0,1.0,0.0,1.0,1.0,0.0,1.0,1.0,0.0,0
0.0,0.0,,,0.0,0.0,0.5651866011647716,0.5564735945485519,0.4931082546074028,1.0,,,,,1.0,0.0,,0.0,0.0,0.0,0.0,0.0,2.0,2.0,,2.0,2.0,,0.0,1.0,0.0,0.0,1.0,1
0.0,1.0,0.4059529449714223,0.0,1.0,1.0,0.5651866011647716,0.5068458577828254,0.4981509951385715,0.0,2.0,1.0,0.0,0.0,1.0,0.0,0.0,0.0,0.0,0.0,0.0,0.0,2.0,0.0,2.0,1.0,0.0,2.0,0.0,1.0,0.0,0.0,0.0,0
0.0,0.0,0.4472088227382767,1.0,0.0,0.0,0.5651866011647716,0.5564735945485519,0.3560477001703578,0.0,1.0,1.0,0.0,1.0,1.0,0.0,0.0,0.0,0.0,0.0,0.0,0.0,1.0,1.0,1.0,1.0,2.0,2.0,0.0,1.0,0.0,0.0,0.0,0
0.0,1.0,0.4472088227382767,2.0,1.0,1.0,0.3592782301026135,0.2631793890457632,0.2692625943051838,3.0,2.0,1.0,0.0,0.0,1.0,0.0,0.0,1.0,1.0,1.0,2.0,0.0,0.0,0.0,1.0,2.0,2.0,2.0,0.0,0.0,2.0,1.0,0.0,0
0.0,,0.4472088227382767,,1.0,,0.3592782301026135,0.3687130408412641,0.3290034071550255,1.0,1.0,,,0.0,1.0,0.0,,1.0,0.0,0.0,,1.0,,1.0,0.0,0.0,2.0,2.0,0.0,0.0,,0.0,1.0,1
1.0,1.0,0.4059529449714223,1.0,1.0,1.0,0.5124929017603634,0.3687130408412641,0.4249802634312544,2.0,1.0,1.0,1.0,1.0,2.0,1.0,1.0,2.0,1.0,1.0,1.0,1.0,2.0,1.0,0.0,0.0,0.0,0.0,1.0,0.0,1.0,1.0,0.0,0
1.0,2.0,0.4059529449714223,1.0,0.0,0.0,0.5651866011647716,0.3687130408412641,0.327141836566467,3.0,2.0,1.0,1.0,1.0,2.0,1.0,1.0,1.0,1.0,2.0,2.0,1.0,2.0,1.0,1.0,1.0,1.0,1.0,1.0,0.0,2.0,2.0,1.0,0
0.0,0.0,0.4472088227382767,0.0,1.0,0.0,0.5651866011647716,0.5553488857212391,0.8560477001703577,0.0,0.0,0.0,0.0,0.0,1.0,1.0,0.0,0.0,0.0,0.0,1.0,0.0,1.0,1.0,2.0,0.0,0.0,1.0,0.0,0.0,1.0,0.0,1.0,1
0.0,0.0,0.4059529449714223,0.0,1.0,0.0,0.3592782301026135,0.2631793890457632,0.21308239366161,0.0,3.0,1.0,1.0,1.0,2.0,1.0,1.0,1.0,1.0,2.0,2.0,1.0,2.0,2.0,1.0,0.0,0.0,2.0,1.0,1.0,2.0,2.0,1.0,1
1.0,1.0,0.4059529449714223,2.0,1.0,1.0,0.2608303362988201,0.2293199502739537,0.1904496412162511,1.0,0.0,1.0,0.0,0.0,0.0,1.0,1.0,3.0,1.0,0.0,2.0,1.0,2.0,1.0,1.0,1.0,1.0,0.0,1.0,0.0,1.0,1.0,0.0,0
0.0,0.0,0.4472088227382767,1.0,0.0,0.0,0.5651866011647716,0.5564735945485519,0.4931082546074028,1.0,2.0,0.0,0.0,1.0,1.0,0.0,0.0,0.0,0.0,0.0,0.0,0.0,2.0,2.0,2.0,2.0,2.0,2.0,0.0,1.0,0.0,0.0,1.0,1
1.0,3.468984251376473,0.4472088227382767,1.0,3.55862379327542,3.3566824392321646,0.4567380973729042,0.5068458577828254,0.6695059625212947,5.102741184057091,6.884086322351143,1.0,0.0,0.0,0.0,1.0,0.0,1.0,1.0,1.0,1.0,1.0,1.0,2.0,4.350919003746875,0.0,0.0,1.0,0.0,0.0,1.0,1.0,0.0,0
0.0,0.0,0.4472088227382767,1.0,1.0,1.0,0.5651866011647716,0.5564735945485519,0.9680106000378572,2.0,1.0,1.0,1.0,1.0,2.0,1.0,0.0,0.0,0.0,0.0,1.0,1.0,1.0,1.0,2.0,2.0,2.0,2.0,1.0,0.0,1.0,1.0,1.0,1
1.0,0.0,0.4059529449714223,1.0,1.0,0.0,0.5651866011647716,0.5068458577828254,0.6695059625212947,1.0,0.0,1.0,1.0,1.0,2.0,1.0,1.0,1.0,1.0,1.0,1.0,1.0,1.0,1.0,1.0,1.0,1.0,1.0,1.0,1.0,1.0,1.0,1.0,1
1.0,1.0,0.4059529449714223,1.0,1.0,1.0,0.5124929017603634,0.3687130408412641,0.327141836566467,1.0,2.0,1.0,1.0,0.0,0.0,1.0,1.0,1.0,1.0,1.0,2.0,1.0,2.0,0.0,0.0,1.0,1.0,0.0,1.0,0.0,2.0,2.0,0.0,0
1.0,0.0,0.4472088227382767,0.0,0.0,0.0,0.3592782301026135,0.5564735945485519,0.6169676320272572,0.0,0.0,1.0,0.0,0.0,2.0,0.0,0.0,0.0,0.0,0.0,1.0,0.0,1.0,1.0,1.0,1.0,1.0,2.0,0.0,0.0,1.0,0.0,0.0,0
0.0,1.0,0.4059529449714223,1.0,2.0,0.0,0.4567380973729042,0.5564735945485519,0.7591679368779701,0.0,2.0,1.0,0.0,0.0,1.0,0.0,0.0,1.0,1.0,1.0,0.0,0.0,0.0,1.0,1.0,1.0,0.0,0.0,0.0,0.0,1.0,0.0,1.0,1
0.0,1.0,0.4472088227382767,1.0,0.0,0.0,0.3592782301026135,0.2631793890457632,0.060598685811633,0.0,0.0,1.0,1.0,0.0,1.0,1.0,0.0,1.0,1.0,0.0,1.0,1.0,1.0,1.0,1.0,1.0,1.0,1.0,1.0,0.0,1.0,1.0,0.0,0
0.0,1.0,0.4059529449714223,1.0,1.0,1.0,0.5651866011647716,0.3687130408412641,0.7591679368779701,1.0,0.0,1.0,1.0,1.0,2.0,1.0,1.0,1.0,1.0,1.0,1.0,1.0,2.0,1.0,1.0,1.0,0.0,0.0,1.0,1.0,1.0,1.0,1.0,1
1.0,0.0,0.4472088227382767,1.0,1.0,1.0,0.5651866011647716,0.5553488857212391,0.2034558286687758,1.0,3.0,1.0,1.0,1.0,2.0,1.0,1.0,2.0,1.0,1.0,1.0,1.0,1.0,1.0,1.0,1.0,1.0,1.0,1.0,0.0,1.0,1.0,1.0,0
1.0,1.0,0.4472088227382767,2.0,1.0,1.0,0.3592782301026135,0.2631793890457632,0.21308239366161,0.0,3.0,0.0,0.0,0.0,0.0,0.0,1.0,0.0,0.0,0.0,1.0,1.0,1.0,2.0,1.0,2.0,0.0,0.0,1.0,0.0,2.0,1.0,0.0,0
1.0,0.0,0.4472088227382767,1.0,2.0,2.0,0.4567380973729042,0.5564735945485519,0.8560477001703577,3.0,2.0,1.0,1.0,1.0,0.0,0.0,0.0,0.0,1.0,0.0,1.0,1.0,0.0,1.0,1.0,1.0,1.0,1.0,0.0,0.0,0.0,0.0,1.0,1
1.0,0.0,0.4472088227382767,1.0,1.0,1.0,0.3592782301026135,0.5564735945485519,0.21308239366161,0.0,3.0,1.0,1.0,0.0,0.0,1.0,0.0,3.0,1.0,1.0,1.0,1.0,2.0,0.0,2.0,2.0,0.0,1.0,1.0,0.0,1.0,2.0,0.0,0
0.0,1.0,0.4059529449714223,1.0,1.0,0.0,0.2608303362988201,0.2293199502739537,0.1904496412162511,1.0,1.0,0.0,0.0,0.0,0.0,0.0,0.0,3.0,0.0,0.0,1.0,1.0,1.0,2.0,1.0,1.0,1.0,1.0,0.0,0.0,1.0,1.0,1.0,1
1.0,1.0,0.4472088227382767,0.0,0.0,0.0,0.5651866011647716,0.5564735945485519,0.1780238500851789,0.0,3.0,1.0,0.0,0.0,0.0,0.0,0.0,1.0,1.0,0.0,0.0,0.0,0.0,1.0,1.0,2.0,0.0,1.0,0.0,0.0,1.0,0.0,0.0,0
0.0,0.0,0.4472088227382767,0.0,0.0,0.0,0.3592782301026135,0.464504830773996,0.4981509951385715,0.0,0.0,0.0,0.0,0.0,1.0,0.0,0.0,0.0,0.0,0.0,0.0,0.0,0.0,1.0,0.0,0.0,1.0,2.0,0.0,0.0,1.0,0.0,0.0,1
1.0,,0.4059529449714223,,2.0,0.0,0.5651866011647716,0.3687130408412641,0.327141836566467,3.0,2.0,,1.0,1.0,2.0,1.0,1.0,2.0,,2.0,2.0,1.0,2.0,,,,0.0,0.0,0.0,,2.0,,0.0,1
0.0,0.0,0.4059529449714223,1.0,0.0,0.0,0.3592782301026135,0.464504830773996,0.6316167566347161,0.0,1.0,1.0,0.0,0.0,0.0,0.0,0.0,0.0,0.0,0.0,1.0,0.0,1.0,1.0,0.0,1.0,1.0,0.0,1.0,0.0,0.0,1.0,0.0,0
0.0,1.0,0.4059529449714223,1.0,2.0,2.0,0.3592782301026135,0.2631793890457632,0.2692625943051838,2.0,1.0,0.0,0.0,0.0,0.0,1.0,1.0,1.0,1.0,0.0,0.0,0.0,2.0,0.0,2.0,0.0,2.0,2.0,1.0,0.0,1.0,1.0,1.0,0
0.0,0.0,0.4059529449714223,2.0,0.0,0.0,0.3592782301026135,0.5564735945485519,0.21308239366161,0.0,3.0,1.0,1.0,1.0,2.0,1.0,1.0,3.0,1.0,1.0,2.0,1.0,1.0,1.0,0.0,1.0,1.0,1.0,1.0,0.0,0.0,2.0,0.0,0
0.0,1.0,0.4472088227382767,0.0,0.0,0.0,0.3592782301026135,0.5553488857212391,0.3560477001703578,0.0,0.0,0.0,0.0,0.0,2.0,0.0,0.0,0.0,0.0,0.0,0.0,0.0,0.0,2.0,1.0,2.0,2.0,2.0,0.0,0.0,0.0,0.0,0.0,0
1.0,,0.4059529449714223,1.0,1.0,1.0,0.5651866011647716,0.5564735945485519,0.4915767556312701,1.0,3.0,,,1.0,,1.0,,1.0,1.0,2.0,,1.0,2.0,1.0,,0.0,1.0,,1.0,,2.0,2.0,0.0,0
0.0,1.0,0.4059529449714223,1.0,1.0,1.0,0.3592782301026135,0.464504830773996,0.2300776074200265,1.0,1.0,0.0,0.0,0.0,0.0,0.0,0.0,3.0,0.0,0.0,0.0,0.0,0.0,1.0,2.0,1.0,1.0,2.0,0.0,0.0,1.0,0.0,1.0,0
0.0,0.0,0.4059529449714223,1.0,1.0,1.0,0.3592782301026135,0.2631793890457632,0.21308239366161,0.0,0.0,0.0,0.0,0.0,0.0,0.0,0.0,0.0,0.0,0.0,0.0,0.0,0.0,2.0,2.0,1.0,0.0,0.0,0.0,1.0,1.0,1.0,0.0,1
0.0,1.0,0.4059529449714223,2.0,1.0,1.0,0.2608303362988201,0.3687130408412641,0.327141836566467,1.0,2.0,1.0,1.0,1.0,1.0,1.0,1.0,3.0,1.0,0.0,2.0,1.0,2.0,1.0,1.0,1.0,0.0,0.0,1.0,0.0,1.0,1.0,1.0,0
1.0,0.0,0.4472088227382767,0.0,0.0,0.0,0.5651866011647716,0.5553488857212391,0.2848381601362862,0.0,0.0,0.0,0.0,1.0,2.0,0.0,0.0,1.0,1.0,0.0,2.0,1.0,2.0,1.0,1.0,0.0,1.0,1.0,0.0,0.0,1.0,1.0,0.0,0
1.0,0.0,0.4472088227382767,1.0,0.0,0.0,0.3592782301026135,0.2631793890457632,0.2692625943051838,0.0,1.0,1.0,0.0,1.0,2.0,0.0,0.0,0.0,0.0,2.0,0.0,0.0,0.0,1.0,1.0,1.0,2.0,2.0,0.0,0.0,1.0,0.0,1.0,1
0.0,0.0,0.4472088227382767,0.0,1.0,1.0,0.5124929017603634,0.5068458577828254,0.4981509951385715,0.0,2.0,1.0,1.0,1.0,2.0,0.0,1.0,2.0,1.0,0.0,1.0,1.0,1.0,1.0,1.0,1.0,2.0,2.0,0.0,0.0,0.0,1.0,1.0,0
0.0,0.0,0.4472088227382767,1.0,0.0,0.0,0.4567380973729042,0.5068458577828254,0.3835483085908981,0.0,0.0,0.0,0.0,0.0,0.0,0.0,0.0,0.0,0.0,0.0,0.0,0.0,0.0,1.0,0.0,1.0,1.0,2.0,0.0,0.0,0.0,0.0,1.0,0
1.0,1.0,0.4059529449714223,2.0,1.0,1.0,0.5651866011647716,0.5564735945485519,0.8018608308216486,2.0,4.0,1.0,1.0,1.0,2.0,1.0,1.0,3.0,1.0,1.0,1.0,1.0,1.0,2.0,1.0,1.0,0.0,0.0,1.0,0.0,1.0,2.0,0.0,0
1.0,0.0,0.4472088227382767,0.0,0.0,0.0,0.5651866011647716,0.5564735945485519,0.6169676320272572,0.0,1.0,0.0,0.0,0.0,0.0,1.0,0.0,0.0,0.0,0.0,2.0,1.0,2.0,0.0,0.0,0.0,0.0,0.0,1.0,0.0,2.0,2.0,0.0,0
1.0,1.0,0.4059529449714223,1.0,1.0,1.0,0.3592782301026135,0.2631793890457632,0.3227909043774535,1.0,1.0,1.0,0.0,1.0,2.0,0.0,0.0,3.0,1.0,0.0,0.0,0.0,0.0,1.0,1.0,2.0,2.0,2.0,0.0,0.0,0.0,0.0,0.0,0
1.0,0.0,0.4472088227382767,1.0,1.0,1.0,0.2608303362988201,0.2293199502739537,0.1904496412162511,0.0,0.0,1.0,0.0,0.0,0.0,1.0,0.0,1.0,1.0,0.0,1.0,1.0,1.0,1.0,1.0,1.0,1.0,1.0,0.0,0.0,2.0,1.0,0.0,0
1.0,0.0,0.4472088227382767,1.0,0.0,0.0,0.5651866011647716,0.5068458577828254,0.6695059625212947,1.0,1.0,1.0,1.0,0.0,0.0,1.0,1.0,2.0,1.0,0.0,2.0,1.0,2.0,1.0,1.0,0.0,0.0,1.0,1.0,0.0,2.0,1.0,0.0,0
0.0,0.0,0.4472088227382767,1.0,0.0,0.0,0.3592782301026135,0.5564735945485519,0.6868662286038777,0.0,0.0,0.0,0.0,1.0,1.0,0.0,0.0,1.0,1.0,0.0,0.0,0.0,0.0,0.0,2.0,2.0,2.0,2.0,0.0,1.0,0.0,1.0,0.0,1
0.0,0.0,0.4472088227382767,1.0,0.0,0.0,0.4567380973729042,0.6003779812606473,0.6232770636518506,1.0,4.0,1.0,1.0,1.0,1.0,1.0,1.0,2.0,1.0,0.0,1.0,0.0,1.0,2.0,0.0,1.0,1.0,2.0,1.0,0.0,0.0,0.0,1.0,0
1.0,1.0,0.4059529449714223,1.0,2.0,2.0,0.4567380973729042,0.6003779812606473,0.6424190800681431,1.0,2.0,1.0,0.0,0.0,0.0,0.0,0.0,1.0,1.0,1.0,1.0,1.0,2.0,1.0,0.0,1.0,1.0,1.0,1.0,0.0,2.0,1.0,0.0,0
1.0,0.0,0.4059529449714223,1.0,2.0,2.0,0.2608303362988201,0.2293199502739537,0.1904496412162511,0.0,0.0,1.0,0.0,0.0,0.0,0.0,0.0,1.0,1.0,0.0,1.0,0.0,2.0,0.0,1.0,1.0,2.0,2.0,0.0,0.0,1.0,1.0,0.0,0
1.0,0.0,0.4778534923339012,1.0,0.0,0.0,0.3592782301026135,0.464504830773996,0.2300776074200265,0.0,1.0,0.0,0.0,0.0,0.0,0.0,0.0,0.0,0.0,0.0,1.0,0.0,0.0,0.0,0.0,0.0,1.0,1.0,0.0,0.0,1.0,1.0,0.0,1
0.0,0.0,0.4472088227382767,1.0,0.0,0.0,0.3592782301026135,0.5564735945485519,0.6868662286038777,1.0,1.0,1.0,0.0,0.0,0.0,0.0,0.0,1.0,1.0,0.0,1.0,1.0,1.0,2.0,1.0,0.0,1.0,1.0,1.0,0.0,1.0,1.0,1.0,1
1.0,1.0,0.4472088227382767,1.0,1.0,1.0,0.4567380973729042,0.3687130408412641,0.6480146769754948,2.0,1.0,1.0,1.0,1.0,2.0,1.0,1.0,1.0,1.0,1.0,2.0,1.0,2.0,1.0,1.0,2.0,2.0,1.0,1.0,1.0,1.0,2.0,1.0,1
1.0,0.0,0.4472088227382767,0.0,1.0,0.0,0.5124929017603634,0.5564735945485519,0.6868662286038777,1.0,1.0,1.0,0.0,1.0,1.0,0.0,0.0,1.0,1.0,1.0,1.0,1.0,1.0,2.0,1.0,1.0,0.0,1.0,0.0,0.0,1.0,1.0,1.0,1
1.0,1.0,0.4059529449714223,1.0,1.0,0.0,0.3592782301026135,0.6003779812606473,0.6232770636518506,1.0,0.0,0.0,0.0,0.0,0.0,0.0,1.0,1.0,1.0,0.0,1.0,1.0,1.0,1.0,1.0,1.0,1.0,1.0,0.0,0.0,1.0,0.0,1.0,1
0.0,,0.4059529449714223,0.0,0.0,0.0,0.5124929017603634,,0.2300776074200265,0.0,0.0,1.0,,,0.0,0.0,0.0,1.0,1.0,0.0,,1.0,1.0,2.0,,,1.0,1.0,1.0,0.0,,1.0,,0
1.0,1.0,0.4472088227382767,1.0,1.0,1.0,0.5651866011647716,0.5564735945485519,0.6848381601362862,2.0,2.0,1.0,1.0,1.0,2.0,1.0,1.0,2.0,1.0,2.0,1.0,1.0,1.0,1.0,1.0,1.0,1.0,1.0,1.0,0.0,0.0,2.0,0.0,1
0.0,1.0,0.4059529449714223,1.0,1.0,1.0,0.5651866011647716,0.5553488857212391,0.3686825667234526,1.0,2.0,0.0,1.0,1.0,2.0,1.0,1.0,3.0,1.0,0.0,2.0,1.0,2.0,1.0,1.0,1.0,1.0,1.0,1.0,0.0,1.0,1.0,0.0,0
0.0,0.0,0.4059529449714223,0.0,0.0,0.0,0.5124929017603634,0.5068458577828254,0.3835483085908981,0.0,0.0,0.0,0.0,1.0,2.0,0.0,0.0,0.0,0.0,0.0,0.0,0.0,0.0,2.0,0.0,1.0,2.0,2.0,0.0,1.0,0.0,0.0,1.0,1
1.0,2.0,0.4059529449714223,1.0,2.0,2.0,0.2608303362988201,0.2293199502739537,0.1904496412162511,0.0,2.0,1.0,0.0,0.0,1.0,1.0,0.0,1.0,1.0,1.0,1.0,1.0,2.0,1.0,0.0,0.0,1.0,0.0,0.0,0.0,2.0,1.0,0.0,0
0.0,0.0,0.4472088227382767,1.0,0.0,0.0,0.3592782301026135,0.2631793890457632,0.4848381601362862,1.0,2.0,1.0,0.0,1.0,1.0,0.0,0.0,0.0,0.0,0.0,1.0,0.0,2.0,1.0,1.0,1.0,2.0,2.0,1.0,0.0,0.0,0.0,0.0,0
1.0,,0.4472088227382767,1.0,1.0,1.0,,,,2.0,1.0,1.0,1.0,1.0,2.0,1.0,1.0,1.0,1.0,1.0,,1.0,,1.0,,,,1.0,1.0,1.0,1.0,2.0,1.0,1
1.0,0.0,,1.0,0.0,0.0,,0.3687130408412641,0.327141836566467,0.0,0.0,1.0,,1.0,2.0,0.0,0.0,,1.0,1.0,,0.0,,1.0,1.0,,2.0,2.0,,0.0,,0.0,0.0,0
1.0,1.0,0.4059529449714223,1.0,1.0,1.0,0.5651866011647716,0.6003779812606473,0.4021991636983119,2.0,3.0,1.0,1.0,0.0,0.0,1.0,1.0,2.0,1.0,0.0,2.0,1.0,2.0,0.0,1.0,0.0,1.0,0.0,1.0,0.0,2.0,2.0,0.0,0
1.0,0.0,0.4059529449714223,0.0,1.0,1.0,0.3592782301026135,0.2631793890457632,0.21308239366161,0.0,1.0,1.0,1.0,0.0,0.0,1.0,1.0,1.0,1.0,0.0,2.0,1.0,2.0,0.0,0.0,0.0,0.0,0.0,1.0,0.0,2.0,2.0,0.0,0
1.0,0.0,0.4778534923339012,0.0,0.0,0.0,0.5651866011647716,0.5553488857212391,0.3686825667234526,0.0,2.0,1.0,0.0,0.0,0.0,1.0,1.0,2.0,1.0,0.0,1.0,1.0,1.0,1.0,0.0,0.0,1.0,1.0,1.0,0.0,1.0,1.0,0.0,0
1.0,0.0,0.4472088227382767,1.0,0.0,0.0,0.5124929017603634,0.5553488857212391,0.5235661555934129,0.0,0.0,0.0,0.0,0.0,1.0,1.0,0.0,1.0,1.0,0.0,0.0,0.0,0.0,1.0,0.0,0.0,1.0,0.0,0.0,0.0,2.0,0.0,0.0,1
0.0,0.0,0.4472088227382767,1.0,0.0,0.0,0.4567380973729042,0.5068458577828254,0.3835483085908981,1.0,1.0,1.0,1.0,0.0,0.0,0.0,0.0,2.0,1.0,2.0,0.0,0.0,1.0,1.0,1.0,2.0,2.0,2.0,0.0,1.0,0.0,0.0,1.0,0
0.0,0.0,0.4472088227382767,1.0,1.0,1.0,0.3592782301026135,0.2631793890457632,0.21308239366161,0.0,2.0,0.0,0.0,0.0,0.0,0.0,0.0,0.0,0.0,0.0,0.0,0.0,0.0,1.0,0.0,1.0,1.0,2.0,0.0,0.0,0.0,0.0,0.0,0
0.0,0.0,0.4059529449714223,1.0,1.0,0.0,0.2608303362988201,0.2293199502739537,0.1904496412162511,1.0,1.0,0.0,0.0,0.0,0.0,0.0,0.0,0.0,0.0,0.0,1.0,1.0,1.0,1.0,0.0,0.0,2.0,2.0,0.0,0.0,0.0,0.0,1.0,1
0.0,0.0,0.4059529449714223,2.0,0.0,0.0,0.3592782301026135,0.5564735945485519,0.21308239366161,0.0,3.0,1.0,1.0,1.0,2.0,1.0,1.0,3.0,1.0,1.0,2.0,1.0,1.0,1.0,0.0,1.0,1.0,1.0,1.0,0.0,0.0,2.0,0.0,0
0.0,0.0,0.4472088227382767,1.0,1.0,1.0,0.3592782301026135,0.6003779812606473,0.6232770636518506,0.0,0.0,1.0,0.0,0.0,0.0,0.0,0.0,0.0,0.0,0.0,0.0,0.0,0.0,1.0,1.0,1.0,1.0,1.0,0.0,0.0,0.0,0.0,0.0,0
1.0,4.468984251376472,0.4059529449714223,2.0,4.5586237932754194,4.356682439232165,0.3592782301026135,0.2631793890457632,0.21308239366161,4.102741184057091,8.884086322351143,1.0,1.0,1.0,2.0,1.0,1.0,2.0,1.0,1.0,2.0,1.0,2.0,1.0,4.350919003746875,1.0,0.0,0.0,1.0,0.0,1.0,1.0,1.0,0
0.0,0.0,0.4472088227382767,1.0,1.0,1.0,0.2608303362988201,0.2293199502739537,0.1904496412162511,0.0,0.0,0.0,0.0,0.0,0.0,0.0,0.0,0.0,0.0,0.0,0.0,0.0,0.0,1.0,1.0,1.0,1.0,1.0,0.0,0.0,0.0,0.0,0.0,0
1.0,0.0,0.4472088227382767,1.0,1.0,0.0,0.5651866011647716,0.3687130408412641,0.7424190800681431,1.0,0.0,1.0,0.0,0.0,0.0,0.0,0.0,0.0,0.0,1.0,1.0,1.0,2.0,2.0,1.0,1.0,0.0,0.0,1.0,1.0,2.0,1.0,1.0,1
0.0,,0.4472088227382767,,0.0,,0.3592782301026135,0.2631793890457632,0.2692625943051838,1.0,,1.0,,,1.0,,1.0,1.0,1.0,0.0,2.0,,2.0,0.0,0.0,0.0,1.0,0.0,1.0,0.0,,1.0,0.0,0
1.0,2.0,0.4059529449714223,1.0,2.0,2.0,,0.2293199502739537,,,0.0,1.0,0.0,,2.0,,,,1.0,2.0,0.0,0.0,,2.0,1.0,1.0,2.0,2.0,0.0,0.0,,1.0,1.0,0
0.0,0.0,0.4472088227382767,1.0,0.0,0.0,0.5651866011647716,0.464504830773996,0.6316167566347161,0.0,1.0,0.0,1.0,0.0,0.0,0.0,0.0,0.0,0.0,1.0,0.0,0.0,0.0,1.0,0.0,0.0,2.0,2.0,0.0,1.0,0.0,0.0,1.0,1
1.0,0.0,0.4472088227382767,0.0,0.0,0.0,0.5651866011647716,0.464504830773996,0.6316167566347161,1.0,3.0,1.0,0.0,1.0,2.0,1.0,1.0,1.0,1.0,0.0,0.0,0.0,0.0,2.0,1.0,1.0,2.0,2.0,1.0,1.0,1.0,0.0,1.0,1
0.0,2.0,0.4059529449714223,1.0,1.0,0.0,0.3592782301026135,0.5564735945485519,0.6169676320272572,0.0,0.0,0.0,0.0,0.0,2.0,0.0,0.0,1.0,1.0,2.0,0.0,0.0,0.0,1.0,1.0,2.0,2.0,1.0,0.0,1.0,1.0,1.0,1.0,1
0.0,0.0,0.4472088227382767,1.0,0.0,0.0,0.2608303362988201,0.3687130408412641,0.3290034071550255,1.0,1.0,0.0,1.0,1.0,2.0,1.0,1.0,1.0,1.0,1.0,2.0,1.0,2.0,0.0,1.0,1.0,1.0,0.0,1.0,0.0,2.0,2.0,0.0,0
1.0,1.0,0.4059529449714223,1.0,0.0,0.0,0.5651866011647716,0.5564735945485519,0.2693545334090479,1.0,3.0,1.0,1.0,1.0,2.0,1.0,1.0,1.0,1.0,0.0,2.0,1.0,2.0,1.0,1.0,1.0,1.0,0.0,1.0,1.0,1.0,1.0,0.0,0
1.0,1.0,0.4059529449714223,2.0,1.0,1.0,0.4567380973729042,0.5068458577828254,0.6424190800681431,3.0,2.0,1.0,1.0,1.0,2.0,1.0,1.0,2.0,1.0,1.0,2.0,1.0,2.0,1.0,0.0,1.0,0.0,0.0,1.0,0.0,1.0,1.0,1.0,0
0.0,0.0,0.4472088227382767,1.0,0.0,0.0,0.5651866011647716,0.5068458577828254,0.3835483085908981,0.0,1.0,1.0,0.0,0.0,0.0,0.0,0.0,0.0,0.0,0.0,0.0,0.0,0.0,0.0,1.0,2.0,2.0,2.0,0.0,0.0,0.0,0.0,0.0,0
0.0,3.468984251376473,0.4059529449714223,1.0,3.55862379327542,3.3566824392321646,0.2608303362988201,0.2293199502739537,0.5616127200454287,4.102741184057091,5.884086322351143,0.0,0.0,0.0,0.0,0.0,0.0,0.0,0.0,0.0,0.0,1.0,2.0,1.0,3.350919003746875,0.0,0.0,0.0,1.0,0.0,2.0,1.0,1.0,1
0.0,0.0,0.4059529449714223,1.0,1.0,0.0,0.5651866011647716,0.5068458577828254,0.6320272572402044,0.0,2.0,1.0,1.0,1.0,2.0,0.0,0.0,0.0,0.0,0.0,0.0,0.0,1.0,1.0,1.0,1.0,2.0,1.0,0.0,1.0,1.0,1.0,1.0,1
0.0,0.0,0.4059529449714223,1.0,1.0,0.0,0.3592782301026135,0.5564735945485519,0.6868662286038777,1.0,1.0,1.0,0.0,0.0,0.0,0.0,0.0,1.0,0.0,0.0,1.0,0.0,0.0,2.0,0.0,0.0,0.0,1.0,0.0,0.0,1.0,0.0,0.0,1
1.0,1.0,0.4059529449714223,2.0,1.0,1.0,0.3592782301026135,0.2631793890457632,0.2692625943051838,1.0,4.0,1.0,1.0,1.0,2.0,1.0,1.0,3.0,1.0,0.0,2.0,1.0,2.0,1.0,1.0,1.0,0.0,0.0,1.0,0.0,1.0,2.0,0.0,0
0.0,4.468984251376472,0.4059529449714223,1.0,4.5586237932754194,3.3566824392321646,0.5651866011647716,0.5564735945485519,0.9680106000378572,5.102741184057091,6.884086322351143,1.0,0.0,0.0,0.0,1.0,1.0,1.0,0.0,0.0,1.0,1.0,1.0,1.0,4.350919003746875,1.0,0.0,0.0,1.0,1.0,1.0,1.0,0.0,1
0.0,0.0,0.4472088227382767,1.0,1.0,0.0,0.5651866011647716,0.5068458577828254,0.4981509951385715,0.0,0.0,1.0,0.0,1.0,2.0,0.0,0.0,0.0,0.0,0.0,0.0,0.0,0.0,1.0,1.0,1.0,1.0,1.0,0.0,0.0,0.0,1.0,1.0,1
1.0,2.0,0.4059529449714223,2.0,0.0,0.0,0.4567380973729042,0.6003779812606473,0.6424190800681431,1.0,0.0,0.0,0.0,1.0,1.0,0.0,0.0,0.0,0.0,0.0,0.0,0.0,2.0,2.0,1.0,2.0,2.0,2.0,0.0,0.0,0.0,0.0,1.0,1
1.0,2.0,0.4059529449714223,,,1.0,0.5651866011647716,0.3687130408412641,0.327141836566467,2.0,0.0,0.0,,1.0,,0.0,0.0,0.0,,2.0,1.0,1.0,1.0,1.0,,,,2.0,0.0,0.0,1.0,,1.0,1
1.0,3.468984251376473,0.4472088227382767,1.0,3.55862379327542,3.3566824392321646,0.5651866011647716,0.5068458577828254,0.4981509951385715,4.102741184057091,6.884086322351143,0.0,0.0,0.0,0.0,0.0,0.0,0.0,0.0,0.0,0.0,0.0,0.0,2.0,5.350919003746875,2.0,2.0,2.0,0.0,1.0,0.0,0.0,0.0,1
0.0,0.0,0.4472088227382767,0.0,0.0,0.0,0.2608303362988201,0.5564735945485519,0.2445850571915308,1.0,0.0,1.0,1.0,1.0,2.0,1.0,1.0,3.0,1.0,1.0,2.0,1.0,2.0,1.0,1.0,2.0,0.0,0.0,1.0,1.0,2.0,1.0,1.0,0
0.0,2.0,0.4059529449714223,1.0,2.0,2.0,0.2608303362988201,0.3687130408412641,0.3290034071550255,1.0,0.0,0.0,0.0,0.0,0.0,0.0,0.0,2.0,1.0,0.0,0.0,1.0,1.0,1.0,0.0,2.0,0.0,1.0,1.0,0.0,1.0,0.0,0.0,0
1.0,0.0,0.4059529449714223,2.0,1.0,0.0,0.5651866011647716,0.6003779812606473,0.6232770636518506,1.0,1.0,1.0,0.0,0.0,0.0,0.0,1.0,1.0,1.0,0.0,1.0,1.0,1.0,1.0,1.0,1.0,2.0,2.0,0.0,0.0,1.0,1.0,1.0,1
0.0,1.0,0.4059529449714223,1.0,1.0,1.0,0.3592782301026135,0.2631793890457632,0.21308239366161,1.0,3.0,1.0,1.0,1.0,2.0,1.0,1.0,2.0,1.0,1.0,1.0,1.0,2.0,1.0,1.0,1.0,0.0,2.0,1.0,0.0,2.0,1.0,1.0,0
1.0,1.0,0.4059529449714223,2.0,2.0,0.0,0.5124929017603634,0.3687130408412641,0.3290034071550255,0.0,0.0,0.0,0.0,0.0,0.0,1.0,0.0,1.0,1.0,0.0,0.0,0.0,1.0,2.0,0.0,1.0,0.0,0.0,0.0,0.0,1.0,0.0,0.0,1
1.0,2.0,0.4059529449714223,0.0,2.0,1.0,0.4567380973729042,0.5564735945485519,0.2445850571915308,1.0,0.0,0.0,0.0,0.0,0.0,0.0,0.0,0.0,0.0,0.0,1.0,1.0,1.0,1.0,1.0,1.0,1.0,1.0,0.0,0.0,0.0,0.0,1.0,1
0.0,2.0,0.4059529449714223,3.0,2.0,2.0,0.3592782301026135,0.3687130408412641,0.4249802634312544,3.0,4.0,1.0,1.0,1.0,2.0,1.0,1.0,3.0,1.0,0.0,2.0,1.0,2.0,1.0,1.0,0.0,1.0,1.0,1.0,0.0,2.0,2.0,0.0,0
0.0,0.0,0.4059529449714223,1.0,2.0,2.0,0.5651866011647716,0.5564735945485519,0.4963900381276872,1.0,2.0,1.0,1.0,0.0,0.0,1.0,1.0,2.0,1.0,0.0,2.0,1.0,2.0,1.0,1.0,1.0,1.0,0.0,1.0,0.0,2.0,2.0,0.0,0
0.0,1.0,0.4059529449714223,1.0,1.0,1.0,0.5651866011647716,0.3687130408412641,0.7591679368779701,1.0,0.0,1.0,1.0,1.0,2.0,1.0,1.0,1.0,1.0,1.0,1.0,1.0,2.0,1.0,1.0,1.0,0.0,0.0,1.0,1.0,1.0,1.0,1.0,1
0.0,2.0,0.4059529449714223,1.0,2.0,2.0,0.2608303362988201,0.2293199502739537,0.1904496412162511,1.0,0.0,0.0,0.0,0.0,0.0,0.0,0.0,3.0,0.0,0.0,0.0,1.0,2.0,0.0,1.0,1.0,2.0,2.0,1.0,1.0,0.0,1.0,0.0,0
0.0,1.0,0.4059529449714223,1.0,2.0,0.0,0.3592782301026135,0.2631793890457632,0.4848381601362862,0.0,0.0,1.0,0.0,0.0,2.0,1.0,1.0,3.0,1.0,0.0,2.0,1.0,2.0,2.0,1.0,1.0,0.0,0.0,0.0,0.0,2.0,2.0,1.0,1
1.0,0.0,0.4472088227382767,0.0,0.0,0.0,0.3592782301026135,0.3687130408412641,0.3290034071550255,0.0,0.0,1.0,0.0,1.0,2.0,0.0,0.0,2.0,1.0,0.0,1.0,1.0,1.0,1.0,0.0,2.0,0.0,1.0,0.0,0.0,1.0,1.0,0.0,0
1.0,0.0,0.4472088227382767,0.0,1.0,1.0,0.5651866011647716,0.5564735945485519,0.6169676320272572,0.0,0.0,0.0,0.0,0.0,0.0,0.0,0.0,0.0,0.0,0.0,0.0,0.0,0.0,2.0,0.0,0.0,1.0,1.0,0.0,0.0,0.0,0.0,0.0,1
0.0,1.0,0.4059529449714223,3.0,1.0,1.0,0.3592782301026135,0.2631793890457632,0.2692625943051838,3.0,4.0,1.0,1.0,1.0,2.0,1.0,1.0,2.0,1.0,0.0,2.0,1.0,1.0,1.0,1.0,2.0,1.0,1.0,1.0,0.0,1.0,1.0,0.0,0
0.0,1.0,0.4059529449714223,1.0,0.0,0.0,0.2608303362988201,0.2293199502739537,0.1904496412162511,1.0,0.0,0.0,0.0,0.0,0.0,0.0,0.0,0.0,0.0,0.0,0.0,0.0,0.0,1.0,0.0,0.0,1.0,2.0,0.0,0.0,0.0,0.0,0.0,0
1.0,2.0,0.4472088227382767,1.0,1.0,1.0,0.5651866011647716,0.5068458577828254,0.3030238500851788,1.0,1.0,0.0,0.0,1.0,2.0,0.0,1.0,0.0,0.0,0.0,1.0,1.0,2.0,1.0,1.0,1.0,2.0,1.0,1.0,0.0,1.0,1.0,0.0,0
1.0,1.0,0.4059529449714223,2.0,2.0,2.0,0.4567380973729042,0.3687130408412641,0.327141836566467,3.0,3.0,1.0,1.0,1.0,2.0,1.0,1.0,3.0,1.0,2.0,2.0,1.0,2.0,1.0,1.0,1.0,0.0,0.0,1.0,0.0,2.0,2.0,0.0,0
,0.0,0.4059529449714223,2.0,,,0.5651866011647716,,,,1.0,1.0,1.0,0.0,0.0,1.0,1.0,1.0,1.0,,1.0,1.0,2.0,2.0,1.0,1.0,0.0,0.0,1.0,0.0,,1.0,,1
0.0,1.0,0.4059529449714223,1.0,1.0,1.0,0.5651866011647716,0.3687130408412641,0.3290034071550255,1.0,1.0,1.0,1.0,0.0,0.0,1.0,1.0,1.0,1.0,0.0,2.0,1.0,2.0,0.0,2.0,0.0,1.0,1.0,1.0,0.0,1.0,2.0,0.0,0
0.0,1.0,0.4059529449714223,1.0,1.0,1.0,0.2608303362988201,0.2293199502739537,0.1904496412162511,1.0,0.0,0.0,0.0,0.0,0.0,0.0,1.0,3.0,1.0,0.0,0.0,1.0,2.0,1.0,1.0,1.0,0.0,0.0,0.0,0.0,1.0,1.0,0.0,0
0.0,0.0,0.4472088227382767,1.0,,0.0,0.5651866011647716,0.464504830773996,,0.0,2.0,1.0,,0.0,0.0,,0.0,,1.0,0.0,2.0,,1.0,1.0,0.0,0.0,2.0,1.0,,0.0,,,1.0,1
1.0,1.0,0.4059529449714223,2.0,1.0,1.0,0.4567380973729042,0.3687130408412641,0.6480146769754948,2.0,1.0,1.0,1.0,1.0,2.0,0.0,0.0,1.0,1.0,1.0,2.0,1.0,2.0,1.0,2.0,2.0,0.0,0.0,0.0,0.0,1.0,1.0,1.0,1
0.0,0.0,0.4472088227382767,0.0,2.0,2.0,0.5124929017603634,0.5068458577828254,0.3835483085908981,0.0,1.0,0.0,1.0,1.0,2.0,1.0,1.0,1.0,1.0,0.0,1.0,0.0,2.0,1.0,0.0,0.0,0.0,0.0,1.0,0.0,2.0,2.0,0.0,0
1.0,0.0,0.4472088227382767,1.0,1.0,0.0,0.4567380973729042,0.5564735945485519,0.6848381601362862,3.0,2.0,1.0,0.0,1.0,0.0,0.0,0.0,0.0,0.0,0.0,0.0,1.0,1.0,1.0,1.0,2.0,1.0,0.0,1.0,0.0,0.0,1.0,1.0,1
,0.0,0.4059529449714223,,,,0.5124929017603634,,0.4249802634312544,1.0,4.0,,1.0,1.0,2.0,1.0,1.0,2.0,1.0,1.0,2.0,1.0,2.0,,1.0,,0.0,0.0,1.0,0.0,1.0,1.0,,0
0.0,2.0,0.4059529449714223,0.0,2.0,2.0,0.2608303362988201,0.2293199502739537,0.1904496412162511,1.0,1.0,0.0,0.0,0.0,0.0,0.0,0.0,1.0,1.0,0.0,0.0,1.0,1.0,0.0,1.0,0.0,1.0,1.0,1.0,1.0,2.0,1.0,1.0,0
0.0,0.0,0.4472088227382767,1.0,0.0,0.0,0.5651866011647716,0.5553488857212391,0.3290034071550255,0.0,2.0,1.0,0.0,1.0,2.0,1.0,0.0,1.0,1.0,0.0,1.0,1.0,1.0,1.0,1.0,1.0,1.0,1.0,0.0,0.0,1.0,1.0,0.0,0
1.0,1.0,0.4059529449714223,0.0,1.0,1.0,0.5124929017603634,0.464504830773996,0.2300776074200265,1.0,1.0,1.0,0.0,0.0,0.0,1.0,1.0,1.0,1.0,0.0,2.0,1.0,2.0,1.0,0.0,1.0,0.0,0.0,1.0,1.0,2.0,2.0,0.0,0
1.0,0.0,0.4472088227382767,1.0,0.0,0.0,0.4567380973729042,0.5564735945485519,0.6868662286038777,1.0,2.0,1.0,1.0,0.0,0.0,0.0,0.0,0.0,0.0,0.0,0.0,0.0,2.0,1.0,1.0,2.0,1.0,1.0,1.0,0.0,2.0,0.0,0.0,1
1.0,0.0,0.4472088227382767,0.0,1.0,0.0,0.4567380973729042,0.464504830773996,0.6316167566347161,0.0,2.0,1.0,1.0,1.0,2.0,0.0,1.0,1.0,1.0,0.0,1.0,1.0,1.0,2.0,0.0,1.0,1.0,1.0,0.0,0.0,2.0,1.0,0.0,1
0.0,1.0,0.4472088227382767,1.0,1.0,1.0,0.2608303362988201,0.5564735945485519,0.1904496412162511,0.0,0.0,0.0,0.0,0.0,0.0,0.0,1.0,1.0,1.0,0.0,2.0,1.0,2.0,1.0,0.0,0.0,1.0,1.0,0.0,1.0,1.0,1.0,0.0,0
0.0,1.0,0.4059529449714223,1.0,0.0,0.0,0.3592782301026135,0.2631793890457632,0.2692625943051838,3.0,2.0,0.0,0.0,1.0,2.0,1.0,1.0,1.0,1.0,0.0,1.0,1.0,1.0,1.0,2.0,1.0,1.0,1.0,1.0,0.0,1.0,1.0,1.0,0
1.0,0.0,0.4472088227382767,0.0,0.0,0.0,0.5651866011647716,0.5553488857212391,0.5235661555934129,1.0,0.0,1.0,1.0,0.0,0.0,1.0,1.0,1.0,0.0,0.0,1.0,1.0,1.0,1.0,1.0,1.0,0.0,0.0,1.0,1.0,1.0,1.0,1.0,1
1.0,1.0,0.4472088227382767,1.0,2.0,0.0,0.4567380973729042,0.464504830773996,0.6316167566347161,0.0,2.0,1.0,0.0,1.0,2.0,0.0,0.0,0.0,0.0,0.0,0.0,0.0,0.0,0.0,1.0,1.0,2.0,1.0,0.0,0.0,1.0,0.0,1.0,1
0.0,,0.4059529449714223,1.0,,1.0,,0.3687130408412641,,,,0.0,0.0,0.0,0.0,0.0,,0.0,0.0,0.0,,0.0,0.0,0.0,1.0,,1.0,1.0,0.0,0.0,0.0,0.0,0.0,0
1.0,2.0,0.4059529449714223,2.0,0.0,0.0,0.3592782301026135,0.2631793890457632,0.2692625943051838,2.0,1.0,1.0,1.0,0.0,2.0,1.0,1.0,1.0,1.0,1.0,2.0,1.0,2.0,0.0,0.0,0.0,0.0,0.0,1.0,0.0,2.0,2.0,0.0,0
1.0,0.0,0.4059529449714223,1.0,1.0,1.0,0.5124929017603634,0.5553488857212391,0.5235661555934129,1.0,2.0,1.0,0.0,1.0,1.0,0.0,0.0,0.0,0.0,0.0,1.0,1.0,2.0,2.0,1.0,1.0,2.0,2.0,0.0,0.0,0.0,0.0,1.0,1
1.0,0.0,0.4472088227382767,1.0,0.0,0.0,0.4567380973729042,0.464504830773996,0.2300776074200265,1.0,0.0,1.0,0.0,0.0,0.0,1.0,0.0,0.0,0.0,0.0,1.0,1.0,1.0,1.0,0.0,1.0,1.0,0.0,1.0,0.0,2.0,1.0,0.0,0
1.0,2.0,0.4059529449714223,1.0,0.0,0.0,0.5651866011647716,0.3687130408412641,0.327141836566467,3.0,2.0,1.0,1.0,1.0,2.0,1.0,1.0,1.0,1.0,2.0,2.0,1.0,2.0,1.0,1.0,1.0,1.0,1.0,1.0,0.0,2.0,2.0,1.0,0
1.0,2.0,0.4059529449714223,1.0,2.0,0.0,0.5124929017603634,0.5553488857212391,0.8560477001703577,1.0,0.0,0.0,0.0,0.0,1.0,0.0,0.0,0.0,0.0,1.0,0.0,0.0,2.0,2.0,1.0,2.0,2.0,2.0,0.0,0.0,0.0,0.0,0.0,1
1.0,0.0,0.4059529449714223,1.0,0.0,0.0,0.5651866011647716,0.5068458577828254,0.4981509951385715,1.0,0.0,0.0,0.0,0.0,0.0,0.0,0.0,0.0,0.0,1.0,1.0,0.0,1.0,1.0,1.0,1.0,0.0,2.0,0.0,0.0,1.0,1.0,0.0,0
1.0,3.468984251376473,0.4472088227382767,1.0,3.55862379327542,3.3566824392321646,0.4567380973729042,0.5564735945485519,0.6868662286038777,5.102741184057091,7.884086322351143,1.0,1.0,0.0,0.0,0.0,0.0,0.0,0.0,0.0,0.0,0.0,2.0,1.0,4.350919003746875,2.0,1.0,1.0,1.0,0.0,2.0,0.0,0.0,1
0.0,0.0,0.4472088227382767,0.0,0.0,0.0,0.5651866011647716,0.464504830773996,0.6316167566347161,0.0,0.0,0.0,1.0,1.0,1.0,1.0,1.0,2.0,1.0,0.0,2.0,1.0,1.0,1.0,1.0,2.0,2.0,1.0,1.0,0.0,2.0,2.0,1.0,1
0.0,1.0,0.4059529449714223,1.0,1.0,1.0,0.3592782301026135,0.5068458577828254,0.4981509951385715,1.0,2.0,1.0,0.0,1.0,1.0,1.0,1.0,2.0,1.0,1.0,1.0,0.0,2.0,1.0,1.0,2.0,0.0,0.0,1.0,0.0,1.0,1.0,0.0,0
0.0,1.0,,1.0,0.0,0.0,0.2608303362988201,0.3687130408412641,0.3290034071550255,0.0,0.0,,0.0,,1.0,0.0,,0.0,0.0,0.0,0.0,1.0,2.0,1.0,,1.0,,0.0,,,0.0,,0.0,0
0.0,1.0,0.4472088227382767,1.0,1.0,0.0,0.5124929017603634,0.5068458577828254,0.6695059625212947,0.0,3.0,1.0,1.0,1.0,2.0,0.0,0.0,1.0,1.0,0.0,2.0,1.0,2.0,0.0,0.0,0.0,1.0,0.0,0.0,0.0,0.0,0.0,1.0,1
1.0,0.0,0.4472088227382767,1.0,0.0,0.0,0.3592782301026135,0.2631793890457632,0.6060477001703577,,0.0,1.0,0.0,,2.0,0.0,0.0,0.0,0.0,,0.0,,,1.0,,2.0,1.0,,0.0,,,0.0,0.0,1
1.0,1.0,0.4059529449714223,1.0,0.0,0.0,0.5651866011647716,0.5564735945485519,0.3030238500851788,0.0,0.0,1.0,1.0,1.0,2.0,1.0,1.0,1.0,1.0,2.0,1.0,1.0,2.0,1.0,2.0,1.0,2.0,2.0,1.0,1.0,2.0,2.0,1.0,0
0.0,1.0,0.4059529449714223,2.0,1.0,0.0,0.2608303362988201,0.2293199502739537,0.1904496412162511,1.0,0.0,1.0,0.0,0.0,0.0,0.0,0.0,2.0,1.0,0.0,1.0,1.0,1.0,1.0,1.0,1.0,1.0,0.0,0.0,0.0,1.0,1.0,0.0,1
1.0,1.0,0.4059529449714223,1.0,1.0,1.0,0.3592782301026135,0.2631793890457632,0.21308239366161,0.0,0.0,1.0,1.0,1.0,2.0,0.0,0.0,0.0,0.0,0.0,1.0,0.0,1.0,1.0,1.0,1.0,0.0,2.0,0.0,0.0,1.0,0.0,0.0,1
1.0,2.0,,1.0,,0.0,0.4567380973729042,,0.3835483085908981,1.0,2.0,1.0,1.0,0.0,,1.0,1.0,,1.0,1.0,2.0,1.0,2.0,1.0,,,0.0,,,0.0,2.0,2.0,0.0,1
0.0,0.0,0.4059529449714223,0.0,0.0,0.0,0.5124929017603634,0.464504830773996,0.2300776074200265,1.0,2.0,0.0,0.0,0.0,0.0,0.0,0.0,0.0,0.0,0.0,1.0,0.0,1.0,1.0,0.0,2.0,2.0,1.0,0.0,0.0,1.0,1.0,0.0,0
1.0,0.0,0.4059529449714223,1.0,0.0,0.0,0.5651866011647716,0.5553488857212391,0.6424190800681431,1.0,3.0,1.0,0.0,0.0,0.0,1.0,1.0,1.0,1.0,0.0,1.0,1.0,2.0,0.0,0.0,0.0,0.0,1.0,1.0,0.0,1.0,1.0,1.0,0
0.0,1.0,0.4472088227382767,2.0,2.0,2.0,0.2608303362988201,0.2293199502739537,0.4520159000567859,1.0,1.0,0.0,0.0,0.0,0.0,0.0,0.0,2.0,0.0,0.0,0.0,0.0,0.0,0.0,1.0,2.0,2.0,2.0,0.0,0.0,1.0,0.0,0.0,0
0.0,2.0,0.4059529449714223,0.0,0.0,0.0,0.5124929017603634,0.5068458577828254,0.3835483085908981,0.0,0.0,1.0,0.0,1.0,2.0,0.0,0.0,0.0,0.0,0.0,1.0,1.0,2.0,1.0,0.0,1.0,1.0,1.0,0.0,0.0,2.0,1.0,0.0,0
1.0,0.0,0.4472088227382767,0.0,0.0,0.0,0.5124929017603634,0.5553488857212391,0.5235661555934129,0.0,3.0,1.0,1.0,1.0,2.0,1.0,1.0,0.0,0.0,0.0,1.0,1.0,2.0,1.0,1.0,0.0,0.0,0.0,0.0,1.0,1.0,1.0,0.0,0
0.0,0.0,0.4472088227382767,1.0,0.0,0.0,0.3592782301026135,0.2631793890457632,0.1186825667234526,1.0,1.0,1.0,1.0,0.0,0.0,1.0,1.0,0.0,1.0,0.0,2.0,1.0,2.0,0.0,1.0,1.0,2.0,0.0,1.0,0.0,2.0,2.0,1.0,0
0.0,0.0,0.4472088227382767,1.0,0.0,0.0,0.5651866011647716,0.464504830773996,0.6316167566347161,0.0,2.0,1.0,1.0,0.0,0.0,0.0,0.0,1.0,1.0,0.0,2.0,1.0,1.0,1.0,0.0,0.0,2.0,1.0,0.0,0.0,1.0,0.0,1.0,1
0.0,0.0,0.4059529449714223,1.0,0.0,0.0,0.3592782301026135,0.2631793890457632,0.21308239366161,0.0,1.0,1.0,1.0,1.0,0.0,1.0,1.0,0.0,1.0,0.0,1.0,1.0,2.0,1.0,0.0,0.0,1.0,0.0,1.0,0.0,1.0,1.0,0.0,0
0.0,1.0,0.4472088227382767,1.0,0.0,0.0,0.3592782301026135,0.2631793890457632,0.21308239366161,0.0,0.0,1.0,0.0,0.0,1.0,1.0,1.0,0.0,0.0,1.0,1.0,1.0,2.0,0.0,0.0,0.0,0.0,0.0,1.0,0.0,2.0,2.0,1.0,0
1.0,0.0,0.4472088227382767,1.0,0.0,0.0,0.5651866011647716,0.6003779812606473,0.6232770636518506,0.0,0.0,0.0,0.0,0.0,1.0,0.0,0.0,0.0,0.0,0.0,0.0,1.0,0.0,2.0,0.0,2.0,0.0,0.0,0.0,0.0,1.0,1.0,1.0,1
0.0,1.0,0.4059529449714223,1.0,0.0,0.0,0.3592782301026135,0.2631793890457632,0.2692625943051838,0.0,0.0,0.0,0.0,1.0,1.0,0.0,0.0,1.0,1.0,0.0,2.0,1.0,2.0,1.0,0.0,1.0,1.0,1.0,1.0,0.0,1.0,1.0,1.0,0
1.0,2.0,0.4059529449714223,1.0,2.0,2.0,0.5651866011647716,0.3687130408412641,0.327141836566467,2.0,0.0,1.0,1.0,1.0,2.0,1.0,1.0,2.0,1.0,2.0,1.0,1.0,1.0,1.0,1.0,1.0,0.0,0.0,1.0,1.0,1.0,1.0,1.0,1
1.0,0.0,0.4472088227382767,1.0,1.0,1.0,0.5651866011647716,0.5553488857212391,0.7120954003407155,1.0,2.0,1.0,1.0,1.0,2.0,0.0,0.0,1.0,1.0,2.0,1.0,1.0,2.0,0.0,2.0,2.0,2.0,2.0,0.0,0.0,1.0,1.0,1.0,1
1.0,0.0,0.4059529449714223,1.0,1.0,1.0,0.5651866011647716,0.5564735945485519,0.6868662286038777,1.0,3.0,1.0,1.0,1.0,2.0,1.0,1.0,3.0,1.0,2.0,2.0,1.0,2.0,0.0,0.0,0.0,1.0,0.0,1.0,0.0,1.0,2.0,0.0,0
1.0,0.0,0.4059529449714223,1.0,0.0,0.0,0.5651866011647716,0.5564735945485519,0.6169676320272572,0.0,0.0,0.0,0.0,1.0,2.0,0.0,0.0,1.0,1.0,0.0,1.0,1.0,1.0,2.0,2.0,2.0,2.0,2.0,0.0,0.0,0.0,0.0,1.0,1
1.0,1.0,0.4059529449714223,2.0,1.0,0.0,0.5651866011647716,0.3687130408412641,0.327141836566467,2.0,1.0,1.0,1.0,1.0,2.0,1.0,1.0,1.0,1.0,2.0,2.0,1.0,2.0,0.0,2.0,2.0,2.0,2.0,1.0,1.0,2.0,2.0,1.0,1
0.0,0.0,0.4472088227382767,0.0,1.0,1.0,0.2608303362988201,0.3687130408412641,0.3290034071550255,1.0,4.0,1.0,1.0,1.0,2.0,1.0,1.0,2.0,1.0,0.0,2.0,1.0,2.0,1.0,1.0,1.0,0.0,1.0,1.0,0.0,1.0,2.0,0.0,0
1.0,1.0,0.4059529449714223,2.0,1.0,1.0,0.5651866011647716,0.3687130408412641,0.327141836566467,3.0,2.0,1.0,0.0,0.0,0.0,0.0,0.0,1.0,1.0,1.0,0.0,0.0,1.0,1.0,2.0,1.0,2.0,2.0,1.0,1.0,1.0,1.0,1.0,1
0.0,0.0,0.4472088227382767,1.0,0.0,0.0,0.5124929017603634,0.5068458577828254,0.4981509951385715,0.0,0.0,1.0,1.0,0.0,0.0,1.0,0.0,0.0,0.0,0.0,1.0,1.0,1.0,1.0,1.0,1.0,1.0,1.0,0.0,0.0,1.0,1.0,1.0,1
0.0,0.0,0.4472088227382767,0.0,1.0,0.0,0.2608303362988201,0.3687130408412641,0.3290034071550255,0.0,0.0,0.0,0.0,0.0,0.0,0.0,0.0,0.0,0.0,0.0,0.0,0.0,0.0,2.0,1.0,1.0,1.0,1.0,0.0,0.0,0.0,0.0,0.0,1
1.0,1.0,0.4059529449714223,1.0,1.0,1.0,0.5651866011647716,0.5553488857212391,0.6848381601362862,2.0,1.0,1.0,0.0,1.0,1.0,0.0,0.0,0.0,0.0,0.0,1.0,1.0,1.0,0.0,1.0,0.0,0.0,1.0,0.0,0.0,1.0,0.0,1.0,1
,,,1.0,0.0,,0.5651866011647716,0.5564735945485519,0.4931082546074028,,1.0,1.0,0.0,0.0,,0.0,,0.0,0.0,0.0,2.0,1.0,1.0,1.0,2.0,1.0,1.0,2.0,0.0,0.0,,,1.0,1
0.0,0.0,0.4059529449714223,1.0,0.0,0.0,0.3592782301026135,0.2631793890457632,0.21308239366161,0.0,2.0,1.0,1.0,1.0,2.0,1.0,1.0,3.0,1.0,0.0,2.0,1.0,2.0,1.0,1.0,1.0,1.0,1.0,1.0,0.0,2.0,1.0,0.0,0
0.0,0.0,0.4059529449714223,1.0,0.0,0.0,0.3592782301026135,0.2631793890457632,0.060598685811633,0.0,0.0,1.0,1.0,0.0,1.0,0.0,0.0,1.0,1.0,1.0,1.0,1.0,1.0,1.0,1.0,1.0,0.0,1.0,1.0,0.0,0.0,1.0,1.0,0
0.0,2.0,0.4059529449714223,2.0,2.0,2.0,0.4567380973729042,0.6003779812606473,0.4021991636983119,1.0,4.0,1.0,1.0,1.0,2.0,1.0,1.0,1.0,1.0,1.0,2.0,1.0,2.0,1.0,0.0,0.0,1.0,1.0,1.0,0.0,1.0,1.0,1.0,0
0.0,1.0,0.4059529449714223,1.0,1.0,1.0,0.4567380973729042,0.5068458577828254,0.3835483085908981,1.0,2.0,1.0,0.0,0.0,0.0,0.0,0.0,2.0,1.0,1.0,1.0,0.0,0.0,0.0,1.0,0.0,1.0,1.0,0.0,0.0,2.0,2.0,0.0,0
0.0,0.0,0.4059529449714223,0.0,1.0,1.0,0.5124929017603634,0.5068458577828254,0.4249802634312544,0.0,3.0,1.0,0.0,1.0,2.0,0.0,0.0,1.0,0.0,0.0,0.0,0.0,0.0,2.0,1.0,2.0,2.0,2.0,0.0,0.0,0.0,0.0,1.0,1
,,,1.0,,0.0,,,,1.0,0.0,1.0,0.0,0.0,0.0,0.0,0.0,1.0,0.0,0.0,0.0,0.0,0.0,0.0,1.0,2.0,2.0,2.0,,0.0,1.0,,0.0,1
1.0,0.0,0.4059529449714223,1.0,0.0,0.0,0.2608303362988201,0.2293199502739537,0.1904496412162511,1.0,0.0,0.0,0.0,0.0,0.0,1.0,0.0,0.0,0.0,0.0,1.0,1.0,0.0,0.0,0.0,0.0,1.0,1.0,1.0,0.0,1.0,2.0,0.0,0
0.0,1.0,0.4059529449714223,1.0,1.0,1.0,0.2608303362988201,0.2293199502739537,0.1904496412162511,1.0,0.0,1.0,1.0,0.0,0.0,1.0,1.0,3.0,1.0,0.0,1.0,0.0,1.0,1.0,1.0,1.0,0.0,1.0,1.0,0.0,1.0,1.0,0.0,0
1.0,5.468984251376472,0.4059529449714223,3.0,3.55862379327542,3.3566824392321646,0.2608303362988201,0.2293199502739537,0.1904496412162511,4.102741184057091,6.884086322351143,0.0,0.0,0.0,0.0,0.0,0.0,2.0,0.0,0.0,0.0,0.0,0.0,2.0,4.350919003746875,0.0,2.0,2.0,0.0,0.0,0.0,0.0,1.0,0
1.0,0.0,0.4059529449714223,0.0,1.0,1.0,0.5651866011647716,0.464504830773996,0.6316167566347161,1.0,2.0,1.0,1.0,1.0,2.0,1.0,1.0,1.0,1.0,0.0,2.0,1.0,1.0,1.0,1.0,1.0,1.0,1.0,0.0,0.0,1.0,1.0,0.0,0
0.0,1.0,0.4059529449714223,1.0,,2.0,,0.2293199502739537,0.1904496412162511,2.0,1.0,0.0,0.0,,0.0,1.0,0.0,,1.0,0.0,,1.0,2.0,,1.0,1.0,2.0,,1.0,,1.0,1.0,,0
0.0,3.468984251376473,0.4472088227382767,1.0,3.55862379327542,3.3566824392321646,0.3592782301026135,0.2631793890457632,0.1186825667234526,5.102741184057091,6.884086322351143,1.0,1.0,0.0,0.0,1.0,1.0,0.0,1.0,0.0,2.0,1.0,2.0,0.0,4.350919003746875,1.0,2.0,0.0,1.0,0.0,2.0,2.0,1.0,0
0.0,1.0,0.4778534923339012,0.0,1.0,0.0,0.5124929017603634,0.5564735945485519,0.7591679368779701,0.0,1.0,1.0,0.0,0.0,0.0,0.0,0.0,0.0,0.0,0.0,0.0,1.0,0.0,1.0,0.0,2.0,2.0,2.0,0.0,0.0,1.0,2.0,1.0,1
0.0,1.0,0.4059529449714223,1.0,1.0,0.0,0.5651866011647716,0.5564735945485519,0.9680106000378572,2.0,1.0,1.0,1.0,1.0,1.0,1.0,1.0,1.0,1.0,1.0,1.0,1.0,1.0,1.0,1.0,1.0,0.0,1.0,1.0,1.0,1.0,1.0,1.0,1
0.0,1.0,0.4059529449714223,,0.0,0.0,0.3592782301026135,,,2.0,2.0,1.0,0.0,1.0,,1.0,1.0,3.0,1.0,,,1.0,2.0,1.0,1.0,1.0,0.0,0.0,1.0,0.0,,,,0
1.0,1.0,0.4059529449714223,2.0,1.0,1.0,0.2608303362988201,0.2293199502739537,0.4520159000567859,2.0,1.0,1.0,1.0,0.0,0.0,1.0,1.0,1.0,1.0,0.0,1.0,1.0,1.0,1.0,2.0,1.0,0.0,1.0,1.0,0.0,1.0,1.0,1.0,1
1.0,0.0,0.4059529449714223,1.0,0.0,0.0,0.3592782301026135,0.3687130408412641,0.327141836566467,1.0,3.0,1.0,1.0,1.0,2.0,1.0,1.0,3.0,1.0,1.0,2.0,1.0,2.0,1.0,1.0,1.0,0.0,1.0,1.0,0.0,2.0,2.0,0.0,0
1.0,1.0,0.4059529449714223,3.0,2.0,0.0,0.3592782301026135,0.2631793890457632,0.3227909043774535,0.0,2.0,0.0,0.0,1.0,2.0,1.0,0.0,1.0,1.0,0.0,1.0,1.0,2.0,0.0,0.0,1.0,2.0,1.0,1.0,0.0,2.0,1.0,1.0,1
0.0,2.0,0.4059529449714223,1.0,2.0,2.0,0.2608303362988201,0.2293199502739537,0.1904496412162511,1.0,1.0,0.0,0.0,0.0,1.0,1.0,1.0,3.0,1.0,0.0,2.0,1.0,2.0,0.0,0.0,0.0,1.0,1.0,1.0,0.0,2.0,2.0,0.0,0
0.0,2.0,0.4059529449714223,0.0,1.0,1.0,0.5124929017603634,0.5564735945485519,0.2693545334090479,0.0,0.0,0.0,0.0,0.0,1.0,0.0,0.0,0.0,0.0,0.0,1.0,0.0,0.0,1.0,1.0,1.0,2.0,2.0,0.0,1.0,0.0,0.0,1.0,1
1.0,0.0,0.4059529449714223,1.0,1.0,1.0,0.2608303362988201,0.3687130408412641,0.327141836566467,1.0,0.0,1.0,0.0,0.0,0.0,1.0,1.0,3.0,1.0,0.0,1.0,1.0,2.0,0.0,0.0,0.0,1.0,1.0,1.0,0.0,2.0,2.0,0.0,0
0.0,0.0,0.4472088227382767,1.0,0.0,0.0,0.3592782301026135,0.2631793890457632,0.21308239366161,0.0,2.0,0.0,1.0,1.0,2.0,1.0,1.0,3.0,1.0,1.0,2.0,1.0,2.0,1.0,1.0,1.0,1.0,1.0,1.0,0.0,1.0,1.0,0.0,0
1.0,0.0,0.4472088227382767,0.0,0.0,0.0,0.5124929017603634,0.5564735945485519,0.2693545334090479,0.0,2.0,0.0,1.0,1.0,2.0,1.0,1.0,1.0,1.0,0.0,1.0,1.0,1.0,1.0,1.0,1.0,0.0,0.0,1.0,0.0,1.0,1.0,0.0,0
0.0,2.0,0.4059529449714223,0.0,0.0,0.0,0.5124929017603634,0.5068458577828254,0.3835483085908981,0.0,0.0,1.0,0.0,1.0,2.0,0.0,0.0,0.0,0.0,0.0,1.0,1.0,1.0,1.0,0.0,1.0,1.0,1.0,0.0,0.0,2.0,1.0,0.0,0
0.0,0.0,0.4472088227382767,1.0,0.0,0.0,0.2608303362988201,0.2293199502739537,0.1904496412162511,0.0,0.0,0.0,0.0,0.0,0.0,1.0,0.0,3.0,1.0,0.0,1.0,1.0,2.0,1.0,2.0,1.0,2.0,0.0,1.0,0.0,2.0,2.0,0.0,0
0.0,0.0,0.4472088227382767,1.0,0.0,0.0,0.5651866011647716,0.3687130408412641,0.3290034071550255,1.0,1.0,0.0,1.0,0.0,0.0,1.0,1.0,2.0,1.0,0.0,1.0,1.0,1.0,1.0,1.0,0.0,1.0,1.0,0.0,0.0,1.0,1.0,0.0,0
1.0,2.0,0.4059529449714223,1.0,2.0,1.0,0.3592782301026135,0.2631793890457632,0.3227909043774535,0.0,1.0,1.0,1.0,1.0,2.0,1.0,0.0,1.0,1.0,2.0,2.0,1.0,1.0,1.0,1.0,1.0,0.0,0.0,1.0,0.0,1.0,1.0,1.0,1
0.0,1.0,0.4059529449714223,1.0,0.0,0.0,0.3592782301026135,0.464504830773996,0.6316167566347161,0.0,2.0,1.0,0.0,0.0,1.0,0.0,0.0,0.0,0.0,0.0,0.0,0.0,0.0,2.0,1.0,0.0,0.0,2.0,0.0,0.0,0.0,0.0,0.0,0
1.0,2.0,0.4059529449714223,1.0,2.0,0.0,0.5651866011647716,0.5564735945485519,0.4915767556312701,3.0,2.0,1.0,1.0,1.0,2.0,1.0,1.0,3.0,1.0,2.0,1.0,1.0,2.0,1.0,2.0,1.0,1.0,1.0,1.0,0.0,1.0,1.0,1.0,1
1.0,1.0,0.4059529449714223,1.0,1.0,1.0,0.3592782301026135,0.2631793890457632,0.21308239366161,1.0,3.0,1.0,1.0,1.0,2.0,1.0,1.0,2.0,1.0,1.0,2.0,1.0,2.0,0.0,2.0,1.0,2.0,0.0,1.0,1.0,2.0,1.0,1.0,0
0.0,0.0,0.4472088227382767,1.0,0.0,0.0,0.5651866011647716,0.5068458577828254,0.4981509951385715,0.0,0.0,1.0,1.0,1.0,2.0,0.0,0.0,1.0,1.0,0.0,0.0,0.0,0.0,0.0,0.0,2.0,2.0,2.0,0.0,1.0,0.0,0.0,0.0,0
0.0,0.0,0.4059529449714223,1.0,0.0,0.0,0.2608303362988201,0.5564735945485519,0.5616127200454287,0.0,0.0,0.0,0.0,1.0,2.0,0.0,1.0,1.0,1.0,0.0,0.0,1.0,1.0,1.0,1.0,1.0,2.0,2.0,1.0,0.0,1.0,1.0,1.0,0
1.0,0.0,0.4059529449714223,1.0,1.0,0.0,0.5124929017603634,0.5068458577828254,0.601727914334388,1.0,1.0,1.0,1.0,0.0,0.0,1.0,1.0,1.0,1.0,1.0,1.0,1.0,1.0,1.0,0.0,1.0,0.0,0.0,1.0,1.0,1.0,1.0,1.0,1
0.0,1.0,0.4059529449714223,,1.0,1.0,0.5651866011647716,0.3687130408412641,0.3290034071550255,,,1.0,1.0,0.0,,1.0,,,1.0,0.0,2.0,1.0,,0.0,2.0,0.0,,1.0,1.0,0.0,1.0,2.0,,0
0.0,0.0,0.4472088227382767,0.0,1.0,0.0,0.5124929017603634,0.5068458577828254,0.3835483085908981,0.0,2.0,1.0,0.0,0.0,2.0,0.0,0.0,0.0,0.0,0.0,2.0,1.0,2.0,0.0,0.0,2.0,2.0,2.0,1.0,0.0,2.0,2.0,0.0,1
0.0,0.0,0.4472088227382767,0.0,0.0,0.0,0.3592782301026135,0.2631793890457632,0.4848381601362862,0.0,0.0,1.0,0.0,0.0,2.0,0.0,0.0,0.0,0.0,0.0,1.0,0.0,0.0,2.0,2.0,1.0,2.0,2.0,0.0,0.0,2.0,1.0,1.0,0
1.0,5.468984251376472,0.4059529449714223,1.0,5.5586237932754194,5.356682439232165,0.4567380973729042,0.464504830773996,0.6316167566347161,5.102741184057091,7.884086322351143,1.0,1.0,0.0,0.0,0.0,0.0,3.0,1.0,0.0,2.0,0.0,2.0,0.0,4.350919003746875,1.0,2.0,2.0,0.0,0.0,1.0,1.0,0.0,0
1.0,0.0,0.4472088227382767,1.0,0.0,0.0,0.5651866011647716,0.3687130408412641,0.3290034071550255,1.0,2.0,1.0,1.0,1.0,0.0,0.0,1.0,1.0,1.0,0.0,1.0,1.0,2.0,1.0,1.0,1.0,1.0,1.0,1.0,0.0,2.0,1.0,1.0,0
1.0,0.0,0.4059529449714223,1.0,1.0,0.0,0.5651866011647716,0.5068458577828254,0.4981509951385715,1.0,4.0,1.0,0.0,0.0,0.0,1.0,0.0,0.0,0.0,0.0,1.0,1.0,2.0,1.0,2.0,1.0,2.0,2.0,1.0,0.0,2.0,2.0,1.0,1
1.0,1.0,0.4059529449714223,1.0,2.0,1.0,0.4567380973729042,0.6003779812606473,0.4021991636983119,1.0,3.0,1.0,1.0,1.0,1.0,1.0,0.0,1.0,1.0,0.0,1.0,1.0,2.0,1.0,1.0,1.0,1.0,1.0,0.0,0.0,1.0,1.0,0.0,1
1.0,1.0,0.4059529449714223,1.0,1.0,1.0,0.5651866011647716,0.5553488857212391,0.601727914334388,2.0,1.0,1.0,0.0,0.0,0.0,0.0,0.0,2.0,1.0,1.0,1.0,1.0,2.0,1.0,1.0,1.0,0.0,0.0,0.0,1.0,1.0,1.0,1.0,1
0.0,3.468984251376473,0.4059529449714223,1.0,5.5586237932754194,5.356682439232165,0.5651866011647716,0.5564735945485519,0.4963900381276872,5.102741184057091,7.884086322351143,1.0,1.0,0.0,0.0,1.0,1.0,2.0,1.0,0.0,2.0,1.0,2.0,1.0,4.350919003746875,1.0,1.0,0.0,1.0,0.0,2.0,2.0,0.0,0
0.0,1.0,0.4472088227382767,1.0,1.0,1.0,0.4567380973729042,0.3687130408412641,0.6480146769754948,2.0,1.0,1.0,1.0,1.0,2.0,1.0,1.0,1.0,1.0,1.0,2.0,1.0,2.0,1.0,0.0,1.0,0.0,1.0,1.0,0.0,1.0,1.0,1.0,1
0.0,1.0,0.4472088227382767,0.0,0.0,0.0,0.5651866011647716,0.5564735945485519,0.3290034071550255,1.0,1.0,0.0,1.0,1.0,2.0,1.0,1.0,1.0,1.0,0.0,2.0,1.0,2.0,0.0,0.0,0.0,1.0,1.0,1.0,0.0,2.0,2.0,0.0,0
1.0,1.0,0.4059529449714223,0.0,2.0,0.0,0.5651866011647716,0.464504830773996,0.6316167566347161,0.0,2.0,1.0,0.0,0.0,0.0,0.0,0.0,1.0,1.0,0.0,1.0,0.0,0.0,2.0,2.0,2.0,2.0,2.0,0.0,0.0,0.0,0.0,0.0,1
0.0,1.0,0.4059529449714223,1.0,1.0,1.0,0.3592782301026135,0.2631793890457632,0.1186825667234526,3.0,1.0,1.0,1.0,0.0,2.0,1.0,0.0,0.0,0.0,1.0,1.0,1.0,2.0,1.0,1.0,2.0,2.0,2.0,1.0,1.0,1.0,1.0,1.0,0
1.0,1.0,0.4059529449714223,1.0,1.0,1.0,0.4567380973729042,0.3687130408412641,0.327141836566467,2.0,2.0,1.0,0.0,0.0,0.0,1.0,1.0,2.0,1.0,1.0,1.0,1.0,2.0,0.0,2.0,1.0,0.0,0.0,1.0,0.0,1.0,1.0,1.0,1
1.0,1.0,0.4778534923339012,1.0,0.0,0.0,0.3592782301026135,0.2631793890457632,0.21308239366161,0.0,3.0,1.0,1.0,1.0,2.0,1.0,1.0,2.0,1.0,1.0,2.0,1.0,2.0,1.0,1.0,1.0,0.0,0.0,1.0,0.0,1.0,1.0,0.0,0
1.0,1.0,0.4059529449714223,2.0,1.0,1.0,0.5651866011647716,0.6003779812606473,0.6232770636518506,1.0,1.0,1.0,1.0,0.0,0.0,1.0,0.0,1.0,1.0,0.0,2.0,1.0,2.0,1.0,1.0,1.0,0.0,1.0,0.0,0.0,1.0,1.0,0.0,1
1.0,0.0,0.4059529449714223,1.0,2.0,2.0,0.2608303362988201,0.2293199502739537,0.1904496412162511,0.0,0.0,1.0,0.0,1.0,1.0,0.0,0.0,1.0,1.0,0.0,1.0,0.0,2.0,0.0,1.0,0.0,2.0,0.0,1.0,0.0,1.0,1.0,0.0,0
1.0,4.468984251376472,0.4059529449714223,0.0,4.5586237932754194,4.356682439232165,0.5651866011647716,0.5068458577828254,0.4249802634312544,5.102741184057091,5.884086322351143,1.0,1.0,1.0,1.0,0.0,0.0,1.0,1.0,1.0,1.0,0.0,1.0,0.0,4.350919003746875,2.0,0.0,2.0,0.0,0.0,1.0,1.0,0.0,1
1.0,0.0,0.4472088227382767,1.0,0.0,0.0,0.5124929017603634,0.5553488857212391,0.2034558286687758,2.0,2.0,1.0,1.0,0.0,0.0,0.0,0.0,0.0,0.0,0.0,1.0,1.0,2.0,0.0,0.0,1.0,1.0,0.0,1.0,0.0,2.0,1.0,1.0,0
0.0,0.0,0.4059529449714223,1.0,0.0,0.0,0.3592782301026135,0.2631793890457632,0.3227909043774535,1.0,0.0,0.0,1.0,0.0,1.0,0.0,1.0,0.0,0.0,0.0,0.0,0.0,1.0,1.0,0.0,2.0,2.0,2.0,0.0,0.0,0.0,0.0,1.0,1
1.0,0.0,0.4472088227382767,1.0,0.0,0.0,0.2608303362988201,0.2293199502739537,0.1904496412162511,0.0,0.0,0.0,0.0,0.0,0.0,0.0,0.0,0.0,0.0,0.0,0.0,0.0,0.0,1.0,2.0,1.0,2.0,1.0,0.0,0.0,0.0,0.0,0.0,1
1.0,5.468984251376472,0.4059529449714223,1.0,4.5586237932754194,4.356682439232165,0.2608303362988201,0.2293199502739537,0.1904496412162511,4.102741184057091,6.884086322351143,1.0,0.0,0.0,0.0,0.0,0.0,3.0,1.0,1.0,1.0,0.0,0.0,2.0,4.350919003746875,1.0,2.0,2.0,0.0,0.0,0.0,0.0,1.0,0
0.0,0.0,0.4472088227382767,0.0,0.0,0.0,,0.3687130408412641,0.3290034071550255,0.0,0.0,,0.0,,,0.0,0.0,0.0,,,1.0,0.0,1.0,,2.0,,2.0,2.0,0.0,0.0,0.0,,0.0,1
0.0,1.0,0.4059529449714223,0.0,0.0,0.0,0.5651866011647716,0.5068458577828254,0.3835483085908981,0.0,1.0,1.0,1.0,0.0,0.0,1.0,1.0,1.0,1.0,0.0,1.0,0.0,1.0,2.0,1.0,0.0,2.0,2.0,1.0,0.0,1.0,1.0,1.0,1
1.0,1.0,0.4472088227382767,0.0,1.0,1.0,0.3592782301026135,0.5068458577828254,0.4981509951385715,2.0,2.0,1.0,0.0,0.0,0.0,0.0,0.0,0.0,0.0,0.0,0.0,1.0,0.0,2.0,0.0,1.0,1.0,2.0,0.0,0.0,2.0,0.0,1.0,0
0.0,0.0,0.4059529449714223,1.0,2.0,1.0,0.5651866011647716,0.464504830773996,0.4249802634312544,0.0,2.0,1.0,0.0,0.0,0.0,0.0,0.0,0.0,0.0,0.0,0.0,0.0,0.0,1.0,2.0,1.0,0.0,1.0,0.0,0.0,0.0,2.0,1.0,1
0.0,0.0,0.4059529449714223,1.0,2.0,2.0,0.2608303362988201,0.2293199502739537,0.1904496412162511,1.0,0.0,1.0,1.0,1.0,1.0,1.0,1.0,2.0,1.0,0.0,2.0,1.0,2.0,1.0,1.0,1.0,1.0,0.0,1.0,1.0,1.0,1.0,1.0,0
0.0,1.0,0.4059529449714223,1.0,1.0,1.0,0.2608303362988201,0.2293199502739537,0.1904496412162511,1.0,0.0,0.0,0.0,0.0,0.0,1.0,1.0,3.0,1.0,0.0,2.0,1.0,2.0,1.0,1.0,1.0,1.0,1.0,1.0,0.0,1.0,1.0,0.0,0
0.0,0.0,0.4472088227382767,1.0,0.0,0.0,0.4567380973729042,0.5564735945485519,0.7591679368779701,1.0,2.0,1.0,1.0,0.0,0.0,1.0,0.0,1.0,1.0,0.0,1.0,1.0,2.0,1.0,0.0,1.0,0.0,1.0,1.0,0.0,1.0,1.0,0.0,0
0.0,1.0,0.4059529449714223,1.0,1.0,0.0,0.2608303362988201,0.2293199502739537,0.1904496412162511,0.0,0.0,1.0,0.0,1.0,1.0,0.0,0.0,1.0,0.0,0.0,0.0,0.0,1.0,1.0,0.0,0.0,1.0,2.0,0.0,0.0,1.0,1.0,1.0,1
1.0,0.0,0.4472088227382767,0.0,1.0,1.0,0.5651866011647716,0.5564735945485519,0.6868662286038777,0.0,2.0,1.0,1.0,1.0,2.0,1.0,1.0,2.0,1.0,1.0,1.0,1.0,2.0,1.0,1.0,0.0,0.0,0.0,1.0,0.0,1.0,1.0,0.0,0
1.0,0.0,0.4472088227382767,0.0,0.0,0.0,0.3592782301026135,0.464504830773996,0.2300776074200265,0.0,0.0,1.0,0.0,0.0,0.0,1.0,1.0,0.0,1.0,0.0,1.0,1.0,1.0,1.0,1.0,1.0,0.0,0.0,1.0,0.0,2.0,1.0,0.0,0
0.0,0.0,0.4059529449714223,2.0,0.0,0.0,0.5651866011647716,0.5564735945485519,0.4931082546074028,1.0,1.0,0.0,0.0,0.0,0.0,0.0,0.0,1.0,1.0,0.0,1.0,0.0,0.0,1.0,1.0,0.0,0.0,2.0,1.0,0.0,2.0,1.0,1.0,0
0.0,2.0,0.4059529449714223,1.0,0.0,0.0,0.2608303362988201,0.2293199502739537,0.5616127200454287,0.0,0.0,0.0,0.0,0.0,0.0,0.0,0.0,1.0,1.0,0.0,1.0,1.0,2.0,1.0,2.0,2.0,1.0,1.0,0.0,0.0,2.0,2.0,1.0,0
1.0,1.0,0.4059529449714223,0.0,0.0,0.0,0.5124929017603634,0.5553488857212391,0.2034558286687758,0.0,3.0,1.0,0.0,0.0,1.0,0.0,1.0,0.0,0.0,0.0,2.0,1.0,1.0,1.0,1.0,0.0,1.0,2.0,0.0,1.0,1.0,0.0,0.0,0
0.0,2.0,0.4059529449714223,0.0,1.0,0.0,0.4567380973729042,0.5068458577828254,0.4981509951385715,0.0,2.0,1.0,0.0,0.0,2.0,1.0,1.0,1.0,1.0,0.0,2.0,1.0,2.0,0.0,2.0,0.0,0.0,0.0,1.0,0.0,2.0,2.0,0.0,1
1.0,0.0,0.4472088227382767,0.0,1.0,1.0,0.5124929017603634,0.5564735945485519,0.2693545334090479,1.0,2.0,1.0,0.0,0.0,0.0,0.0,0.0,0.0,0.0,0.0,1.0,0.0,1.0,1.0,2.0,2.0,2.0,2.0,0.0,0.0,1.0,0.0,1.0,0
0.0,0.0,0.4472088227382767,2.0,0.0,0.0,0.3592782301026135,0.3687130408412641,0.4963900381276872,1.0,2.0,1.0,1.0,1.0,2.0,1.0,1.0,2.0,1.0,1.0,2.0,1.0,2.0,1.0,1.0,1.0,0.0,0.0,1.0,0.0,2.0,2.0,0.0,0
0.0,0.0,0.4059529449714223,1.0,0.0,0.0,0.5651866011647716,0.5553488857212391,0.2034558286687758,1.0,2.0,0.0,0.0,0.0,0.0,0.0,0.0,1.0,1.0,0.0,1.0,0.0,2.0,2.0,2.0,2.0,2.0,2.0,0.0,0.0,1.0,0.0,0.0,0
0.0,1.0,0.4059529449714223,0.0,0.0,0.0,0.3592782301026135,0.2631793890457632,0.21308239366161,0.0,0.0,1.0,0.0,1.0,2.0,1.0,0.0,1.0,1.0,0.0,1.0,1.0,1.0,1.0,0.0,0.0,0.0,0.0,1.0,0.0,2.0,2.0,1.0,0
0.0,1.0,0.4059529449714223,2.0,1.0,1.0,0.2608303362988201,0.2293199502739537,0.4520159000567859,1.0,1.0,0.0,0.0,0.0,0.0,0.0,0.0,2.0,1.0,0.0,1.0,1.0,1.0,2.0,1.0,1.0,1.0,1.0,0.0,0.0,1.0,1.0,1.0,1
0.0,1.0,0.4472088227382767,,,,0.2608303362988201,0.5564735945485519,,0.0,0.0,0.0,0.0,0.0,0.0,0.0,,1.0,,0.0,2.0,1.0,2.0,,,0.0,1.0,1.0,0.0,,1.0,1.0,0.0,0
0.0,0.0,0.4472088227382767,0.0,0.0,0.0,0.5651866011647716,0.6003779812606473,0.6232770636518506,1.0,0.0,0.0,0.0,0.0,0.0,0.0,0.0,0.0,0.0,0.0,0.0,0.0,0.0,0.0,0.0,0.0,1.0,1.0,0.0,0.0,0.0,1.0,0.0,0
0.0,1.0,0.4472088227382767,1.0,0.0,0.0,0.3592782301026135,0.2631793890457632,0.21308239366161,0.0,0.0,1.0,0.0,0.0,2.0,0.0,0.0,0.0,0.0,0.0,0.0,0.0,0.0,0.0,0.0,1.0,0.0,0.0,0.0,0.0,2.0,0.0,0.0,0
1.0,1.0,0.4059529449714223,1.0,1.0,1.0,0.5651866011647716,0.5564735945485519,0.6868662286038777,1.0,4.0,1.0,1.0,1.0,2.0,1.0,1.0,1.0,1.0,0.0,2.0,1.0,2.0,0.0,2.0,1.0,0.0,0.0,1.0,0.0,1.0,2.0,1.0,0
1.0,2.0,0.4059529449714223,3.0,2.0,0.0,0.3592782301026135,0.5553488857212391,0.3030238500851788,3.0,2.0,1.0,0.0,1.0,1.0,0.0,1.0,2.0,1.0,2.0,1.0,1.0,1.0,1.0,0.0,1.0,2.0,1.0,0.0,0.0,1.0,0.0,1.0,1
1.0,0.0,0.4059529449714223,3.0,1.0,1.0,0.2608303362988201,0.2293199502739537,0.1904496412162511,2.0,0.0,0.0,0.0,1.0,1.0,0.0,0.0,0.0,0.0,0.0,0.0,0.0,2.0,1.0,1.0,1.0,0.0,0.0,1.0,0.0,1.0,1.0,0.0,0
0.0,1.0,0.4059529449714223,1.0,0.0,0.0,0.2608303362988201,0.2293199502739537,0.5616127200454287,0.0,0.0,0.0,1.0,0.0,0.0,1.0,0.0,1.0,1.0,0.0,0.0,1.0,2.0,1.0,1.0,1.0,1.0,0.0,0.0,0.0,1.0,1.0,1.0,1
1.0,0.0,0.4472088227382767,1.0,0.0,0.0,0.3592782301026135,0.3687130408412641,0.327141836566467,0.0,0.0,1.0,0.0,1.0,2.0,0.0,0.0,1.0,1.0,1.0,0.0,0.0,0.0,1.0,1.0,1.0,2.0,2.0,0.0,0.0,1.0,0.0,0.0,0
1.0,0.0,0.4472088227382767,1.0,1.0,1.0,0.5124929017603634,0.3687130408412641,0.4249802634312544,2.0,2.0,1.0,1.0,1.0,2.0,1.0,1.0,3.0,1.0,1.0,2.0,1.0,2.0,1.0,0.0,1.0,0.0,0.0,1.0,0.0,2.0,2.0,0.0,0
0.0,1.0,0.4059529449714223,1.0,0.0,0.0,0.2608303362988201,0.2293199502739537,0.1904496412162511,0.0,0.0,1.0,0.0,0.0,0.0,0.0,0.0,0.0,0.0,0.0,0.0,0.0,0.0,1.0,1.0,1.0,2.0,2.0,0.0,0.0,1.0,0.0,0.0,0
0.0,2.0,0.4059529449714223,1.0,2.0,2.0,0.2608303362988201,0.2293199502739537,0.1904496412162511,2.0,0.0,0.0,0.0,0.0,0.0,1.0,0.0,2.0,1.0,0.0,1.0,1.0,1.0,1.0,0.0,1.0,1.0,1.0,1.0,0.0,1.0,1.0,0.0,0
0.0,0.0,0.4472088227382767,1.0,0.0,0.0,0.5651866011647716,0.464504830773996,0.6316167566347161,0.0,0.0,1.0,0.0,0.0,0.0,0.0,0.0,1.0,1.0,0.0,1.0,1.0,2.0,2.0,2.0,2.0,0.0,0.0,1.0,0.0,2.0,1.0,1.0,1
0.0,0.0,,0.0,0.0,0.0,0.5651866011647716,0.464504830773996,0.6316167566347161,,0.0,1.0,1.0,,2.0,0.0,,,,0.0,1.0,,0.0,2.0,1.0,,0.0,0.0,0.0,0.0,,1.0,0.0,1
,0.0,,1.0,1.0,,0.4567380973729042,0.6003779812606473,0.6232770636518506,,2.0,,1.0,,2.0,0.0,0.0,,0.0,0.0,0.0,1.0,0.0,1.0,,2.0,1.0,,0.0,0.0,0.0,0.0,1.0,1
1.0,1.0,0.4059529449714223,1.0,1.0,0.0,0.5651866011647716,0.6003779812606473,0.6424190800681431,2.0,1.0,1.0,1.0,0.0,0.0,1.0,1.0,2.0,1.0,1.0,1.0,1.0,2.0,1.0,1.0,0.0,0.0,1.0,1.0,0.0,1.0,1.0,1.0,1
1.0,2.0,0.4059529449714223,1.0,2.0,2.0,0.2608303362988201,0.2293199502739537,0.1904496412162511,0.0,2.0,1.0,1.0,0.0,1.0,1.0,1.0,1.0,1.0,0.0,1.0,1.0,2.0,1.0,0.0,1.0,1.0,1.0,1.0,0.0,2.0,1.0,1.0,0
1.0,0.0,0.4059529449714223,1.0,2.0,2.0,0.2608303362988201,0.2293199502739537,0.1904496412162511,0.0,0.0,1.0,0.0,0.0,0.0,0.0,0.0,1.0,1.0,0.0,1.0,0.0,2.0,0.0,1.0,1.0,2.0,2.0,0.0,0.0,1.0,1.0,0.0,0
1.0,1.0,0.4059529449714223,2.0,2.0,1.0,0.3592782301026135,0.2631793890457632,0.2692625943051838,3.0,3.0,1.0,1.0,1.0,2.0,1.0,1.0,3.0,1.0,2.0,2.0,1.0,2.0,1.0,1.0,2.0,1.0,1.0,1.0,1.0,2.0,2.0,1.0,1
1.0,1.0,0.4059529449714223,2.0,1.0,1.0,0.2608303362988201,0.2293199502739537,0.1904496412162511,0.0,0.0,1.0,1.0,0.0,0.0,1.0,1.0,3.0,1.0,0.0,1.0,1.0,2.0,2.0,0.0,0.0,1.0,0.0,1.0,0.0,1.0,2.0,0.0,0
0.0,0.0,0.4472088227382767,1.0,0.0,0.0,0.5651866011647716,0.6003779812606473,0.6232770636518506,0.0,0.0,1.0,0.0,0.0,0.0,0.0,0.0,0.0,0.0,0.0,1.0,0.0,1.0,1.0,1.0,1.0,1.0,2.0,0.0,0.0,0.0,1.0,1.0,1
0.0,2.0,0.4059529449714223,3.0,2.0,2.0,0.3592782301026135,0.2631793890457632,0.2692625943051838,2.0,3.0,1.0,1.0,1.0,2.0,1.0,1.0,2.0,1.0,0.0,2.0,1.0,1.0,1.0,1.0,1.0,0.0,0.0,1.0,1.0,2.0,2.0,1.0,0
1.0,0.0,0.4472088227382767,1.0,0.0,0.0,0.3592782301026135,0.2631793890457632,0.1186825667234526,0.0,1.0,0.0,0.0,0.0,0.0,0.0,0.0,0.0,0.0,0.0,1.0,0.0,1.0,1.0,2.0,2.0,2.0,2.0,0.0,0.0,1.0,0.0,1.0,0
1.0,0.0,0.4472088227382767,1.0,0.0,0.0,0.4567380973729042,0.6003779812606473,0.6232770636518506,2.0,2.0,1.0,0.0,1.0,1.0,0.0,0.0,0.0,0.0,0.0,1.0,1.0,1.0,1.0,1.0,1.0,1.0,1.0,1.0,0.0,2.0,1.0,1.0,1
0.0,0.0,0.4472088227382767,1.0,1.0,1.0,0.2608303362988201,0.2293199502739537,0.1904496412162511,1.0,0.0,0.0,0.0,0.0,0.0,1.0,0.0,0.0,0.0,0.0,1.0,0.0,1.0,1.0,2.0,1.0,0.0,0.0,0.0,0.0,0.0,1.0,0.0,0
0.0,1.0,0.4059529449714223,1.0,1.0,1.0,0.4567380973729042,0.5068458577828254,0.6695059625212947,1.0,2.0,1.0,1.0,1.0,2.0,1.0,1.0,3.0,1.0,0.0,2.0,1.0,2.0,1.0,1.0,0.0,1.0,0.0,1.0,0.0,2.0,2.0,0.0,0
1.0,1.0,0.4059529449714223,1.0,1.0,1.0,0.5651866011647716,0.5564735945485519,0.7591679368779701,1.0,2.0,1.0,0.0,0.0,0.0,0.0,0.0,1.0,1.0,0.0,1.0,1.0,2.0,2.0,2.0,2.0,2.0,2.0,0.0,0.0,1.0,1.0,1.0,1
0.0,1.0,0.4472088227382767,1.0,0.0,0.0,0.4567380973729042,0.5564735945485519,0.8560477001703577,3.0,2.0,1.0,1.0,1.0,0.0,1.0,1.0,1.0,1.0,0.0,0.0,0.0,0.0,2.0,1.0,1.0,2.0,2.0,0.0,1.0,0.0,0.0,1.0,1
1.0,0.0,0.4059529449714223,0.0,1.0,1.0,0.4567380973729042,0.464504830773996,0.6316167566347161,1.0,2.0,1.0,1.0,1.0,1.0,0.0,0.0,2.0,1.0,0.0,1.0,1.0,1.0,1.0,2.0,1.0,1.0,1.0,1.0,0.0,1.0,0.0,1.0,1
1.0,0.0,,1.0,1.0,,,0.5068458577828254,0.6695059625212947,,1.0,,0.0,,0.0,0.0,0.0,,1.0,1.0,1.0,,1.0,2.0,0.0,1.0,0.0,,1.0,0.0,1.0,1.0,1.0,1
0.0,0.0,0.4472088227382767,1.0,1.0,1.0,0.4567380973729042,0.6003779812606473,0.6232770636518506,1.0,0.0,1.0,0.0,0.0,0.0,1.0,1.0,2.0,1.0,0.0,2.0,1.0,2.0,1.0,1.0,1.0,1.0,1.0,1.0,0.0,1.0,1.0,1.0,0
0.0,3.468984251376473,0.4472088227382767,1.0,3.55862379327542,3.3566824392321646,0.2608303362988201,0.5564735945485519,0.5616127200454287,4.102741184057091,5.884086322351143,0.0,0.0,0.0,0.0,0.0,0.0,0.0,0.0,0.0,0.0,0.0,0.0,2.0,3.350919003746875,0.0,2.0,2.0,0.0,0.0,0.0,0.0,1.0,1
1.0,0.0,0.4472088227382767,1.0,1.0,0.0,0.3592782301026135,0.5564735945485519,0.6868662286038777,1.0,1.0,1.0,1.0,1.0,2.0,1.0,1.0,1.0,1.0,0.0,2.0,1.0,2.0,2.0,2.0,2.0,2.0,2.0,1.0,1.0,2.0,1.0,1.0,1
,0.0,,,1.0,0.0,0.5651866011647716,0.3687130408412641,0.7424190800681431,1.0,0.0,1.0,0.0,,0.0,0.0,0.0,0.0,0.0,1.0,,1.0,,2.0,,1.0,0.0,0.0,,1.0,2.0,1.0,,1
1.0,0.0,0.4059529449714223,1.0,1.0,1.0,0.5651866011647716,0.5564735945485519,0.6026878667423812,0.0,0.0,1.0,0.0,0.0,0.0,1.0,1.0,2.0,1.0,1.0,2.0,1.0,1.0,1.0,1.0,1.0,0.0,0.0,0.0,1.0,1.0,1.0,1.0,0
0.0,1.0,0.4059529449714223,1.0,1.0,1.0,0.3592782301026135,0.2631793890457632,0.21308239366161,0.0,3.0,1.0,1.0,0.0,0.0,1.0,1.0,0.0,1.0,1.0,1.0,1.0,2.0,1.0,0.0,0.0,0.0,0.0,1.0,0.0,1.0,1.0,1.0,0
0.0,0.0,0.4472088227382767,0.0,1.0,1.0,0.3592782301026135,0.464504830773996,0.6316167566347161,1.0,2.0,1.0,1.0,1.0,1.0,1.0,0.0,0.0,0.0,0.0,0.0,1.0,2.0,0.0,1.0,2.0,1.0,2.0,1.0,0.0,2.0,0.0,0.0,1
0.0,1.0,0.4472088227382767,1.0,1.0,0.0,0.4567380973729042,0.5564735945485519,0.4963900381276872,0.0,1.0,0.0,0.0,0.0,0.0,0.0,0.0,3.0,0.0,0.0,0.0,0.0,2.0,1.0,2.0,0.0,0.0,0.0,0.0,0.0,2.0,0.0,1.0,1
0.0,0.0,0.4472088227382767,1.0,0.0,0.0,0.2608303362988201,0.5564735945485519,0.5616127200454287,0.0,0.0,0.0,0.0,0.0,0.0,0.0,0.0,0.0,0.0,0.0,0.0,0.0,0.0,2.0,0.0,0.0,2.0,2.0,0.0,0.0,0.0,0.0,1.0,1
0.0,0.0,0.4059529449714223,1.0,1.0,0.0,0.2608303362988201,0.2293199502739537,0.1904496412162511,0.0,0.0,1.0,0.0,1.0,1.0,0.0,0.0,2.0,1.0,0.0,0.0,0.0,2.0,0.0,1.0,0.0,2.0,2.0,0.0,0.0,1.0,1.0,1.0,1
1.0,0.0,0.4059529449714223,1.0,2.0,2.0,0.2608303362988201,0.3687130408412641,0.327141836566467,3.0,1.0,0.0,0.0,0.0,0.0,1.0,0.0,1.0,1.0,0.0,0.0,1.0,2.0,0.0,0.0,0.0,1.0,2.0,1.0,0.0,1.0,2.0,0.0,0
0.0,0.0,0.4472088227382767,1.0,0.0,0.0,0.2608303362988201,0.2293199502739537,0.1904496412162511,1.0,0.0,0.0,0.0,0.0,0.0,0.0,0.0,3.0,0.0,0.0,0.0,1.0,1.0,1.0,1.0,1.0,0.0,0.0,0.0,0.0,1.0,2.0,0.0,0
1.0,1.0,0.4472088227382767,0.0,1.0,0.0,0.5651866011647716,0.5564735945485519,0.6868662286038777,0.0,0.0,1.0,0.0,0.0,0.0,0.0,0.0,2.0,1.0,1.0,0.0,0.0,1.0,1.0,0.0,1.0,1.0,1.0,0.0,0.0,1.0,1.0,0.0,1
0.0,1.0,0.4059529449714223,1.0,1.0,1.0,0.5651866011647716,0.3687130408412641,0.327141836566467,2.0,1.0,1.0,1.0,1.0,2.0,1.0,1.0,1.0,1.0,2.0,2.0,1.0,1.0,0.0,2.0,2.0,0.0,1.0,1.0,1.0,2.0,2.0,1.0,1
1.0,4.468984251376472,0.4059529449714223,1.0,5.5586237932754194,3.3566824392321646,0.5651866011647716,0.464504830773996,0.6316167566347161,4.102741184057091,5.884086322351143,0.0,0.0,1.0,2.0,0.0,0.0,0.0,0.0,0.0,0.0,0.0,0.0,1.0,5.350919003746875,2.0,2.0,2.0,0.0,0.0,0.0,1.0,0.0,1
0.0,0.0,0.4059529449714223,1.0,0.0,0.0,0.5651866011647716,0.5564735945485519,0.4931082546074028,0.0,0.0,1.0,0.0,0.0,1.0,0.0,0.0,0.0,0.0,0.0,0.0,1.0,2.0,0.0,0.0,1.0,1.0,1.0,1.0,0.0,2.0,1.0,0.0,1
1.0,0.0,0.4472088227382767,0.0,0.0,0.0,0.5651866011647716,0.3687130408412641,0.2120954003407155,0.0,4.0,1.0,1.0,1.0,2.0,1.0,1.0,1.0,1.0,1.0,2.0,1.0,2.0,1.0,1.0,1.0,0.0,0.0,1.0,0.0,2.0,2.0,0.0,0
1.0,1.0,0.4059529449714223,1.0,2.0,2.0,0.2608303362988201,0.2293199502739537,0.1904496412162511,1.0,0.0,0.0,0.0,0.0,1.0,1.0,0.0,0.0,0.0,0.0,0.0,0.0,0.0,0.0,0.0,0.0,1.0,1.0,0.0,0.0,0.0,0.0,0.0,0
1.0,1.0,0.4059529449714223,1.0,1.0,1.0,0.5651866011647716,0.5553488857212391,0.601727914334388,2.0,2.0,1.0,1.0,1.0,2.0,0.0,0.0,1.0,1.0,1.0,1.0,1.0,1.0,2.0,2.0,2.0,2.0,2.0,0.0,0.0,2.0,1.0,1.0,1
1.0,1.0,0.4059529449714223,1.0,2.0,1.0,0.5651866011647716,0.5564735945485519,0.5706984667802385,3.0,4.0,1.0,1.0,1.0,2.0,0.0,0.0,2.0,1.0,1.0,0.0,0.0,1.0,1.0,1.0,1.0,1.0,1.0,0.0,0.0,1.0,1.0,1.0,1
0.0,0.0,0.4472088227382767,0.0,0.0,0.0,0.5651866011647716,0.464504830773996,0.6316167566347161,1.0,0.0,1.0,1.0,1.0,2.0,0.0,0.0,1.0,1.0,0.0,1.0,0.0,0.0,2.0,1.0,1.0,0.0,0.0,0.0,0.0,1.0,1.0,0.0,1
0.0,1.0,0.4059529449714223,1.0,1.0,1.0,0.2608303362988201,0.2293199502739537,0.1904496412162511,1.0,1.0,0.0,0.0,0.0,1.0,0.0,0.0,2.0,0.0,0.0,0.0,0.0,0.0,0.0,1.0,1.0,0.0,0.0,0.0,0.0,0.0,0.0,0.0,0
0.0,0.0,0.4472088227382767,1.0,1.0,1.0,0.3592782301026135,0.6003779812606473,0.6232770636518506,0.0,0.0,1.0,0.0,0.0,0.0,0.0,0.0,0.0,0.0,0.0,0.0,0.0,0.0,1.0,1.0,1.0,1.0,1.0,0.0,0.0,0.0,0.0,0.0,0
0.0,0.0,0.4472088227382767,1.0,0.0,0.0,0.5651866011647716,0.3687130408412641,0.3290034071550255,0.0,1.0,1.0,0.0,0.0,1.0,1.0,0.0,1.0,1.0,0.0,1.0,1.0,1.0,1.0,1.0,1.0,1.0,1.0,1.0,0.0,1.0,1.0,1.0,0
0.0,0.0,0.4472088227382767,1.0,0.0,0.0,0.5124929017603634,0.5068458577828254,0.4981509951385715,0.0,2.0,0.0,0.0,0.0,1.0,1.0,1.0,1.0,1.0,1.0,2.0,1.0,2.0,1.0,1.0,1.0,0.0,0.0,0.0,0.0,1.0,1.0,1.0,0
1.0,0.0,0.4472088227382767,1.0,0.0,0.0,0.3592782301026135,0.2631793890457632,0.2692625943051838,3.0,3.0,1.0,1.0,1.0,2.0,1.0,1.0,1.0,1.0,2.0,2.0,1.0,2.0,1.0,2.0,2.0,2.0,0.0,0.0,0.0,1.0,1.0,0.0,0
1.0,1.0,0.4059529449714223,2.0,0.0,0.0,0.3592782301026135,0.2631793890457632,0.21308239366161,1.0,4.0,1.0,1.0,1.0,2.0,1.0,1.0,3.0,1.0,1.0,2.0,1.0,2.0,2.0,1.0,1.0,1.0,1.0,1.0,1.0,2.0,2.0,1.0,0
0.0,1.0,0.4059529449714223,2.0,,,0.4567380973729042,0.3687130408412641,0.327141836566467,3.0,2.0,1.0,1.0,1.0,,,1.0,2.0,,1.0,,1.0,2.0,0.0,,1.0,1.0,,1.0,0.0,,2.0,0.0,0
1.0,1.0,0.4059529449714223,1.0,1.0,0.0,0.4567380973729042,0.5564735945485519,0.2949460533787621,1.0,2.0,1.0,0.0,1.0,0.0,0.0,0.0,1.0,0.0,0.0,0.0,0.0,0.0,2.0,2.0,1.0,2.0,1.0,0.0,0.0,0.0,0.0,1.0,1
0.0,0.0,0.4059529449714223,1.0,0.0,0.0,0.5651866011647716,0.464504830773996,0.6316167566347161,0.0,2.0,1.0,0.0,1.0,1.0,0.0,0.0,0.0,0.0,0.0,0.0,0.0,2.0,2.0,2.0,1.0,2.0,2.0,0.0,0.0,0.0,0.0,0.0,1
0.0,1.0,0.4059529449714223,0.0,1.0,1.0,0.3592782301026135,0.464504830773996,0.6316167566347161,1.0,2.0,1.0,0.0,0.0,0.0,0.0,0.0,0.0,0.0,0.0,0.0,0.0,0.0,2.0,2.0,2.0,1.0,2.0,0.0,1.0,0.0,0.0,0.0,0
0.0,,0.4059529449714223,1.0,,0.0,0.3592782301026135,0.464504830773996,0.2300776074200265,,2.0,1.0,,0.0,0.0,1.0,1.0,0.0,0.0,0.0,2.0,,,,1.0,,1.0,1.0,,1.0,1.0,1.0,1.0,0
1.0,1.0,0.4059529449714223,0.0,0.0,0.0,0.5124929017603634,0.5564735945485519,0.6848381601362862,0.0,3.0,1.0,1.0,1.0,2.0,1.0,1.0,3.0,1.0,2.0,2.0,1.0,1.0,0.0,1.0,1.0,2.0,0.0,1.0,1.0,1.0,1.0,0.0,0
0.0,1.0,0.4059529449714223,2.0,1.0,0.0,0.2608303362988201,0.5564735945485519,0.6026878667423812,0.0,1.0,0.0,0.0,0.0,1.0,0.0,0.0,1.0,1.0,0.0,0.0,1.0,2.0,0.0,2.0,1.0,2.0,2.0,0.0,0.0,2.0,0.0,1.0,1
0.0,0.0,0.4472088227382767,1.0,0.0,0.0,0.5651866011647716,0.5068458577828254,0.3835483085908981,0.0,1.0,1.0,0.0,1.0,1.0,0.0,0.0,0.0,0.0,0.0,0.0,0.0,0.0,1.0,1.0,2.0,2.0,2.0,0.0,0.0,1.0,0.0,1.0,1
0.0,0.0,0.4472088227382767,1.0,0.0,0.0,0.2608303362988201,0.5564735945485519,0.5616127200454287,2.0,0.0,0.0,0.0,0.0,0.0,1.0,0.0,2.0,1.0,0.0,1.0,1.0,1.0,1.0,0.0,1.0,2.0,2.0,1.0,0.0,0.0,1.0,0.0,0
0.0,0.0,0.4059529449714223,1.0,1.0,1.0,0.5651866011647716,0.5068458577828254,0.6695059625212947,1.0,1.0,1.0,0.0,0.0,0.0,0.0,0.0,1.0,1.0,0.0,1.0,1.0,2.0,2.0,1.0,1.0,0.0,0.0,1.0,0.0,1.0,1.0,1.0,1
0.0,0.0,0.4472088227382767,1.0,1.0,0.0,0.3592782301026135,0.3687130408412641,0.7591679368779701,1.0,1.0,1.0,1.0,0.0,0.0,1.0,0.0,1.0,1.0,0.0,2.0,1.0,1.0,1.0,1.0,1.0,2.0,1.0,0.0,0.0,2.0,1.0,1.0,1
1.0,0.0,0.4472088227382767,1.0,0.0,0.0,0.4567380973729042,0.5068458577828254,0.6695059625212947,1.0,1.0,1.0,0.0,0.0,0.0,1.0,0.0,1.0,1.0,1.0,1.0,1.0,1.0,2.0,1.0,0.0,0.0,1.0,0.0,0.0,1.0,1.0,0.0,0
0.0,1.0,0.4059529449714223,,1.0,,0.3592782301026135,0.2631793890457632,0.2692625943051838,3.0,,,1.0,,2.0,1.0,1.0,2.0,1.0,0.0,2.0,,1.0,1.0,1.0,2.0,1.0,1.0,1.0,,,,0.0,0
0.0,2.0,0.4059529449714223,1.0,1.0,1.0,0.5124929017603634,0.5068458577828254,0.6695059625212947,1.0,1.0,1.0,1.0,0.0,0.0,1.0,1.0,2.0,1.0,2.0,2.0,1.0,2.0,1.0,1.0,1.0,0.0,0.0,1.0,0.0,2.0,2.0,0.0,0
0.0,0.0,0.4059529449714223,1.0,1.0,0.0,0.3592782301026135,0.3687130408412641,0.4249802634312544,0.0,1.0,0.0,1.0,1.0,2.0,1.0,0.0,1.0,1.0,0.0,1.0,0.0,1.0,1.0,2.0,2.0,2.0,2.0,0.0,0.0,1.0,1.0,1.0,1
0.0,1.0,0.4778534923339012,1.0,2.0,0.0,0.2608303362988201,0.2293199502739537,0.1904496412162511,0.0,0.0,0.0,0.0,0.0,2.0,0.0,0.0,1.0,1.0,0.0,0.0,0.0,0.0,1.0,0.0,1.0,1.0,2.0,0.0,1.0,0.0,0.0,1.0,1
0.0,0.0,0.4472088227382767,0.0,0.0,0.0,0.5651866011647716,0.6003779812606473,0.6232770636518506,1.0,0.0,0.0,0.0,0.0,0.0,0.0,0.0,0.0,0.0,0.0,0.0,0.0,0.0,0.0,0.0,0.0,1.0,1.0,0.0,0.0,0.0,1.0,0.0,0
1.0,4.468984251376472,0.4059529449714223,1.0,4.5586237932754194,3.3566824392321646,0.5124929017603634,0.5564735945485519,0.9680106000378572,6.102741184057091,7.884086322351143,1.0,0.0,0.0,0.0,1.0,1.0,1.0,1.0,0.0,2.0,1.0,2.0,1.0,3.350919003746875,1.0,1.0,1.0,1.0,0.0,2.0,2.0,1.0,1
0.0,0.0,0.4059529449714223,1.0,1.0,0.0,0.5124929017603634,0.5564735945485519,0.9680106000378572,2.0,1.0,1.0,1.0,1.0,2.0,1.0,1.0,1.0,1.0,0.0,2.0,1.0,1.0,1.0,0.0,1.0,1.0,1.0,1.0,0.0,2.0,2.0,1.0,1
1.0,2.0,0.4059529449714223,1.0,1.0,1.0,0.2608303362988201,0.2293199502739537,0.1904496412162511,0.0,1.0,1.0,0.0,0.0,0.0,0.0,0.0,3.0,1.0,1.0,1.0,0.0,0.0,2.0,1.0,1.0,2.0,2.0,0.0,0.0,0.0,0.0,1.0,0
1.0,0.0,0.4472088227382767,0.0,1.0,0.0,0.5651866011647716,0.5553488857212391,0.3560477001703578,1.0,0.0,1.0,1.0,1.0,2.0,1.0,1.0,1.0,1.0,1.0,2.0,1.0,1.0,1.0,1.0,1.0,0.0,1.0,1.0,0.0,2.0,1.0,0.0,1
0.0,1.0,0.4472088227382767,0.0,0.0,0.0,0.5651866011647716,0.464504830773996,0.6316167566347161,0.0,0.0,1.0,1.0,1.0,2.0,0.0,0.0,0.0,0.0,0.0,0.0,0.0,0.0,1.0,2.0,1.0,2.0,2.0,0.0,1.0,1.0,0.0,1.0,1
1.0,3.468984251376473,0.4059529449714223,2.0,3.55862379327542,3.3566824392321646,0.3592782301026135,0.464504830773996,0.2300776074200265,5.102741184057091,7.884086322351143,1.0,1.0,1.0,2.0,1.0,1.0,1.0,1.0,0.0,2.0,1.0,2.0,0.0,3.350919003746875,0.0,1.0,1.0,1.0,0.0,1.0,1.0,0.0,0
1.0,2.0,0.4059529449714223,0.0,2.0,2.0,0.5124929017603634,0.5553488857212391,0.4040318001135718,0.0,3.0,1.0,0.0,1.0,2.0,1.0,1.0,2.0,1.0,2.0,2.0,1.0,2.0,1.0,1.0,1.0,0.0,2.0,1.0,1.0,1.0,1.0,1.0,0
1.0,1.0,0.4472088227382767,0.0,1.0,1.0,0.5651866011647716,0.3687130408412641,0.327141836566467,2.0,4.0,1.0,1.0,1.0,2.0,0.0,0.0,1.0,1.0,2.0,1.0,1.0,1.0,0.0,1.0,0.0,1.0,1.0,1.0,0.0,1.0,1.0,1.0,0
0.0,1.0,,0.0,2.0,0.0,0.3592782301026135,0.2631793890457632,0.21308239366161,,3.0,,1.0,1.0,,1.0,1.0,1.0,1.0,,2.0,1.0,2.0,1.0,,0.0,0.0,0.0,,,2.0,2.0,,1
0.0,0.0,0.4059529449714223,1.0,0.0,0.0,0.3592782301026135,0.2631793890457632,0.2692625943051838,1.0,1.0,1.0,0.0,0.0,1.0,0.0,0.0,0.0,0.0,0.0,1.0,0.0,1.0,1.0,0.0,2.0,2.0,2.0,0.0,0.0,1.0,0.0,0.0,0
1.0,1.0,0.4059529449714223,1.0,1.0,1.0,0.5651866011647716,0.5068458577828254,0.6695059625212947,1.0,2.0,1.0,0.0,1.0,1.0,0.0,0.0,2.0,0.0,0.0,1.0,0.0,1.0,1.0,1.0,2.0,0.0,0.0,0.0,0.0,1.0,1.0,1.0,1
,2.0,,1.0,2.0,2.0,,0.2293199502739537,0.1904496412162511,0.0,0.0,1.0,1.0,,0.0,,0.0,3.0,1.0,2.0,,,2.0,,0.0,0.0,0.0,0.0,1.0,0.0,,2.0,0.0,0
0.0,0.0,0.4059529449714223,1.0,0.0,0.0,0.2608303362988201,0.2293199502739537,0.1904496412162511,0.0,0.0,0.0,0.0,0.0,0.0,0.0,0.0,0.0,0.0,0.0,1.0,1.0,2.0,1.0,1.0,1.0,2.0,2.0,0.0,0.0,2.0,1.0,1.0,0
0.0,1.0,0.4059529449714223,2.0,1.0,1.0,0.2608303362988201,0.2293199502739537,0.1904496412162511,1.0,0.0,0.0,0.0,0.0,0.0,1.0,0.0,1.0,1.0,0.0,0.0,1.0,1.0,1.0,1.0,1.0,1.0,1.0,1.0,0.0,1.0,1.0,0.0,0
0.0,3.468984251376473,0.4472088227382767,1.0,3.55862379327542,3.3566824392321646,0.4567380973729042,0.5564735945485519,0.6868662286038777,4.102741184057091,7.884086322351143,1.0,0.0,0.0,2.0,0.0,0.0,1.0,0.0,0.0,1.0,0.0,1.0,1.0,3.350919003746875,0.0,0.0,2.0,0.0,0.0,1.0,1.0,1.0,0
1.0,1.0,0.4059529449714223,1.0,0.0,0.0,0.4567380973729042,0.6003779812606473,0.6232770636518506,1.0,1.0,1.0,0.0,0.0,0.0,1.0,0.0,0.0,0.0,0.0,1.0,1.0,0.0,2.0,0.0,1.0,0.0,0.0,1.0,0.0,2.0,1.0,0.0,1
1.0,0.0,0.4778534923339012,1.0,0.0,0.0,0.5651866011647716,0.5553488857212391,0.8018608308216486,3.0,0.0,0.0,0.0,0.0,1.0,0.0,0.0,1.0,0.0,2.0,0.0,0.0,0.0,0.0,0.0,0.0,1.0,1.0,0.0,0.0,0.0,1.0,1.0,1
1.0,4.468984251376472,0.4059529449714223,1.0,4.5586237932754194,3.3566824392321646,0.5651866011647716,0.5553488857212391,0.7120954003407155,6.102741184057091,7.884086322351143,1.0,0.0,0.0,0.0,0.0,0.0,1.0,1.0,1.0,1.0,1.0,1.0,1.0,4.350919003746875,2.0,2.0,2.0,0.0,0.0,2.0,0.0,1.0,1
0.0,0.0,0.4472088227382767,1.0,1.0,1.0,0.2608303362988201,0.2293199502739537,0.1904496412162511,1.0,0.0,1.0,0.0,0.0,0.0,1.0,1.0,3.0,1.0,0.0,2.0,1.0,1.0,1.0,0.0,0.0,1.0,1.0,1.0,0.0,0.0,2.0,0.0,0
0.0,0.0,0.4472088227382767,0.0,1.0,1.0,0.3592782301026135,0.5553488857212391,0.4249802634312544,0.0,0.0,1.0,0.0,0.0,2.0,0.0,0.0,1.0,1.0,0.0,0.0,0.0,2.0,1.0,0.0,2.0,2.0,2.0,0.0,0.0,2.0,2.0,1.0,1
1.0,0.0,0.4472088227382767,1.0,0.0,0.0,0.5651866011647716,0.6003779812606473,0.6232770636518506,0.0,0.0,0.0,0.0,0.0,1.0,0.0,0.0,0.0,0.0,0.0,0.0,1.0,0.0,2.0,0.0,2.0,0.0,0.0,0.0,0.0,1.0,1.0,1.0,1
1.0,2.0,0.4059529449714223,0.0,2.0,1.0,0.3592782301026135,0.5564735945485519,0.4249802634312544,1.0,0.0,1.0,0.0,1.0,2.0,1.0,1.0,1.0,1.0,1.0,2.0,1.0,2.0,0.0,1.0,0.0,2.0,0.0,1.0,0.0,2.0,2.0,1.0,1
0.0,0.0,0.4472088227382767,1.0,1.0,0.0,0.5124929017603634,0.5068458577828254,0.6320272572402044,0.0,2.0,1.0,1.0,1.0,2.0,0.0,0.0,1.0,1.0,0.0,1.0,0.0,1.0,1.0,0.0,1.0,2.0,2.0,0.0,0.0,1.0,0.0,1.0,1
1.0,0.0,0.4059529449714223,1.0,0.0,0.0,0.3592782301026135,0.464504830773996,0.2300776074200265,1.0,0.0,0.0,0.0,0.0,0.0,0.0,0.0,0.0,0.0,0.0,0.0,0.0,0.0,0.0,1.0,1.0,1.0,2.0,0.0,0.0,0.0,0.0,1.0,0
1.0,1.0,0.4059529449714223,1.0,2.0,0.0,0.5651866011647716,0.5564735945485519,0.6169676320272572,0.0,0.0,0.0,1.0,0.0,0.0,0.0,0.0,0.0,0.0,0.0,0.0,0.0,2.0,2.0,1.0,1.0,2.0,2.0,0.0,0.0,0.0,0.0,0.0,1
0.0,0.0,0.4472088227382767,1.0,0.0,0.0,0.3592782301026135,0.2631793890457632,0.21308239366161,0.0,2.0,1.0,1.0,0.0,0.0,0.0,0.0,1.0,1.0,0.0,0.0,1.0,1.0,1.0,1.0,0.0,2.0,2.0,0.0,0.0,2.0,1.0,1.0,0
1.0,1.0,0.4059529449714223,2.0,1.0,1.0,0.5651866011647716,0.3687130408412641,0.327141836566467,3.0,4.0,1.0,1.0,1.0,2.0,1.0,1.0,3.0,1.0,1.0,2.0,1.0,1.0,1.0,1.0,0.0,2.0,0.0,1.0,0.0,1.0,2.0,1.0,0
1.0,1.0,0.4059529449714223,2.0,1.0,1.0,0.5124929017603634,0.3687130408412641,0.327141836566467,1.0,2.0,1.0,0.0,1.0,2.0,0.0,0.0,1.0,1.0,1.0,1.0,0.0,1.0,1.0,1.0,1.0,2.0,2.0,0.0,0.0,1.0,0.0,1.0,0
1.0,0.0,0.4472088227382767,1.0,0.0,0.0,0.5124929017603634,0.3687130408412641,0.327141836566467,1.0,2.0,1.0,0.0,0.0,0.0,0.0,0.0,0.0,0.0,0.0,0.0,0.0,1.0,2.0,2.0,2.0,1.0,2.0,0.0,0.0,0.0,0.0,0.0,1
0.0,0.0,0.4472088227382767,1.0,0.0,0.0,0.3592782301026135,0.2631793890457632,0.1186825667234526,1.0,1.0,1.0,0.0,0.0,0.0,1.0,1.0,1.0,1.0,1.0,2.0,1.0,2.0,0.0,0.0,0.0,2.0,0.0,1.0,0.0,2.0,2.0,0.0,1
1.0,1.0,0.4059529449714223,1.0,2.0,2.0,0.5651866011647716,0.5564735945485519,0.6868662286038777,1.0,2.0,1.0,0.0,1.0,2.0,1.0,1.0,2.0,1.0,1.0,1.0,0.0,1.0,1.0,2.0,1.0,2.0,1.0,0.0,0.0,1.0,1.0,1.0,1
0.0,0.0,0.4472088227382767,0.0,0.0,0.0,0.3592782301026135,0.2631793890457632,0.2692625943051838,1.0,4.0,1.0,1.0,1.0,1.0,0.0,1.0,1.0,1.0,0.0,2.0,1.0,2.0,0.0,0.0,0.0,1.0,0.0,1.0,0.0,1.0,1.0,0.0,0
0.0,0.0,0.4059529449714223,2.0,0.0,0.0,0.3592782301026135,0.2631793890457632,0.3227909043774535,2.0,4.0,1.0,1.0,1.0,2.0,1.0,1.0,1.0,1.0,1.0,2.0,1.0,2.0,2.0,2.0,1.0,1.0,1.0,0.0,0.0,2.0,1.0,1.0,0
0.0,1.0,0.4059529449714223,1.0,1.0,1.0,0.2608303362988201,0.2293199502739537,0.1904496412162511,1.0,0.0,1.0,1.0,0.0,1.0,1.0,1.0,3.0,1.0,1.0,1.0,0.0,1.0,1.0,1.0,1.0,0.0,0.0,1.0,1.0,1.0,0.0,1.0,0
0.0,0.0,0.4472088227382767,1.0,0.0,0.0,0.4567380973729042,0.5564735945485519,0.2949460533787621,1.0,2.0,1.0,1.0,0.0,0.0,1.0,0.0,2.0,1.0,0.0,1.0,1.0,0.0,1.0,1.0,1.0,1.0,2.0,0.0,0.0,1.0,1.0,0.0,0
0.0,1.0,0.4059529449714223,2.0,,1.0,,0.3687130408412641,,1.0,2.0,1.0,1.0,,1.0,1.0,1.0,3.0,,0.0,,1.0,2.0,1.0,1.0,,0.0,0.0,1.0,,,1.0,1.0,0
0.0,0.0,0.4472088227382767,2.0,1.0,1.0,0.5651866011647716,0.5564735945485519,0.6868662286038777,1.0,0.0,1.0,1.0,1.0,2.0,1.0,1.0,1.0,1.0,0.0,2.0,1.0,1.0,1.0,1.0,2.0,0.0,2.0,1.0,1.0,1.0,1.0,1.0,1
0.0,0.0,0.4059529449714223,1.0,1.0,1.0,0.4567380973729042,0.5068458577828254,0.6695059625212947,1.0,1.0,1.0,0.0,0.0,1.0,0.0,0.0,1.0,0.0,0.0,0.0,0.0,2.0,2.0,0.0,2.0,2.0,2.0,0.0,0.0,1.0,0.0,0.0,1
1.0,1.0,0.4059529449714223,2.0,1.0,0.0,0.5651866011647716,0.5564735945485519,0.6026878667423812,1.0,2.0,1.0,1.0,0.0,0.0,1.0,1.0,2.0,1.0,0.0,2.0,1.0,1.0,1.0,0.0,1.0,1.0,1.0,0.0,0.0,1.0,1.0,1.0,1
1.0,0.0,0.4472088227382767,0.0,1.0,0.0,0.5651866011647716,0.464504830773996,0.6316167566347161,0.0,0.0,0.0,0.0,0.0,0.0,0.0,0.0,0.0,0.0,0.0,0.0,0.0,0.0,1.0,1.0,1.0,1.0,0.0,0.0,0.0,1.0,0.0,0.0,1
0.0,0.0,0.4472088227382767,0.0,,0.0,0.3592782301026135,0.464504830773996,0.2300776074200265,0.0,0.0,0.0,0.0,0.0,0.0,,0.0,,,0.0,,,0.0,,,2.0,1.0,2.0,0.0,,0.0,0.0,0.0,1
0.0,0.0,0.4472088227382767,0.0,1.0,0.0,0.5651866011647716,0.5068458577828254,0.4249802634312544,0.0,1.0,1.0,0.0,1.0,2.0,0.0,0.0,1.0,1.0,2.0,0.0,1.0,2.0,0.0,2.0,0.0,2.0,2.0,0.0,0.0,0.0,0.0,1.0,1
0.0,1.0,0.4059529449714223,1.0,0.0,0.0,0.3592782301026135,0.3687130408412641,0.327141836566467,2.0,3.0,1.0,1.0,1.0,2.0,1.0,1.0,3.0,1.0,2.0,1.0,0.0,1.0,2.0,1.0,2.0,2.0,2.0,0.0,1.0,1.0,0.0,0.0,1
0.0,0.0,0.4472088227382767,1.0,0.0,0.0,0.4567380973729042,0.5068458577828254,0.4981509951385715,1.0,3.0,1.0,1.0,1.0,2.0,1.0,1.0,1.0,1.0,0.0,2.0,1.0,2.0,1.0,1.0,1.0,0.0,0.0,1.0,0.0,1.0,2.0,0.0,0
1.0,0.0,0.4472088227382767,0.0,1.0,0.0,0.2608303362988201,0.464504830773996,0.6316167566347161,0.0,0.0,0.0,0.0,0.0,0.0,0.0,0.0,0.0,0.0,0.0,0.0,0.0,0.0,2.0,0.0,2.0,1.0,2.0,0.0,1.0,0.0,0.0,0.0,1
1.0,1.0,0.4059529449714223,1.0,0.0,0.0,0.5651866011647716,0.6003779812606473,0.6232770636518506,1.0,0.0,0.0,0.0,0.0,0.0,1.0,0.0,1.0,1.0,0.0,2.0,1.0,1.0,2.0,0.0,1.0,1.0,1.0,0.0,0.0,1.0,1.0,1.0,1
1.0,0.0,0.4472088227382767,1.0,1.0,0.0,0.5651866011647716,0.3687130408412641,0.327141836566467,0.0,2.0,0.0,0.0,0.0,1.0,0.0,0.0,0.0,1.0,0.0,1.0,0.0,1.0,1.0,1.0,1.0,2.0,2.0,0.0,0.0,1.0,1.0,0.0,1
0.0,1.0,0.4472088227382767,1.0,1.0,1.0,0.3592782301026135,0.2631793890457632,0.2692625943051838,1.0,2.0,1.0,0.0,0.0,1.0,0.0,1.0,0.0,0.0,1.0,1.0,1.0,1.0,1.0,1.0,1.0,2.0,2.0,0.0,1.0,1.0,1.0,0.0,0
1.0,0.0,0.4472088227382767,0.0,0.0,0.0,0.5651866011647716,0.464504830773996,0.6316167566347161,0.0,0.0,1.0,0.0,0.0,0.0,0.0,0.0,0.0,1.0,0.0,1.0,0.0,1.0,2.0,2.0,1.0,2.0,1.0,0.0,0.0,1.0,1.0,0.0,1
0.0,0.0,0.4059529449714223,1.0,1.0,1.0,0.5651866011647716,0.5068458577828254,0.6695059625212947,1.0,0.0,1.0,1.0,1.0,2.0,1.0,0.0,1.0,1.0,0.0,1.0,1.0,0.0,2.0,1.0,1.0,0.0,1.0,1.0,0.0,1.0,1.0,1.0,1
1.0,0.0,0.4472088227382767,1.0,0.0,0.0,0.4567380973729042,0.5564735945485519,0.6868662286038777,1.0,2.0,1.0,1.0,0.0,0.0,0.0,0.0,0.0,0.0,0.0,0.0,0.0,2.0,1.0,1.0,2.0,1.0,1.0,1.0,0.0,2.0,0.0,0.0,1
0.0,1.0,0.4059529449714223,1.0,2.0,2.0,0.2608303362988201,0.2293199502739537,0.1904496412162511,2.0,1.0,0.0,0.0,0.0,0.0,1.0,1.0,3.0,1.0,1.0,1.0,0.0,1.0,1.0,1.0,1.0,2.0,2.0,1.0,0.0,1.0,2.0,0.0,0
0.0,0.0,0.4472088227382767,2.0,0.0,0.0,0.2608303362988201,0.3687130408412641,0.327141836566467,0.0,0.0,0.0,0.0,0.0,0.0,1.0,0.0,0.0,0.0,0.0,1.0,1.0,1.0,1.0,1.0,1.0,2.0,2.0,1.0,0.0,1.0,1.0,0.0,0
0.0,1.0,0.4059529449714223,0.0,0.0,0.0,0.5124929017603634,0.464504830773996,0.2300776074200265,0.0,0.0,1.0,0.0,0.0,0.0,0.0,0.0,1.0,1.0,0.0,0.0,1.0,1.0,2.0,0.0,1.0,1.0,1.0,1.0,0.0,1.0,1.0,0.0,0
1.0,1.0,0.4059529449714223,2.0,1.0,1.0,0.2608303362988201,0.2293199502739537,,0.0,0.0,1.0,1.0,0.0,,1.0,1.0,,,0.0,,1.0,,,,0.0,1.0,0.0,1.0,,1.0,2.0,0.0,0
0.0,0.0,0.4472088227382767,0.0,0.0,0.0,0.2608303362988201,0.5068458577828254,0.6695059625212947,1.0,2.0,1.0,1.0,1.0,2.0,0.0,0.0,0.0,1.0,0.0,1.0,1.0,2.0,1.0,1.0,0.0,1.0,0.0,0.0,0.0,1.0,1.0,1.0,1
0.0,1.0,0.4059529449714223,1.0,0.0,0.0,0.2608303362988201,0.3687130408412641,0.3290034071550255,0.0,0.0,1.0,0.0,1.0,1.0,0.0,1.0,0.0,0.0,0.0,0.0,1.0,2.0,1.0,0.0,1.0,2.0,0.0,0.0,0.0,0.0,1.0,0.0,0
0.0,0.0,0.4472088227382767,1.0,1.0,1.0,0.4567380973729042,0.5564735945485519,0.8560477001703577,3.0,2.0,0.0,0.0,0.0,0.0,0.0,0.0,0.0,0.0,0.0,1.0,1.0,1.0,1.0,1.0,1.0,2.0,1.0,0.0,0.0,2.0,1.0,0.0,1
1.0,0.0,0.4472088227382767,0.0,0.0,0.0,0.5124929017603634,0.5553488857212391,0.4040318001135718,0.0,2.0,0.0,0.0,0.0,0.0,0.0,0.0,0.0,0.0,0.0,2.0,1.0,1.0,1.0,0.0,1.0,1.0,1.0,0.0,0.0,1.0,1.0,0.0,0
1.0,1.0,,1.0,0.0,0.0,0.2608303362988201,,0.1904496412162511,0.0,0.0,0.0,,1.0,1.0,1.0,,0.0,,0.0,,1.0,1.0,2.0,0.0,1.0,1.0,,1.0,0.0,1.0,,,0
1.0,1.0,0.4059529449714223,2.0,1.0,0.0,0.3592782301026135,0.2631793890457632,0.2692625943051838,3.0,1.0,1.0,0.0,1.0,1.0,0.0,0.0,1.0,0.0,2.0,0.0,0.0,1.0,1.0,0.0,2.0,2.0,2.0,0.0,0.0,1.0,1.0,1.0,1
0.0,1.0,0.4059529449714223,0.0,0.0,0.0,0.4567380973729042,0.6003779812606473,0.4249802634312544,0.0,3.0,1.0,1.0,0.0,1.0,0.0,0.0,2.0,1.0,1.0,1.0,0.0,1.0,0.0,1.0,2.0,2.0,2.0,1.0,0.0,1.0,1.0,1.0,0
1.0,1.0,0.4059529449714223,1.0,1.0,0.0,0.5651866011647716,0.5553488857212391,0.6424190800681431,2.0,1.0,1.0,0.0,0.0,0.0,0.0,0.0,1.0,1.0,1.0,0.0,0.0,1.0,0.0,2.0,1.0,2.0,1.0,1.0,0.0,1.0,1.0,1.0,1
0.0,0.0,0.4472088227382767,1.0,0.0,0.0,0.2608303362988201,0.3687130408412641,0.3290034071550255,0.0,0.0,0.0,0.0,0.0,0.0,0.0,0.0,0.0,0.0,0.0,0.0,1.0,1.0,1.0,1.0,0.0,1.0,2.0,0.0,0.0,0.0,1.0,0.0,0
0.0,0.0,0.4059529449714223,1.0,1.0,1.0,0.5651866011647716,0.3687130408412641,0.7424190800681431,1.0,2.0,1.0,1.0,0.0,0.0,1.0,1.0,2.0,0.0,1.0,1.0,1.0,1.0,1.0,1.0,1.0,1.0,1.0,0.0,0.0,0.0,1.0,0.0,0
1.0,2.0,0.4059529449714223,1.0,2.0,0.0,0.5651866011647716,0.3687130408412641,0.327141836566467,3.0,2.0,1.0,1.0,1.0,2.0,1.0,1.0,2.0,1.0,2.0,2.0,1.0,2.0,0.0,0.0,0.0,0.0,0.0,0.0,0.0,2.0,2.0,0.0,1
0.0,0.0,0.4472088227382767,0.0,0.0,0.0,0.2608303362988201,0.3687130408412641,0.3290034071550255,0.0,0.0,1.0,0.0,0.0,0.0,0.0,0.0,2.0,1.0,0.0,1.0,1.0,1.0,1.0,1.0,1.0,2.0,2.0,0.0,0.0,0.0,1.0,0.0,0
1.0,0.0,0.4472088227382767,1.0,1.0,0.0,0.5651866011647716,0.3687130408412641,0.327141836566467,1.0,2.0,1.0,1.0,0.0,0.0,1.0,0.0,1.0,1.0,0.0,0.0,0.0,2.0,1.0,2.0,2.0,2.0,2.0,0.0,0.0,0.0,0.0,1.0,1
1.0,0.0,0.4059529449714223,1.0,1.0,1.0,0.5651866011647716,0.5553488857212391,0.5235661555934129,1.0,2.0,1.0,1.0,1.0,2.0,1.0,1.0,3.0,1.0,0.0,2.0,1.0,2.0,1.0,1.0,0.0,1.0,0.0,1.0,0.0,2.0,2.0,1.0,0
0.0,3.468984251376473,0.4472088227382767,1.0,4.5586237932754194,3.3566824392321646,0.5651866011647716,0.3687130408412641,0.8560477001703577,5.102741184057091,9.884086322351143,0.0,0.0,1.0,1.0,0.0,0.0,0.0,0.0,0.0,1.0,1.0,2.0,0.0,4.350919003746875,0.0,1.0,0.0,0.0,0.0,2.0,1.0,1.0,1
1.0,0.0,0.4059529449714223,1.0,0.0,0.0,0.3592782301026135,0.2631793890457632,0.3227909043774535,1.0,2.0,1.0,1.0,1.0,2.0,1.0,1.0,2.0,1.0,1.0,2.0,0.0,2.0,1.0,1.0,0.0,2.0,2.0,0.0,0.0,1.0,1.0,0.0,0
1.0,0.0,0.4472088227382767,0.0,1.0,0.0,0.4567380973729042,0.5068458577828254,0.3835483085908981,0.0,0.0,0.0,0.0,1.0,2.0,0.0,0.0,1.0,1.0,0.0,1.0,0.0,1.0,1.0,1.0,1.0,2.0,2.0,1.0,0.0,1.0,1.0,1.0,1
0.0,1.0,0.4059529449714223,1.0,1.0,1.0,0.2608303362988201,0.2293199502739537,0.1904496412162511,0.0,0.0,0.0,0.0,0.0,0.0,0.0,0.0,1.0,1.0,0.0,0.0,0.0,1.0,2.0,1.0,1.0,2.0,2.0,0.0,0.0,1.0,0.0,0.0,0
1.0,0.0,0.4472088227382767,1.0,1.0,1.0,0.3592782301026135,0.2631793890457632,0.21308239366161,1.0,4.0,1.0,1.0,1.0,2.0,1.0,1.0,2.0,1.0,1.0,2.0,1.0,2.0,1.0,1.0,1.0,0.0,0.0,1.0,0.0,2.0,2.0,1.0,0
0.0,1.0,0.4059529449714223,2.0,0.0,0.0,0.3592782301026135,0.2631793890457632,0.060598685811633,2.0,2.0,1.0,0.0,1.0,2.0,1.0,1.0,3.0,1.0,1.0,2.0,1.0,2.0,1.0,1.0,1.0,0.0,0.0,1.0,0.0,2.0,1.0,1.0,0
0.0,0.0,0.4472088227382767,0.0,0.0,0.0,0.3592782301026135,0.464504830773996,0.2300776074200265,1.0,0.0,1.0,1.0,0.0,1.0,1.0,1.0,3.0,1.0,0.0,2.0,0.0,1.0,1.0,1.0,1.0,0.0,0.0,0.0,0.0,1.0,1.0,0.0,0
1.0,2.0,0.4059529449714223,2.0,2.0,1.0,0.4567380973729042,0.5553488857212391,0.6848381601362862,3.0,3.0,1.0,1.0,1.0,2.0,1.0,1.0,3.0,1.0,1.0,2.0,1.0,2.0,0.0,2.0,2.0,2.0,1.0,0.0,1.0,2.0,1.0,1.0,1
1.0,5.468984251376472,0.4059529449714223,1.0,5.5586237932754194,5.356682439232165,0.2608303362988201,0.2293199502739537,0.1904496412162511,4.102741184057091,5.884086322351143,0.0,1.0,0.0,0.0,0.0,0.0,1.0,1.0,0.0,0.0,1.0,2.0,1.0,4.350919003746875,0.0,2.0,1.0,1.0,1.0,2.0,1.0,0.0,0
0.0,1.0,0.4059529449714223,2.0,1.0,1.0,0.2608303362988201,0.2293199502739537,0.4520159000567859,1.0,1.0,0.0,0.0,0.0,0.0,0.0,0.0,2.0,1.0,0.0,1.0,1.0,1.0,2.0,1.0,1.0,1.0,1.0,0.0,0.0,1.0,1.0,1.0,1
1.0,3.468984251376473,0.4059529449714223,1.0,4.5586237932754194,3.3566824392321646,0.5124929017603634,0.6003779812606473,0.6232770636518506,4.102741184057091,5.884086322351143,0.0,0.0,0.0,0.0,1.0,0.0,0.0,0.0,0.0,1.0,1.0,1.0,1.0,3.350919003746875,0.0,1.0,2.0,0.0,0.0,1.0,1.0,0.0,1
1.0,2.0,0.4059529449714223,1.0,2.0,0.0,0.5651866011647716,0.5564735945485519,0.5706984667802385,3.0,3.0,1.0,1.0,0.0,0.0,0.0,0.0,2.0,1.0,0.0,1.0,0.0,2.0,1.0,1.0,1.0,0.0,2.0,0.0,0.0,1.0,1.0,1.0,1
1.0,0.0,0.4472088227382767,1.0,0.0,0.0,0.5124929017603634,0.5553488857212391,0.5235661555934129,0.0,0.0,0.0,0.0,0.0,1.0,1.0,0.0,1.0,1.0,0.0,0.0,0.0,0.0,1.0,0.0,0.0,1.0,0.0,0.0,0.0,2.0,0.0,0.0,1
1.0,0.0,0.4059529449714223,1.0,1.0,0.0,0.4567380973729042,0.5564735945485519,0.6169676320272572,0.0,2.0,1.0,0.0,0.0,1.0,0.0,0.0,2.0,0.0,0.0,1.0,0.0,1.0,2.0,1.0,1.0,0.0,0.0,1.0,0.0,1.0,1.0,1.0,1
0.0,1.0,0.4059529449714223,1.0,0.0,0.0,0.2608303362988201,0.2293199502739537,0.1904496412162511,0.0,0.0,0.0,0.0,1.0,1.0,0.0,0.0,1.0,1.0,0.0,1.0,1.0,1.0,1.0,0.0,2.0,2.0,2.0,0.0,0.0,1.0,1.0,0.0,1
0.0,0.0,0.4472088227382767,0.0,0.0,0.0,0.5651866011647716,0.5068458577828254,0.601727914334388,0.0,3.0,1.0,1.0,1.0,2.0,1.0,1.0,3.0,1.0,1.0,2.0,1.0,1.0,0.0,0.0,0.0,1.0,1.0,0.0,0.0,1.0,1.0,1.0,0
0.0,0.0,0.4472088227382767,1.0,1.0,0.0,0.5651866011647716,0.3687130408412641,0.3290034071550255,1.0,1.0,1.0,0.0,0.0,1.0,0.0,0.0,2.0,1.0,0.0,1.0,1.0,1.0,1.0,1.0,1.0,1.0,1.0,0.0,0.0,1.0,1.0,0.0,1
0.0,1.0,0.4059529449714223,1.0,1.0,1.0,0.3592782301026135,0.5564735945485519,0.6868662286038777,2.0,1.0,1.0,1.0,0.0,0.0,0.0,0.0,2.0,1.0,1.0,1.0,1.0,2.0,1.0,1.0,1.0,2.0,2.0,1.0,1.0,2.0,1.0,1.0,1
0.0,0.0,0.4472088227382767,2.0,0.0,0.0,0.2608303362988201,0.2293199502739537,0.1904496412162511,0.0,0.0,1.0,0.0,0.0,0.0,0.0,0.0,1.0,0.0,0.0,0.0,0.0,0.0,1.0,1.0,2.0,2.0,2.0,0.0,0.0,0.0,0.0,0.0,0
0.0,0.0,0.4472088227382767,1.0,1.0,1.0,0.3592782301026135,0.464504830773996,0.4249802634312544,1.0,2.0,1.0,1.0,1.0,2.0,0.0,1.0,1.0,1.0,0.0,1.0,1.0,2.0,1.0,1.0,1.0,0.0,2.0,0.0,0.0,1.0,1.0,0.0,0
0.0,0.0,0.4472088227382767,1.0,1.0,0.0,0.5124929017603634,0.5068458577828254,0.4981509951385715,0.0,2.0,0.0,0.0,1.0,1.0,0.0,0.0,1.0,1.0,1.0,1.0,1.0,1.0,1.0,2.0,1.0,2.0,2.0,0.0,0.0,1.0,0.0,1.0,1
0.0,1.0,0.4059529449714223,1.0,1.0,0.0,0.5651866011647716,0.5564735945485519,0.9680106000378572,1.0,1.0,1.0,0.0,0.0,0.0,1.0,1.0,1.0,0.0,0.0,1.0,1.0,1.0,1.0,1.0,1.0,0.0,0.0,1.0,1.0,1.0,1.0,0.0,1
1.0,0.0,0.4472088227382767,0.0,1.0,1.0,0.3592782301026135,0.464504830773996,0.2300776074200265,1.0,0.0,1.0,0.0,0.0,0.0,1.0,1.0,2.0,1.0,0.0,1.0,1.0,1.0,1.0,1.0,1.0,0.0,0.0,1.0,0.0,1.0,1.0,0.0,0
0.0,0.0,0.4472088227382767,0.0,1.0,1.0,0.5651866011647716,0.464504830773996,0.2300776074200265,0.0,1.0,1.0,1.0,1.0,0.0,1.0,1.0,3.0,1.0,1.0,2.0,1.0,2.0,1.0,1.0,1.0,1.0,0.0,1.0,1.0,1.0,1.0,1.0,0
0.0,0.0,0.4059529449714223,1.0,0.0,0.0,0.5651866011647716,0.464504830773996,0.2300776074200265,0.0,2.0,1.0,0.0,0.0,0.0,1.0,0.0,1.0,1.0,1.0,2.0,1.0,2.0,1.0,1.0,1.0,1.0,1.0,0.0,0.0,2.0,1.0,0.0,0
0.0,0.0,0.4059529449714223,1.0,0.0,0.0,0.4567380973729042,0.464504830773996,0.6316167566347161,1.0,2.0,1.0,1.0,1.0,2.0,1.0,1.0,3.0,1.0,1.0,1.0,1.0,2.0,1.0,1.0,1.0,0.0,0.0,1.0,0.0,2.0,2.0,0.0,0
0.0,1.0,0.4059529449714223,1.0,0.0,0.0,0.2608303362988201,0.2293199502739537,0.1904496412162511,0.0,0.0,0.0,0.0,0.0,0.0,0.0,0.0,1.0,1.0,0.0,1.0,1.0,2.0,0.0,0.0,1.0,2.0,1.0,1.0,0.0,2.0,1.0,0.0,0
,1.0,0.4059529449714223,,0.0,0.0,0.3592782301026135,0.464504830773996,0.2300776074200265,1.0,0.0,1.0,,0.0,0.0,0.0,,0.0,0.0,0.0,,0.0,0.0,2.0,1.0,,1.0,2.0,0.0,0.0,,,,0
0.0,0.0,0.4472088227382767,0.0,0.0,0.0,0.5124929017603634,0.5068458577828254,0.3835483085908981,0.0,1.0,1.0,1.0,0.0,1.0,1.0,1.0,0.0,1.0,0.0,1.0,1.0,1.0,1.0,0.0,1.0,1.0,0.0,1.0,0.0,1.0,1.0,0.0,0
0.0,1.0,0.4059529449714223,1.0,1.0,1.0,0.2608303362988201,0.3687130408412641,0.327141836566467,2.0,4.0,1.0,1.0,1.0,2.0,1.0,1.0,3.0,1.0,0.0,2.0,1.0,2.0,1.0,1.0,1.0,1.0,1.0,1.0,0.0,2.0,2.0,0.0,0
1.0,0.0,0.4472088227382767,0.0,1.0,0.0,0.3592782301026135,0.5564735945485519,0.6868662286038777,0.0,0.0,0.0,0.0,0.0,0.0,0.0,0.0,0.0,0.0,0.0,0.0,0.0,0.0,1.0,1.0,1.0,0.0,0.0,0.0,0.0,1.0,0.0,0.0,1
1.0,2.0,0.4059529449714223,1.0,2.0,0.0,0.5651866011647716,0.5564735945485519,0.5706984667802385,3.0,3.0,1.0,1.0,0.0,0.0,0.0,0.0,2.0,1.0,0.0,1.0,0.0,2.0,1.0,1.0,1.0,0.0,2.0,0.0,0.0,1.0,1.0,1.0,1
1.0,1.0,0.4059529449714223,2.0,1.0,1.0,0.2608303362988201,0.2293199502739537,0.4520159000567859,2.0,1.0,0.0,0.0,0.0,0.0,1.0,1.0,2.0,1.0,0.0,1.0,0.0,1.0,1.0,1.0,1.0,0.0,0.0,1.0,1.0,1.0,1.0,0.0,1
0.0,1.0,0.4059529449714223,1.0,1.0,1.0,0.2608303362988201,0.2293199502739537,0.1904496412162511,2.0,0.0,0.0,0.0,0.0,0.0,1.0,1.0,3.0,1.0,0.0,1.0,1.0,2.0,1.0,1.0,1.0,1.0,1.0,1.0,0.0,1.0,2.0,1.0,0
1.0,1.0,0.4059529449714223,1.0,1.0,1.0,0.5651866011647716,0.3687130408412641,0.327141836566467,1.0,1.0,1.0,1.0,1.0,2.0,1.0,1.0,1.0,1.0,1.0,2.0,1.0,2.0,1.0,0.0,0.0,0.0,2.0,1.0,0.0,2.0,2.0,0.0,0
0.0,0.0,0.4472088227382767,1.0,1.0,0.0,0.5651866011647716,0.5564735945485519,0.6868662286038777,1.0,1.0,1.0,1.0,1.0,2.0,1.0,1.0,1.0,1.0,0.0,1.0,1.0,2.0,1.0,1.0,1.0,1.0,1.0,0.0,0.0,1.0,1.0,1.0,1
0.0,0.0,0.4472088227382767,1.0,0.0,0.0,0.5124929017603634,0.5068458577828254,0.6320272572402044,0.0,1.0,1.0,0.0,1.0,2.0,0.0,0.0,0.0,0.0,0.0,1.0,0.0,0.0,2.0,1.0,1.0,2.0,1.0,1.0,0.0,1.0,1.0,0.0,1
0.0,0.0,0.4059529449714223,1.0,1.0,1.0,0.2608303362988201,0.2293199502739537,0.1904496412162511,1.0,0.0,1.0,1.0,1.0,2.0,1.0,1.0,3.0,1.0,1.0,2.0,1.0,1.0,1.0,1.0,1.0,0.0,0.0,1.0,0.0,1.0,1.0,0.0,0
0.0,1.0,0.4059529449714223,1.0,1.0,1.0,0.2608303362988201,0.3687130408412641,0.327141836566467,2.0,0.0,1.0,0.0,0.0,1.0,1.0,1.0,3.0,1.0,0.0,2.0,1.0,2.0,1.0,1.0,1.0,0.0,0.0,1.0,0.0,2.0,2.0,0.0,0
0.0,2.0,0.4059529449714223,1.0,2.0,2.0,0.2608303362988201,0.3687130408412641,0.3290034071550255,1.0,0.0,0.0,0.0,0.0,0.0,0.0,0.0,2.0,1.0,0.0,0.0,1.0,1.0,1.0,0.0,2.0,0.0,1.0,1.0,0.0,1.0,0.0,0.0,0
0.0,0.0,0.4472088227382767,1.0,0.0,0.0,0.5651866011647716,0.3687130408412641,0.4249802634312544,0.0,0.0,0.0,0.0,0.0,0.0,0.0,0.0,0.0,0.0,0.0,1.0,1.0,1.0,1.0,1.0,2.0,2.0,1.0,0.0,0.0,1.0,2.0,1.0,0
0.0,1.0,0.4059529449714223,1.0,1.0,1.0,0.2608303362988201,0.3687130408412641,0.327141836566467,2.0,2.0,1.0,1.0,1.0,2.0,1.0,1.0,3.0,1.0,1.0,2.0,1.0,2.0,1.0,1.0,1.0,1.0,0.0,1.0,0.0,1.0,2.0,0.0,0
0.0,2.0,0.4778534923339012,0.0,2.0,2.0,0.2608303362988201,0.3687130408412641,0.3290034071550255,1.0,1.0,1.0,0.0,0.0,1.0,1.0,0.0,3.0,1.0,0.0,2.0,1.0,2.0,0.0,0.0,0.0,1.0,0.0,1.0,0.0,2.0,2.0,0.0,0
0.0,1.0,0.4059529449714223,1.0,0.0,0.0,0.2608303362988201,0.2293199502739537,0.1904496412162511,1.0,0.0,0.0,0.0,0.0,0.0,0.0,0.0,0.0,0.0,0.0,0.0,0.0,0.0,1.0,0.0,0.0,1.0,2.0,0.0,0.0,0.0,0.0,0.0,0
0.0,0.0,0.4059529449714223,1.0,0.0,0.0,0.3592782301026135,0.2631793890457632,0.3227909043774535,2.0,2.0,1.0,1.0,1.0,2.0,1.0,1.0,3.0,1.0,0.0,2.0,1.0,1.0,1.0,1.0,2.0,1.0,1.0,0.0,0.0,1.0,1.0,1.0,0
1.0,1.0,0.4059529449714223,0.0,1.0,1.0,0.5651866011647716,0.3687130408412641,0.327141836566467,1.0,3.0,1.0,0.0,0.0,1.0,1.0,1.0,1.0,1.0,0.0,2.0,1.0,2.0,1.0,0.0,1.0,1.0,1.0,1.0,0.0,2.0,1.0,0.0,0
,0.0,0.4059529449714223,0.0,1.0,1.0,,0.464504830773996,,,2.0,1.0,,,1.0,,0.0,2.0,1.0,0.0,1.0,1.0,1.0,1.0,2.0,1.0,1.0,1.0,,0.0,1.0,0.0,,1
0.0,3.468984251376473,0.4472088227382767,1.0,3.55862379327542,3.3566824392321646,0.5651866011647716,0.5068458577828254,0.4981509951385715,4.102741184057091,5.884086322351143,1.0,1.0,1.0,2.0,0.0,0.0,1.0,1.0,0.0,0.0,0.0,0.0,0.0,3.350919003746875,2.0,2.0,2.0,0.0,1.0,0.0,0.0,0.0,0
1.0,1.0,0.4472088227382767,0.0,0.0,0.0,0.3592782301026135,0.464504830773996,0.2300776074200265,0.0,0.0,1.0,0.0,1.0,2.0,0.0,0.0,0.0,1.0,0.0,1.0,1.0,1.0,0.0,2.0,0.0,1.0,1.0,0.0,1.0,2.0,1.0,0.0,0
1.0,1.0,0.4059529449714223,1.0,2.0,2.0,0.2608303362988201,0.2293199502739537,0.1904496412162511,1.0,0.0,1.0,1.0,1.0,2.0,1.0,1.0,3.0,1.0,0.0,2.0,1.0,2.0,1.0,1.0,1.0,0.0,1.0,1.0,0.0,1.0,2.0,1.0,0
0.0,1.0,0.4059529449714223,1.0,1.0,1.0,0.4567380973729042,0.5564735945485519,0.7591679368779701,1.0,3.0,1.0,1.0,1.0,2.0,1.0,1.0,3.0,1.0,0.0,2.0,1.0,2.0,1.0,1.0,1.0,1.0,0.0,1.0,0.0,2.0,2.0,1.0,0
0.0,0.0,0.4059529449714223,1.0,1.0,1.0,0.5651866011647716,0.3687130408412641,0.327141836566467,0.0,0.0,0.0,0.0,0.0,0.0,0.0,0.0,0.0,0.0,0.0,0.0,0.0,0.0,0.0,1.0,1.0,1.0,1.0,0.0,0.0,0.0,0.0,0.0,0
0.0,1.0,0.4059529449714223,1.0,1.0,0.0,0.3592782301026135,0.5564735945485519,0.6169676320272572,0.0,2.0,1.0,1.0,0.0,0.0,0.0,0.0,0.0,0.0,0.0,1.0,0.0,1.0,1.0,0.0,1.0,2.0,2.0,0.0,1.0,1.0,1.0,1.0,1
0.0,3.468984251376473,0.4472088227382767,1.0,4.5586237932754194,4.356682439232165,0.4567380973729042,0.464504830773996,0.6316167566347161,5.102741184057091,6.884086322351143,1.0,1.0,0.0,0.0,0.0,0.0,0.0,0.0,1.0,1.0,0.0,1.0,0.0,3.350919003746875,2.0,2.0,2.0,0.0,0.0,0.0,1.0,0.0,0
,1.0,0.4778534923339012,1.0,1.0,1.0,0.5651866011647716,0.5564735945485519,0.9680106000378572,,1.0,1.0,0.0,0.0,,1.0,1.0,1.0,1.0,,,,,1.0,0.0,1.0,0.0,1.0,,0.0,1.0,,0.0,1
1.0,0.0,0.4472088227382767,0.0,0.0,0.0,0.5124929017603634,0.5068458577828254,0.6695059625212947,0.0,0.0,0.0,0.0,1.0,2.0,0.0,0.0,0.0,0.0,0.0,0.0,1.0,1.0,1.0,0.0,1.0,2.0,1.0,0.0,0.0,2.0,1.0,0.0,1
1.0,1.0,0.4059529449714223,1.0,2.0,0.0,0.5651866011647716,0.5564735945485519,0.6424190800681431,1.0,4.0,1.0,1.0,1.0,2.0,1.0,1.0,0.0,0.0,1.0,0.0,1.0,1.0,0.0,0.0,0.0,0.0,0.0,1.0,0.0,2.0,2.0,1.0,1
,1.0,0.4059529449714223,,0.0,0.0,0.5124929017603634,0.5068458577828254,,0.0,0.0,,0.0,1.0,,0.0,0.0,,0.0,0.0,0.0,1.0,,1.0,,2.0,,2.0,0.0,0.0,0.0,1.0,0.0,1
0.0,0.0,0.4059529449714223,0.0,1.0,1.0,0.2608303362988201,0.3687130408412641,0.3290034071550255,1.0,0.0,1.0,0.0,0.0,1.0,1.0,0.0,1.0,1.0,0.0,2.0,1.0,2.0,1.0,0.0,2.0,0.0,1.0,1.0,0.0,1.0,1.0,0.0,0
1.0,0.0,0.4472088227382767,0.0,1.0,1.0,0.5651866011647716,0.3687130408412641,0.3290034071550255,1.0,3.0,1.0,1.0,1.0,2.0,1.0,1.0,3.0,1.0,2.0,2.0,1.0,2.0,0.0,0.0,0.0,1.0,0.0,1.0,0.0,1.0,2.0,0.0,0
0.0,0.0,0.4472088227382767,1.0,0.0,0.0,0.3592782301026135,0.464504830773996,0.2300776074200265,0.0,0.0,0.0,0.0,0.0,0.0,0.0,0.0,0.0,0.0,0.0,0.0,0.0,0.0,1.0,1.0,2.0,0.0,1.0,0.0,0.0,1.0,0.0,0.0,0
0.0,0.0,0.4059529449714223,0.0,1.0,1.0,0.2608303362988201,0.3687130408412641,0.3290034071550255,0.0,0.0,0.0,0.0,0.0,0.0,0.0,0.0,0.0,0.0,0.0,0.0,0.0,0.0,1.0,0.0,1.0,1.0,0.0,0.0,0.0,1.0,1.0,0.0,0
0.0,,0.4472088227382767,1.0,,0.0,0.5651866011647716,0.5068458577828254,0.601727914334388,,0.0,1.0,,,2.0,1.0,,1.0,0.0,1.0,1.0,1.0,,,1.0,1.0,2.0,2.0,1.0,0.0,,1.0,1.0,1
0.0,1.0,0.4059529449714223,1.0,1.0,1.0,0.2608303362988201,0.2293199502739537,0.4963900381276872,0.0,0.0,0.0,0.0,0.0,1.0,0.0,0.0,0.0,0.0,0.0,0.0,0.0,0.0,2.0,1.0,2.0,2.0,2.0,0.0,0.0,0.0,0.0,0.0,1
0.0,0.0,0.4472088227382767,1.0,0.0,0.0,0.2608303362988201,0.2293199502739537,0.1904496412162511,1.0,1.0,0.0,0.0,0.0,0.0,1.0,0.0,1.0,1.0,0.0,1.0,1.0,0.0,2.0,2.0,1.0,1.0,1.0,0.0,0.0,1.0,1.0,1.0,0
1.0,1.0,0.4059529449714223,2.0,1.0,1.0,0.3592782301026135,0.2631793890457632,0.21308239366161,1.0,4.0,1.0,1.0,1.0,2.0,1.0,1.0,3.0,1.0,0.0,2.0,1.0,2.0,1.0,2.0,1.0,1.0,1.0,1.0,1.0,1.0,2.0,0.0,0
1.0,1.0,0.4472088227382767,2.0,2.0,1.0,0.3592782301026135,0.2631793890457632,0.21308239366161,0.0,1.0,1.0,1.0,1.0,2.0,0.0,1.0,1.0,1.0,1.0,1.0,1.0,1.0,1.0,1.0,1.0,1.0,0.0,0.0,0.0,1.0,1.0,1.0,1
0.0,0.0,0.4472088227382767,1.0,0.0,0.0,0.3592782301026135,0.2631793890457632,0.21308239366161,0.0,0.0,1.0,0.0,0.0,2.0,0.0,0.0,1.0,0.0,0.0,0.0,1.0,1.0,1.0,0.0,2.0,2.0,1.0,1.0,0.0,1.0,1.0,1.0,0
0.0,1.0,0.4059529449714223,1.0,0.0,0.0,0.3592782301026135,0.2631793890457632,0.21308239366161,0.0,0.0,1.0,1.0,1.0,2.0,1.0,0.0,1.0,1.0,0.0,1.0,1.0,1.0,1.0,1.0,1.0,1.0,1.0,0.0,0.0,1.0,1.0,1.0,1
0.0,1.0,0.4059529449714223,1.0,1.0,1.0,0.2608303362988201,0.2293199502739537,0.1904496412162511,1.0,2.0,1.0,1.0,0.0,1.0,1.0,1.0,1.0,1.0,0.0,1.0,1.0,2.0,1.0,0.0,0.0,1.0,1.0,1.0,0.0,1.0,1.0,0.0,0
0.0,1.0,0.4472088227382767,1.0,0.0,0.0,0.5124929017603634,0.5068458577828254,0.3835483085908981,0.0,2.0,1.0,1.0,0.0,0.0,0.0,0.0,2.0,1.0,0.0,0.0,1.0,2.0,0.0,1.0,2.0,2.0,2.0,0.0,0.0,1.0,1.0,1.0,0
1.0,0.0,0.4059529449714223,1.0,0.0,0.0,0.5651866011647716,0.464504830773996,0.6316167566347161,0.0,2.0,1.0,0.0,1.0,2.0,0.0,0.0,1.0,1.0,0.0,0.0,0.0,0.0,1.0,2.0,2.0,0.0,0.0,0.0,0.0,0.0,1.0,0.0,1
1.0,0.0,0.4472088227382767,0.0,0.0,0.0,0.5651866011647716,0.5068458577828254,0.601727914334388,0.0,2.0,1.0,1.0,1.0,2.0,1.0,1.0,1.0,1.0,2.0,2.0,1.0,2.0,1.0,0.0,0.0,1.0,1.0,1.0,0.0,1.0,2.0,0.0,0
0.0,1.0,0.4472088227382767,0.0,0.0,0.0,0.5651866011647716,,,1.0,1.0,0.0,1.0,1.0,,1.0,1.0,,1.0,0.0,,1.0,2.0,,,0.0,1.0,,1.0,,2.0,2.0,0.0,0
1.0,1.0,0.4472088227382767,1.0,2.0,2.0,0.4567380973729042,0.5564735945485519,0.4963900381276872,2.0,1.0,0.0,1.0,0.0,0.0,1.0,1.0,0.0,0.0,0.0,1.0,1.0,1.0,1.0,0.0,1.0,1.0,2.0,1.0,0.0,1.0,1.0,0.0,0
0.0,4.468984251376472,0.4472088227382767,0.0,3.55862379327542,3.3566824392321646,0.5651866011647716,0.5068458577828254,0.4981509951385715,4.102741184057091,5.884086322351143,1.0,1.0,1.0,2.0,1.0,0.0,0.0,0.0,0.0,1.0,0.0,1.0,2.0,5.350919003746875,1.0,2.0,0.0,0.0,0.0,0.0,0.0,0.0,1
0.0,1.0,0.4059529449714223,1.0,1.0,0.0,0.2608303362988201,0.3687130408412641,0.3290034071550255,1.0,1.0,0.0,0.0,0.0,0.0,0.0,0.0,1.0,1.0,1.0,2.0,1.0,1.0,1.0,0.0,1.0,1.0,1.0,1.0,0.0,1.0,1.0,1.0,1
1.0,2.0,0.4059529449714223,1.0,2.0,2.0,0.2608303362988201,0.2293199502739537,0.1904496412162511,0.0,2.0,1.0,0.0,0.0,2.0,1.0,1.0,2.0,1.0,0.0,2.0,1.0,2.0,0.0,0.0,1.0,2.0,0.0,1.0,0.0,2.0,1.0,0.0,0
0.0,0.0,0.4472088227382767,1.0,1.0,0.0,0.5651866011647716,0.5068458577828254,0.601727914334388,2.0,0.0,1.0,1.0,1.0,2.0,1.0,1.0,1.0,0.0,1.0,1.0,1.0,1.0,1.0,1.0,1.0,2.0,2.0,1.0,0.0,2.0,1.0,1.0,1
0.0,2.0,0.4059529449714223,1.0,1.0,1.0,0.2608303362988201,0.3687130408412641,0.3290034071550255,1.0,0.0,0.0,0.0,0.0,0.0,1.0,1.0,2.0,1.0,0.0,1.0,1.0,1.0,1.0,0.0,1.0,1.0,0.0,1.0,0.0,1.0,1.0,0.0,0
0.0,2.0,0.4059529449714223,1.0,2.0,2.0,0.3592782301026135,0.2631793890457632,0.2692625943051838,0.0,0.0,1.0,1.0,1.0,2.0,0.0,0.0,3.0,1.0,0.0,0.0,0.0,0.0,0.0,0.0,2.0,2.0,2.0,0.0,0.0,0.0,1.0,1.0,0
1.0,0.0,0.4472088227382767,0.0,0.0,0.0,0.3592782301026135,0.5564735945485519,0.6169676320272572,0.0,0.0,1.0,0.0,0.0,2.0,0.0,0.0,0.0,0.0,0.0,1.0,0.0,1.0,1.0,1.0,1.0,1.0,2.0,0.0,0.0,1.0,0.0,0.0,0
0.0,0.0,0.4059529449714223,1.0,1.0,1.0,0.2608303362988201,0.2293199502739537,0.1904496412162511,1.0,1.0,1.0,0.0,1.0,1.0,1.0,1.0,1.0,1.0,2.0,1.0,1.0,2.0,1.0,2.0,1.0,2.0,0.0,1.0,0.0,2.0,2.0,0.0,0
0.0,0.0,0.4059529449714223,1.0,1.0,0.0,0.5651866011647716,0.5564735945485519,0.9680106000378572,2.0,1.0,1.0,1.0,1.0,2.0,1.0,1.0,1.0,1.0,0.0,2.0,1.0,2.0,1.0,1.0,0.0,0.0,0.0,1.0,1.0,2.0,1.0,1.0,1
0.0,0.0,0.4059529449714223,1.0,1.0,1.0,0.2608303362988201,0.3687130408412641,0.327141836566467,1.0,0.0,0.0,0.0,0.0,1.0,1.0,1.0,2.0,1.0,0.0,2.0,1.0,2.0,1.0,1.0,1.0,1.0,1.0,1.0,0.0,1.0,1.0,0.0,0
0.0,1.0,0.4059529449714223,2.0,1.0,1.0,0.4567380973729042,0.5564735945485519,0.2949460533787621,2.0,2.0,1.0,0.0,0.0,0.0,1.0,1.0,2.0,1.0,0.0,1.0,1.0,2.0,0.0,1.0,1.0,1.0,1.0,1.0,0.0,2.0,1.0,0.0,0
0.0,1.0,0.4059529449714223,1.0,1.0,1.0,0.5651866011647716,0.464504830773996,0.6316167566347161,1.0,3.0,1.0,1.0,1.0,2.0,1.0,1.0,3.0,1.0,0.0,2.0,1.0,2.0,1.0,1.0,1.0,1.0,0.0,1.0,0.0,2.0,2.0,0.0,0
0.0,0.0,0.4472088227382767,1.0,1.0,1.0,0.4567380973729042,0.6003779812606473,0.6424190800681431,1.0,2.0,1.0,0.0,0.0,1.0,0.0,0.0,0.0,0.0,0.0,1.0,0.0,1.0,1.0,0.0,0.0,0.0,0.0,1.0,0.0,2.0,1.0,0.0,1
0.0,0.0,0.4059529449714223,1.0,1.0,1.0,0.2608303362988201,0.2293199502739537,0.1904496412162511,0.0,0.0,0.0,0.0,0.0,0.0,1.0,1.0,2.0,1.0,0.0,1.0,1.0,1.0,1.0,2.0,1.0,1.0,1.0,1.0,0.0,1.0,0.0,1.0,1
0.0,1.0,0.4059529449714223,1.0,1.0,1.0,0.3592782301026135,0.2631793890457632,0.1186825667234526,3.0,1.0,1.0,1.0,0.0,2.0,1.0,0.0,0.0,0.0,1.0,1.0,1.0,2.0,1.0,1.0,2.0,2.0,2.0,1.0,1.0,1.0,1.0,1.0,0
1.0,0.0,0.4059529449714223,1.0,2.0,2.0,0.2608303362988201,0.2293199502739537,0.1904496412162511,0.0,1.0,1.0,1.0,0.0,0.0,1.0,1.0,1.0,1.0,0.0,2.0,1.0,2.0,0.0,0.0,0.0,2.0,0.0,1.0,0.0,1.0,2.0,0.0,0
1.0,1.0,0.4059529449714223,2.0,0.0,0.0,0.5651866011647716,0.3687130408412641,0.327141836566467,0.0,0.0,0.0,0.0,0.0,0.0,0.0,0.0,2.0,0.0,0.0,0.0,1.0,2.0,1.0,1.0,1.0,0.0,0.0,0.0,0.0,1.0,1.0,0.0,0
1.0,2.0,0.4059529449714223,1.0,2.0,2.0,0.2608303362988201,0.2293199502739537,0.1904496412162511,0.0,0.0,0.0,1.0,0.0,0.0,0.0,0.0,1.0,1.0,0.0,0.0,1.0,2.0,1.0,1.0,0.0,2.0,1.0,1.0,1.0,2.0,1.0,0.0,0
0.0,0.0,0.4472088227382767,1.0,1.0,0.0,0.3592782301026135,0.5564735945485519,0.7591679368779701,0.0,0.0,1.0,1.0,0.0,0.0,0.0,0.0,0.0,0.0,0.0,0.0,1.0,1.0,1.0,0.0,1.0,2.0,2.0,1.0,0.0,1.0,1.0,1.0,1
1.0,,0.4059529449714223,3.0,2.0,2.0,0.4567380973729042,0.5553488857212391,,3.0,,1.0,1.0,1.0,2.0,,1.0,,1.0,0.0,2.0,,2.0,0.0,1.0,,0.0,,1.0,1.0,,2.0,0.0,0
1.0,0.0,0.4472088227382767,1.0,0.0,0.0,0.3592782301026135,0.2631793890457632,0.3227909043774535,2.0,1.0,1.0,0.0,1.0,2.0,1.0,0.0,1.0,1.0,0.0,1.0,0.0,2.0,1.0,0.0,2.0,2.0,2.0,0.0,1.0,1.0,1.0,0.0,0
1.0,0.0,0.4472088227382767,0.0,1.0,0.0,0.5651866011647716,0.5553488857212391,0.8018608308216486,0.0,2.0,1.0,0.0,0.0,0.0,0.0,0.0,0.0,0.0,0.0,0.0,0.0,0.0,2.0,0.0,2.0,2.0,2.0,1.0,0.0,0.0,0.0,0.0,1
0.0,2.0,0.4059529449714223,1.0,1.0,1.0,0.3592782301026135,0.3687130408412641,0.3290034071550255,1.0,1.0,1.0,0.0,0.0,0.0,0.0,0.0,1.0,1.0,1.0,1.0,1.0,1.0,1.0,0.0,1.0,2.0,2.0,0.0,0.0,1.0,1.0,1.0,0
0.0,1.0,0.4059529449714223,1.0,1.0,1.0,0.2608303362988201,0.2293199502739537,0.1904496412162511,1.0,0.0,1.0,0.0,0.0,0.0,0.0,1.0,0.0,0.0,0.0,2.0,1.0,2.0,1.0,1.0,1.0,1.0,1.0,1.0,0.0,1.0,2.0,0.0,0
0.0,0.0,0.4059529449714223,2.0,0.0,0.0,0.2608303362988201,0.2293199502739537,0.5616127200454287,0.0,2.0,0.0,0.0,1.0,1.0,0.0,0.0,0.0,0.0,0.0,0.0,0.0,0.0,0.0,0.0,1.0,1.0,2.0,1.0,0.0,1.0,2.0,1.0,1
0.0,0.0,0.4472088227382767,1.0,0.0,0.0,0.3592782301026135,0.2631793890457632,0.6060477001703577,1.0,3.0,0.0,0.0,0.0,0.0,1.0,1.0,1.0,1.0,1.0,1.0,1.0,1.0,1.0,1.0,2.0,0.0,0.0,1.0,0.0,2.0,2.0,0.0,0
0.0,2.0,0.4059529449714223,1.0,1.0,1.0,0.3592782301026135,0.2631793890457632,0.2692625943051838,1.0,0.0,0.0,0.0,0.0,0.0,0.0,0.0,0.0,0.0,0.0,0.0,0.0,0.0,2.0,0.0,1.0,2.0,2.0,0.0,0.0,0.0,0.0,0.0,0
0.0,0.0,0.4059529449714223,1.0,1.0,0.0,0.5651866011647716,0.5068458577828254,0.6695059625212947,1.0,0.0,1.0,1.0,1.0,2.0,0.0,0.0,1.0,1.0,1.0,1.0,1.0,1.0,2.0,2.0,1.0,1.0,1.0,1.0,0.0,1.0,1.0,1.0,1
1.0,1.0,0.4472088227382767,1.0,0.0,0.0,0.5651866011647716,0.5553488857212391,0.5235661555934129,0.0,0.0,1.0,0.0,0.0,0.0,0.0,0.0,0.0,0.0,0.0,0.0,0.0,2.0,1.0,0.0,1.0,1.0,1.0,0.0,0.0,1.0,1.0,0.0,0
0.0,3.468984251376473,0.4472088227382767,0.0,3.55862379327542,3.3566824392321646,0.5651866011647716,0.5068458577828254,0.601727914334388,4.102741184057091,8.884086322351143,1.0,1.0,1.0,2.0,1.0,1.0,3.0,1.0,1.0,2.0,1.0,1.0,0.0,3.350919003746875,0.0,1.0,1.0,0.0,0.0,1.0,1.0,1.0,0
0.0,0.0,0.4472088227382767,0.0,0.0,0.0,0.5651866011647716,0.3687130408412641,0.3290034071550255,0.0,0.0,0.0,0.0,0.0,0.0,0.0,0.0,0.0,0.0,0.0,1.0,0.0,0.0,1.0,1.0,1.0,1.0,1.0,0.0,0.0,1.0,0.0,0.0,0
0.0,1.0,0.4059529449714223,1.0,0.0,0.0,0.5651866011647716,0.464504830773996,0.6316167566347161,0.0,0.0,0.0,0.0,0.0,0.0,0.0,0.0,0.0,0.0,0.0,1.0,1.0,1.0,2.0,2.0,2.0,1.0,1.0,0.0,0.0,2.0,0.0,0.0,0
1.0,1.0,0.4472088227382767,1.0,1.0,0.0,0.4567380973729042,0.5564735945485519,0.9680106000378572,1.0,1.0,1.0,1.0,1.0,2.0,1.0,1.0,1.0,1.0,0.0,2.0,1.0,1.0,1.0,1.0,1.0,0.0,1.0,1.0,0.0,2.0,2.0,1.0,1
0.0,1.0,0.4059529449714223,1.0,1.0,1.0,0.5651866011647716,0.5553488857212391,0.5235661555934129,2.0,2.0,1.0,1.0,1.0,2.0,1.0,1.0,2.0,1.0,1.0,2.0,1.0,2.0,1.0,1.0,1.0,2.0,1.0,1.0,0.0,2.0,2.0,0.0,0
0.0,0.0,0.4472088227382767,0.0,0.0,0.0,0.2608303362988201,0.3687130408412641,0.3290034071550255,0.0,0.0,0.0,0.0,1.0,1.0,0.0,0.0,0.0,0.0,0.0,1.0,0.0,1.0,2.0,2.0,2.0,2.0,2.0,0.0,0.0,0.0,0.0,0.0,1
1.0,0.0,0.4059529449714223,1.0,1.0,1.0,0.3592782301026135,0.2631793890457632,0.3227909043774535,1.0,1.0,1.0,0.0,0.0,0.0,1.0,0.0,1.0,1.0,1.0,1.0,1.0,1.0,1.0,1.0,1.0,1.0,1.0,1.0,0.0,1.0,1.0,0.0,0
1.0,1.0,0.4059529449714223,2.0,1.0,1.0,0.4567380973729042,0.3687130408412641,0.6480146769754948,2.0,4.0,1.0,1.0,1.0,2.0,1.0,1.0,2.0,1.0,1.0,2.0,1.0,2.0,1.0,1.0,1.0,0.0,0.0,1.0,0.0,1.0,1.0,0.0,0
0.0,2.0,0.4059529449714223,1.0,2.0,0.0,0.2608303362988201,0.3687130408412641,0.4249802634312544,0.0,0.0,1.0,0.0,1.0,1.0,0.0,1.0,2.0,1.0,0.0,1.0,1.0,2.0,1.0,1.0,1.0,1.0,2.0,0.0,0.0,2.0,1.0,1.0,1
0.0,2.0,0.4059529449714223,2.0,0.0,0.0,0.2608303362988201,0.3687130408412641,0.327141836566467,2.0,0.0,1.0,0.0,0.0,0.0,1.0,1.0,3.0,1.0,0.0,2.0,1.0,2.0,0.0,1.0,1.0,0.0,0.0,1.0,1.0,1.0,2.0,1.0,0
1.0,2.0,0.4059529449714223,3.0,2.0,1.0,0.4567380973729042,0.6003779812606473,0.4021991636983119,2.0,4.0,1.0,1.0,1.0,2.0,1.0,1.0,1.0,1.0,0.0,2.0,1.0,2.0,1.0,2.0,2.0,1.0,0.0,1.0,0.0,2.0,2.0,1.0,1
0.0,0.0,0.4059529449714223,1.0,1.0,0.0,0.2608303362988201,0.2293199502739537,0.1904496412162511,1.0,0.0,0.0,0.0,0.0,1.0,0.0,0.0,0.0,0.0,0.0,0.0,0.0,0.0,1.0,1.0,1.0,1.0,1.0,0.0,0.0,0.0,0.0,0.0,1
0.0,2.0,0.4059529449714223,1.0,2.0,2.0,0.2608303362988201,0.2293199502739537,0.1904496412162511,0.0,1.0,0.0,0.0,1.0,1.0,0.0,0.0,1.0,1.0,0.0,1.0,1.0,2.0,1.0,1.0,0.0,1.0,1.0,0.0,0.0,2.0,1.0,1.0,0
1.0,2.0,0.4059529449714223,0.0,2.0,2.0,0.4567380973729042,0.5564735945485519,0.6169676320272572,0.0,1.0,1.0,0.0,0.0,0.0,0.0,0.0,0.0,0.0,0.0,0.0,0.0,0.0,2.0,1.0,1.0,0.0,0.0,1.0,0.0,2.0,1.0,0.0,1
1.0,1.0,0.4059529449714223,0.0,0.0,0.0,0.5124929017603634,0.5068458577828254,0.4981509951385715,0.0,3.0,1.0,1.0,1.0,2.0,1.0,1.0,2.0,1.0,0.0,1.0,1.0,2.0,2.0,1.0,2.0,0.0,0.0,1.0,0.0,2.0,1.0,0.0,0
0.0,0.0,0.4059529449714223,2.0,1.0,0.0,0.2608303362988201,0.3687130408412641,0.2445850571915308,0.0,1.0,0.0,0.0,1.0,1.0,0.0,0.0,1.0,0.0,0.0,0.0,0.0,2.0,2.0,2.0,2.0,2.0,2.0,0.0,0.0,1.0,0.0,1.0,1
0.0,0.0,0.4059529449714223,2.0,1.0,0.0,0.5651866011647716,0.5564735945485519,0.9680106000378572,1.0,1.0,1.0,1.0,0.0,0.0,1.0,1.0,1.0,1.0,0.0,1.0,1.0,2.0,2.0,1.0,1.0,0.0,0.0,1.0,0.0,1.0,1.0,1.0,1
0.0,0.0,0.4059529449714223,0.0,1.0,1.0,0.5651866011647716,0.464504830773996,0.6316167566347161,0.0,3.0,1.0,0.0,0.0,0.0,0.0,0.0,0.0,0.0,0.0,0.0,0.0,0.0,2.0,0.0,2.0,1.0,2.0,0.0,0.0,1.0,0.0,0.0,0
,1.0,0.4472088227382767,2.0,1.0,1.0,0.3592782301026135,0.2631793890457632,,0.0,3.0,,0.0,,0.0,0.0,1.0,,,0.0,1.0,1.0,,,1.0,2.0,0.0,0.0,1.0,0.0,2.0,1.0,,0
1.0,1.0,0.4059529449714223,1.0,2.0,0.0,0.2608303362988201,0.2293199502739537,0.1904496412162511,0.0,2.0,1.0,0.0,1.0,1.0,0.0,0.0,2.0,1.0,1.0,1.0,0.0,1.0,0.0,1.0,2.0,2.0,2.0,0.0,1.0,1.0,1.0,1.0,1
1.0,1.0,0.4059529449714223,0.0,2.0,2.0,0.3592782301026135,0.5564735945485519,0.6169676320272572,1.0,1.0,1.0,0.0,0.0,0.0,1.0,1.0,0.0,0.0,0.0,2.0,1.0,2.0,1.0,1.0,1.0,1.0,1.0,1.0,0.0,2.0,1.0,0.0,0
,0.0,0.4059529449714223,,1.0,,0.5124929017603634,0.5068458577828254,0.3030238500851788,,2.0,1.0,1.0,0.0,0.0,0.0,0.0,3.0,1.0,0.0,,,,1.0,0.0,1.0,1.0,,,0.0,1.0,1.0,0.0,0
0.0,3.468984251376473,0.4472088227382767,1.0,3.55862379327542,3.3566824392321646,0.3592782301026135,0.464504830773996,0.2300776074200265,5.102741184057091,5.884086322351143,0.0,0.0,0.0,0.0,1.0,1.0,0.0,0.0,0.0,1.0,1.0,2.0,1.0,4.350919003746875,1.0,0.0,0.0,0.0,0.0,0.0,0.0,0.0,0
1.0,3.468984251376473,0.4472088227382767,0.0,4.5586237932754194,3.3566824392321646,0.5651866011647716,0.5564735945485519,0.6169676320272572,5.102741184057091,5.884086322351143,0.0,0.0,0.0,0.0,0.0,1.0,0.0,0.0,0.0,1.0,1.0,1.0,1.0,4.350919003746875,1.0,1.0,1.0,0.0,0.0,1.0,0.0,1.0,1
0.0,0.0,0.4472088227382767,1.0,0.0,0.0,0.5651866011647716,0.3687130408412641,0.327141836566467,1.0,2.0,1.0,1.0,0.0,2.0,1.0,1.0,0.0,0.0,0.0,1.0,1.0,2.0,0.0,0.0,0.0,2.0,2.0,1.0,0.0,2.0,2.0,0.0,0
1.0,0.0,0.4472088227382767,2.0,0.0,0.0,0.5651866011647716,0.5564735945485519,0.1780238500851789,2.0,2.0,1.0,0.0,1.0,2.0,0.0,0.0,0.0,0.0,0.0,0.0,1.0,2.0,1.0,1.0,2.0,1.0,2.0,0.0,0.0,1.0,1.0,1.0,0
1.0,0.0,0.4472088227382767,0.0,0.0,0.0,0.5124929017603634,0.5553488857212391,0.8018608308216486,0.0,2.0,0.0,0.0,1.0,2.0,0.0,0.0,2.0,1.0,1.0,1.0,1.0,1.0,1.0,2.0,2.0,1.0,1.0,0.0,0.0,1.0,0.0,1.0,1
0.0,1.0,0.4472088227382767,1.0,1.0,1.0,0.2608303362988201,0.3687130408412641,0.327141836566467,0.0,1.0,0.0,0.0,1.0,2.0,1.0,1.0,1.0,1.0,0.0,2.0,1.0,2.0,0.0,1.0,0.0,1.0,0.0,1.0,0.0,1.0,1.0,0.0,0
1.0,0.0,0.4472088227382767,1.0,1.0,0.0,0.4567380973729042,0.3687130408412641,0.6480146769754948,2.0,2.0,1.0,1.0,0.0,0.0,1.0,1.0,1.0,1.0,0.0,2.0,1.0,1.0,0.0,2.0,1.0,1.0,1.0,1.0,0.0,1.0,1.0,1.0,1
0.0,0.0,0.4059529449714223,1.0,0.0,0.0,0.5651866011647716,0.5564735945485519,0.4931082546074028,1.0,0.0,0.0,0.0,1.0,1.0,0.0,0.0,1.0,1.0,0.0,0.0,0.0,2.0,2.0,1.0,0.0,0.0,2.0,0.0,0.0,0.0,1.0,0.0,1
1.0,1.0,0.4059529449714223,0.0,0.0,0.0,0.4567380973729042,0.6003779812606473,0.4021991636983119,0.0,0.0,0.0,0.0,0.0,0.0,0.0,0.0,0.0,0.0,0.0,1.0,1.0,1.0,1.0,1.0,1.0,1.0,0.0,0.0,0.0,1.0,1.0,1.0,0
,0.0,0.4472088227382767,,,0.0,0.4567380973729042,,0.2949460533787621,1.0,2.0,1.0,1.0,,0.0,1.0,0.0,2.0,1.0,0.0,,1.0,0.0,1.0,1.0,1.0,1.0,2.0,,,1.0,1.0,,0
0.0,0.0,0.4059529449714223,1.0,0.0,0.0,0.2608303362988201,0.2293199502739537,0.5616127200454287,0.0,0.0,0.0,0.0,0.0,0.0,0.0,0.0,0.0,0.0,0.0,0.0,1.0,2.0,1.0,0.0,0.0,0.0,0.0,1.0,0.0,2.0,1.0,1.0,1
1.0,1.0,0.4059529449714223,1.0,0.0,0.0,0.5651866011647716,0.464504830773996,0.2300776074200265,1.0,0.0,0.0,0.0,0.0,0.0,0.0,0.0,0.0,0.0,0.0,0.0,1.0,1.0,1.0,1.0,0.0,1.0,1.0,0.0,1.0,1.0,0.0,0.0,0
0.0,1.0,0.4059529449714223,1.0,1.0,1.0,0.2608303362988201,0.3687130408412641,0.327141836566467,1.0,0.0,1.0,0.0,0.0,0.0,1.0,1.0,3.0,1.0,0.0,1.0,1.0,2.0,0.0,0.0,0.0,1.0,0.0,1.0,0.0,1.0,1.0,0.0,0
0.0,1.0,0.4059529449714223,0.0,1.0,1.0,0.4567380973729042,0.3687130408412641,0.7424190800681431,1.0,1.0,1.0,0.0,0.0,0.0,0.0,0.0,0.0,0.0,0.0,0.0,0.0,0.0,1.0,0.0,2.0,1.0,1.0,0.0,0.0,0.0,0.0,1.0,1
1.0,1.0,0.4059529449714223,1.0,1.0,1.0,0.2608303362988201,0.2293199502739537,0.1904496412162511,1.0,0.0,0.0,0.0,0.0,1.0,0.0,0.0,0.0,0.0,0.0,0.0,0.0,0.0,1.0,1.0,0.0,0.0,1.0,1.0,0.0,1.0,1.0,0.0,0
1.0,1.0,0.4778534923339012,0.0,1.0,1.0,0.5651866011647716,0.5564735945485519,0.6169676320272572,0.0,0.0,0.0,0.0,0.0,0.0,0.0,0.0,0.0,0.0,0.0,0.0,1.0,1.0,1.0,1.0,1.0,2.0,2.0,0.0,0.0,1.0,0.0,0.0,0
1.0,0.0,0.4472088227382767,0.0,0.0,0.0,0.5124929017603634,0.6003779812606473,0.6232770636518506,0.0,2.0,1.0,0.0,1.0,2.0,0.0,0.0,1.0,1.0,0.0,1.0,1.0,2.0,1.0,1.0,1.0,2.0,0.0,0.0,0.0,2.0,1.0,1.0,0
0.0,2.0,0.4059529449714223,1.0,1.0,1.0,0.3592782301026135,0.2631793890457632,0.21308239366161,0.0,1.0,1.0,0.0,1.0,2.0,0.0,0.0,1.0,1.0,0.0,1.0,1.0,2.0,1.0,0.0,0.0,1.0,0.0,1.0,0.0,2.0,1.0,0.0,0
0.0,0.0,0.4059529449714223,1.0,1.0,1.0,0.5651866011647716,0.5564735945485519,0.2445850571915308,1.0,0.0,1.0,1.0,1.0,1.0,1.0,1.0,2.0,1.0,0.0,2.0,1.0,2.0,1.0,1.0,0.0,0.0,1.0,1.0,1.0,2.0,2.0,1.0,0
0.0,2.0,0.4059529449714223,0.0,2.0,2.0,0.2608303362988201,0.3687130408412641,0.4249802634312544,0.0,2.0,1.0,1.0,0.0,0.0,1.0,1.0,2.0,1.0,0.0,1.0,1.0,2.0,0.0,1.0,1.0,1.0,0.0,1.0,0.0,2.0,2.0,0.0,0
1.0,,0.4472088227382767,,0.0,0.0,0.5651866011647716,,0.6695059625212947,1.0,1.0,1.0,1.0,0.0,,1.0,,2.0,1.0,0.0,2.0,1.0,2.0,,1.0,0.0,0.0,,,0.0,,1.0,0.0,0
0.0,2.0,0.4059529449714223,1.0,2.0,2.0,0.3592782301026135,0.3687130408412641,0.7424190800681431,1.0,3.0,1.0,0.0,0.0,0.0,1.0,0.0,1.0,0.0,0.0,0.0,0.0,2.0,2.0,1.0,1.0,0.0,1.0,0.0,0.0,0.0,1.0,0.0,1
1.0,1.0,0.4059529449714223,1.0,2.0,,0.2608303362988201,0.2293199502739537,,1.0,1.0,,0.0,0.0,0.0,0.0,0.0,,,0.0,,0.0,1.0,1.0,,1.0,2.0,1.0,0.0,0.0,1.0,,,0
1.0,1.0,0.4472088227382767,0.0,1.0,1.0,0.5124929017603634,0.5564735945485519,0.8018608308216486,0.0,3.0,1.0,1.0,1.0,2.0,1.0,1.0,2.0,1.0,2.0,2.0,1.0,2.0,1.0,0.0,0.0,2.0,0.0,1.0,1.0,1.0,2.0,0.0,0
1.0,0.0,0.4059529449714223,1.0,1.0,0.0,0.5124929017603634,0.6003779812606473,0.6232770636518506,0.0,0.0,0.0,0.0,0.0,0.0,1.0,0.0,0.0,0.0,0.0,1.0,1.0,1.0,1.0,0.0,0.0,1.0,2.0,0.0,0.0,1.0,1.0,0.0,1
1.0,1.0,0.4472088227382767,2.0,1.0,1.0,0.3592782301026135,0.3687130408412641,0.327141836566467,2.0,1.0,1.0,1.0,1.0,2.0,1.0,1.0,1.0,1.0,0.0,1.0,1.0,1.0,1.0,0.0,1.0,0.0,1.0,1.0,0.0,1.0,1.0,1.0,1
0.0,0.0,0.4472088227382767,1.0,0.0,0.0,0.5651866011647716,0.5564735945485519,0.6316167566347161,1.0,1.0,1.0,0.0,1.0,2.0,0.0,0.0,1.0,1.0,0.0,1.0,1.0,2.0,1.0,2.0,1.0,0.0,2.0,0.0,0.0,1.0,1.0,0.0,0
0.0,0.0,0.4059529449714223,1.0,1.0,1.0,0.2608303362988201,0.2293199502739537,0.1904496412162511,1.0,0.0,0.0,0.0,0.0,0.0,1.0,1.0,0.0,0.0,0.0,2.0,1.0,1.0,0.0,1.0,0.0,1.0,1.0,1.0,0.0,1.0,1.0,0.0,0
1.0,0.0,0.4059529449714223,1.0,0.0,0.0,0.5651866011647716,0.3687130408412641,0.3030238500851788,1.0,1.0,0.0,0.0,0.0,0.0,0.0,0.0,1.0,1.0,0.0,0.0,0.0,1.0,1.0,1.0,1.0,0.0,0.0,0.0,1.0,1.0,1.0,0.0,0
0.0,2.0,0.4059529449714223,1.0,2.0,2.0,0.2608303362988201,0.2293199502739537,0.1904496412162511,2.0,0.0,0.0,0.0,0.0,1.0,1.0,1.0,3.0,1.0,0.0,1.0,1.0,1.0,1.0,0.0,1.0,1.0,1.0,1.0,0.0,1.0,2.0,0.0,0
0.0,0.0,0.4472088227382767,1.0,0.0,0.0,0.3592782301026135,0.5553488857212391,0.3686825667234526,1.0,3.0,1.0,1.0,0.0,0.0,0.0,0.0,0.0,0.0,0.0,0.0,0.0,1.0,1.0,1.0,1.0,2.0,2.0,0.0,0.0,1.0,1.0,0.0,0
1.0,1.0,0.4059529449714223,2.0,2.0,1.0,0.3592782301026135,0.2631793890457632,0.2692625943051838,3.0,3.0,1.0,1.0,1.0,2.0,1.0,1.0,3.0,1.0,2.0,2.0,1.0,2.0,1.0,1.0,2.0,1.0,1.0,1.0,1.0,2.0,2.0,1.0,1
1.0,0.0,0.4472088227382767,1.0,0.0,0.0,0.2608303362988201,0.2293199502739537,0.1904496412162511,0.0,0.0,0.0,0.0,0.0,0.0,0.0,0.0,1.0,0.0,2.0,2.0,1.0,2.0,2.0,2.0,2.0,0.0,2.0,1.0,0.0,2.0,2.0,1.0,1
1.0,1.0,0.4059529449714223,1.0,2.0,0.0,0.3592782301026135,0.2631793890457632,0.21308239366161,0.0,1.0,1.0,1.0,1.0,2.0,0.0,0.0,1.0,1.0,0.0,1.0,0.0,1.0,1.0,1.0,2.0,1.0,1.0,0.0,0.0,1.0,1.0,0.0,1
1.0,0.0,0.4059529449714223,2.0,0.0,0.0,0.3592782301026135,0.464504830773996,0.2300776074200265,1.0,2.0,1.0,1.0,1.0,2.0,1.0,1.0,1.0,1.0,0.0,2.0,1.0,2.0,0.0,0.0,0.0,1.0,1.0,1.0,0.0,1.0,1.0,0.0,0
0.0,0.0,0.4059529449714223,1.0,0.0,0.0,0.3592782301026135,0.464504830773996,0.2300776074200265,1.0,0.0,1.0,0.0,1.0,1.0,1.0,1.0,3.0,1.0,1.0,1.0,1.0,1.0,1.0,1.0,1.0,0.0,0.0,0.0,0.0,1.0,1.0,1.0,0
0.0,1.0,0.4059529449714223,0.0,2.0,0.0,0.4567380973729042,0.5564735945485519,0.7591679368779701,1.0,0.0,1.0,0.0,0.0,0.0,0.0,0.0,0.0,0.0,0.0,0.0,0.0,0.0,2.0,2.0,1.0,2.0,2.0,0.0,0.0,1.0,0.0,1.0,1
0.0,0.0,0.4778534923339012,0.0,1.0,1.0,0.5124929017603634,0.5068458577828254,0.4249802634312544,1.0,3.0,1.0,1.0,1.0,2.0,0.0,0.0,3.0,1.0,0.0,1.0,1.0,1.0,1.0,1.0,2.0,1.0,1.0,0.0,0.0,2.0,1.0,0.0,1
,0.0,,,0.0,,0.4567380973729042,0.6003779812606473,0.4021991636983119,0.0,0.0,1.0,,1.0,2.0,0.0,0.0,1.0,,,,1.0,1.0,0.0,1.0,0.0,1.0,1.0,0.0,,1.0,1.0,1.0,0
1.0,1.0,0.4059529449714223,0.0,2.0,0.0,0.5124929017603634,0.5553488857212391,0.6060477001703577,0.0,0.0,0.0,0.0,1.0,1.0,0.0,0.0,2.0,1.0,0.0,0.0,0.0,1.0,1.0,0.0,1.0,1.0,1.0,0.0,0.0,1.0,0.0,1.0,1
0.0,0.0,0.4472088227382767,1.0,0.0,0.0,0.3592782301026135,0.2631793890457632,0.2692625943051838,0.0,1.0,0.0,1.0,1.0,2.0,0.0,1.0,1.0,1.0,1.0,1.0,1.0,1.0,1.0,2.0,1.0,2.0,2.0,1.0,1.0,1.0,1.0,1.0,0
1.0,0.0,0.4472088227382767,0.0,0.0,,0.5124929017603634,,,,2.0,,,1.0,2.0,1.0,1.0,1.0,1.0,,1.0,,1.0,1.0,1.0,1.0,0.0,0.0,1.0,0.0,1.0,1.0,,0
1.0,1.0,0.4059529449714223,1.0,2.0,0.0,0.5651866011647716,0.3687130408412641,0.4249802634312544,1.0,2.0,1.0,0.0,1.0,2.0,0.0,0.0,0.0,0.0,0.0,0.0,0.0,1.0,1.0,2.0,1.0,2.0,2.0,0.0,0.0,0.0,0.0,1.0,1
0.0,2.0,0.4059529449714223,1.0,0.0,0.0,0.5651866011647716,0.5564735945485519,0.7591679368779701,0.0,0.0,0.0,0.0,1.0,1.0,0.0,0.0,0.0,0.0,0.0,0.0,0.0,0.0,1.0,0.0,1.0,1.0,2.0,0.0,0.0,0.0,0.0,0.0,0
0.0,2.0,0.4059529449714223,1.0,2.0,2.0,0.2608303362988201,0.2293199502739537,0.1904496412162511,2.0,1.0,0.0,0.0,0.0,0.0,1.0,0.0,3.0,1.0,0.0,0.0,1.0,2.0,1.0,1.0,1.0,1.0,1.0,1.0,0.0,2.0,2.0,0.0,0
0.0,0.0,0.4472088227382767,0.0,1.0,0.0,0.5651866011647716,0.5068458577828254,0.3835483085908981,0.0,2.0,1.0,1.0,1.0,2.0,1.0,1.0,1.0,1.0,0.0,1.0,0.0,1.0,1.0,0.0,1.0,1.0,0.0,1.0,1.0,1.0,1.0,1.0,1
1.0,1.0,0.4472088227382767,0.0,0.0,0.0,0.5651866011647716,0.5068458577828254,0.3835483085908981,0.0,1.0,1.0,0.0,0.0,0.0,0.0,0.0,0.0,0.0,0.0,1.0,0.0,2.0,2.0,1.0,1.0,2.0,2.0,0.0,0.0,1.0,1.0,0.0,0
0.0,1.0,0.4059529449714223,0.0,0.0,0.0,0.3592782301026135,0.5564735945485519,0.4963900381276872,0.0,0.0,0.0,0.0,0.0,0.0,1.0,1.0,0.0,0.0,0.0,0.0,1.0,1.0,1.0,1.0,0.0,0.0,1.0,1.0,0.0,1.0,1.0,0.0,0
0.0,1.0,0.4472088227382767,2.0,1.0,1.0,0.2608303362988201,0.2293199502739537,0.4520159000567859,1.0,1.0,0.0,0.0,0.0,0.0,0.0,0.0,1.0,1.0,0.0,1.0,1.0,1.0,2.0,2.0,1.0,2.0,2.0,1.0,0.0,1.0,1.0,1.0,1
0.0,3.468984251376473,0.4472088227382767,0.0,3.55862379327542,3.3566824392321646,0.2608303362988201,0.5068458577828254,0.6695059625212947,5.102741184057091,7.884086322351143,1.0,1.0,1.0,2.0,0.0,0.0,0.0,1.0,0.0,1.0,1.0,2.0,1.0,4.350919003746875,0.0,1.0,0.0,0.0,0.0,1.0,1.0,1.0,1
1.0,1.0,0.4472088227382767,1.0,1.0,0.0,0.5651866011647716,0.5553488857212391,0.4915767556312701,2.0,2.0,1.0,0.0,0.0,0.0,0.0,0.0,0.0,0.0,0.0,1.0,0.0,0.0,1.0,2.0,1.0,0.0,0.0,0.0,0.0,2.0,1.0,1.0,1
0.0,0.0,0.4472088227382767,2.0,0.0,0.0,0.3592782301026135,0.6003779812606473,0.6232770636518506,2.0,2.0,1.0,1.0,0.0,0.0,1.0,1.0,1.0,1.0,1.0,1.0,1.0,1.0,1.0,1.0,1.0,0.0,0.0,1.0,0.0,1.0,1.0,0.0,0
1.0,0.0,0.4472088227382767,1.0,0.0,0.0,0.3592782301026135,0.2631793890457632,0.6060477001703577,1.0,0.0,1.0,0.0,1.0,2.0,0.0,0.0,0.0,0.0,0.0,0.0,0.0,1.0,1.0,2.0,2.0,1.0,2.0,0.0,0.0,0.0,0.0,0.0,1
0.0,1.0,,,1.0,0.0,0.5124929017603634,,0.6695059625212947,0.0,3.0,1.0,1.0,,2.0,0.0,0.0,,,0.0,2.0,1.0,,0.0,0.0,0.0,,0.0,0.0,0.0,,0.0,1.0,1
1.0,1.0,0.4059529449714223,0.0,1.0,1.0,0.5651866011647716,0.5068458577828254,0.4249802634312544,1.0,0.0,1.0,1.0,1.0,1.0,0.0,0.0,1.0,1.0,1.0,1.0,0.0,1.0,0.0,1.0,2.0,0.0,2.0,0.0,0.0,1.0,1.0,0.0,1
0.0,0.0,0.4472088227382767,0.0,0.0,0.0,0.5124929017603634,0.5068458577828254,0.3835483085908981,0.0,2.0,1.0,1.0,1.0,2.0,1.0,0.0,2.0,1.0,0.0,1.0,1.0,1.0,1.0,0.0,1.0,2.0,1.0,1.0,0.0,1.0,1.0,0.0,0
1.0,0.0,0.4472088227382767,0.0,0.0,0.0,0.3592782301026135,0.464504830773996,0.2300776074200265,1.0,1.0,1.0,0.0,0.0,0.0,1.0,1.0,1.0,1.0,0.0,2.0,1.0,2.0,0.0,0.0,1.0,1.0,1.0,0.0,1.0,1.0,1.0,1.0,0
0.0,0.0,0.4472088227382767,0.0,1.0,1.0,0.5124929017603634,0.5068458577828254,0.6695059625212947,1.0,3.0,1.0,1.0,1.0,2.0,1.0,1.0,1.0,1.0,1.0,1.0,1.0,1.0,1.0,1.0,1.0,2.0,2.0,1.0,0.0,1.0,2.0,1.0,1
1.0,0.0,,1.0,0.0,,0.5651866011647716,0.5553488857212391,0.8018608308216486,3.0,0.0,0.0,0.0,,1.0,0.0,0.0,1.0,0.0,2.0,,0.0,,0.0,0.0,,1.0,,,,0.0,1.0,1.0,1
0.0,1.0,0.4059529449714223,1.0,0.0,0.0,0.3592782301026135,0.2631793890457632,0.21308239366161,0.0,2.0,1.0,1.0,1.0,1.0,1.0,1.0,2.0,1.0,1.0,2.0,1.0,2.0,1.0,1.0,1.0,0.0,0.0,1.0,1.0,1.0,1.0,1.0,0
0.0,1.0,0.4059529449714223,1.0,1.0,1.0,0.3592782301026135,0.2631793890457632,0.060598685811633,0.0,1.0,1.0,0.0,1.0,2.0,1.0,1.0,2.0,1.0,0.0,2.0,1.0,2.0,0.0,1.0,0.0,1.0,1.0,1.0,0.0,2.0,2.0,1.0,0
1.0,1.0,0.4472088227382767,1.0,2.0,2.0,0.2608303362988201,0.3687130408412641,0.327141836566467,1.0,0.0,0.0,0.0,0.0,0.0,0.0,0.0,0.0,0.0,0.0,0.0,1.0,2.0,0.0,1.0,0.0,1.0,0.0,0.0,0.0,1.0,1.0,0.0,0
1.0,1.0,0.4059529449714223,1.0,1.0,1.0,0.2608303362988201,0.2293199502739537,0.1904496412162511,0.0,2.0,1.0,1.0,0.0,1.0,1.0,0.0,2.0,1.0,0.0,2.0,1.0,2.0,0.0,0.0,0.0,0.0,0.0,1.0,0.0,2.0,2.0,0.0,0
0.0,2.0,0.4059529449714223,3.0,2.0,2.0,0.3592782301026135,0.2631793890457632,0.2692625943051838,3.0,2.0,1.0,0.0,1.0,1.0,1.0,0.0,1.0,1.0,2.0,1.0,1.0,1.0,0.0,2.0,2.0,1.0,1.0,1.0,0.0,1.0,1.0,1.0,0
1.0,1.0,0.4059529449714223,1.0,1.0,0.0,0.5651866011647716,0.5553488857212391,0.7120954003407155,2.0,2.0,1.0,0.0,0.0,0.0,0.0,0.0,1.0,1.0,1.0,1.0,1.0,1.0,1.0,1.0,2.0,2.0,2.0,0.0,0.0,2.0,0.0,1.0,1
,,,0.0,1.0,0.0,0.5651866011647716,0.5564735945485519,,1.0,2.0,1.0,0.0,1.0,1.0,0.0,0.0,0.0,0.0,2.0,,1.0,2.0,2.0,,,0.0,2.0,1.0,1.0,2.0,,,1
0.0,0.0,0.4472088227382767,1.0,0.0,0.0,0.2608303362988201,0.5564735945485519,0.5616127200454287,0.0,0.0,0.0,0.0,0.0,0.0,1.0,1.0,3.0,1.0,0.0,1.0,1.0,1.0,2.0,0.0,0.0,0.0,0.0,0.0,0.0,2.0,2.0,1.0,1
1.0,0.0,0.4472088227382767,1.0,1.0,1.0,0.5651866011647716,0.464504830773996,0.6316167566347161,1.0,1.0,1.0,0.0,1.0,1.0,0.0,0.0,1.0,1.0,0.0,1.0,1.0,1.0,1.0,2.0,2.0,2.0,2.0,0.0,1.0,1.0,1.0,0.0,1
1.0,1.0,0.4059529449714223,1.0,0.0,0.0,0.2608303362988201,0.2293199502739537,0.1904496412162511,1.0,2.0,0.0,0.0,0.0,0.0,1.0,1.0,2.0,1.0,0.0,2.0,1.0,1.0,2.0,0.0,0.0,1.0,1.0,1.0,0.0,2.0,2.0,1.0,0
0.0,0.0,0.4059529449714223,1.0,0.0,0.0,0.5651866011647716,0.5564735945485519,0.6868662286038777,0.0,1.0,1.0,1.0,1.0,2.0,1.0,1.0,1.0,1.0,2.0,2.0,1.0,2.0,2.0,2.0,2.0,2.0,2.0,1.0,1.0,2.0,2.0,1.0,1
0.0,2.0,0.4059529449714223,1.0,1.0,1.0,0.4567380973729042,0.6003779812606473,0.4021991636983119,3.0,2.0,1.0,1.0,0.0,0.0,0.0,0.0,0.0,1.0,0.0,1.0,1.0,2.0,1.0,1.0,0.0,0.0,1.0,1.0,0.0,1.0,1.0,1.0,0
0.0,0.0,0.4472088227382767,1.0,0.0,0.0,0.5124929017603634,0.464504830773996,0.6316167566347161,0.0,4.0,1.0,0.0,1.0,1.0,0.0,0.0,0.0,0.0,0.0,0.0,0.0,0.0,2.0,2.0,1.0,1.0,2.0,0.0,0.0,1.0,0.0,0.0,1
1.0,0.0,0.4472088227382767,1.0,0.0,0.0,0.2608303362988201,0.2293199502739537,0.1904496412162511,0.0,0.0,0.0,0.0,0.0,0.0,0.0,0.0,0.0,0.0,0.0,0.0,0.0,0.0,1.0,2.0,1.0,2.0,1.0,0.0,0.0,0.0,0.0,0.0,1
0.0,1.0,0.4059529449714223,0.0,0.0,0.0,0.2608303362988201,0.2293199502739537,0.1904496412162511,0.0,0.0,0.0,0.0,0.0,0.0,0.0,0.0,0.0,0.0,0.0,0.0,1.0,1.0,1.0,0.0,1.0,1.0,0.0,0.0,0.0,2.0,2.0,1.0,0
1.0,2.0,0.4059529449714223,1.0,1.0,1.0,0.2608303362988201,0.2293199502739537,0.1904496412162511,0.0,0.0,0.0,0.0,0.0,0.0,0.0,0.0,0.0,0.0,0.0,0.0,0.0,0.0,2.0,1.0,2.0,2.0,2.0,0.0,1.0,0.0,0.0,1.0,0
0.0,1.0,0.4059529449714223,2.0,1.0,1.0,0.3592782301026135,0.2631793890457632,0.4848381601362862,0.0,2.0,1.0,1.0,1.0,2.0,1.0,0.0,1.0,1.0,0.0,1.0,1.0,1.0,0.0,1.0,0.0,1.0,2.0,1.0,0.0,2.0,2.0,1.0,1
1.0,0.0,0.4778534923339012,0.0,1.0,1.0,0.5651866011647716,0.5564735945485519,0.4915767556312701,2.0,2.0,1.0,1.0,1.0,2.0,1.0,1.0,3.0,1.0,0.0,2.0,1.0,2.0,1.0,1.0,1.0,1.0,1.0,1.0,1.0,1.0,1.0,1.0,0
1.0,1.0,0.4778534923339012,1.0,1.0,1.0,0.5651866011647716,0.5553488857212391,0.3030238500851788,1.0,1.0,0.0,0.0,1.0,2.0,0.0,0.0,0.0,0.0,0.0,1.0,0.0,1.0,2.0,0.0,1.0,1.0,1.0,0.0,0.0,0.0,0.0,1.0,1
0.0,0.0,0.4472088227382767,1.0,0.0,0.0,0.2608303362988201,0.2293199502739537,0.1904496412162511,1.0,0.0,1.0,0.0,0.0,0.0,1.0,1.0,2.0,1.0,0.0,1.0,1.0,2.0,1.0,0.0,0.0,1.0,1.0,1.0,0.0,2.0,2.0,0.0,0
0.0,1.0,0.4059529449714223,1.0,1.0,1.0,0.3592782301026135,0.5564735945485519,0.2445850571915308,1.0,0.0,0.0,0.0,0.0,0.0,0.0,0.0,2.0,0.0,0.0,0.0,1.0,2.0,2.0,1.0,1.0,1.0,1.0,0.0,0.0,1.0,1.0,0.0,0
1.0,1.0,0.4059529449714223,0.0,2.0,1.0,0.4567380973729042,0.5068458577828254,0.3030238500851788,1.0,3.0,1.0,0.0,0.0,0.0,0.0,0.0,1.0,0.0,0.0,2.0,1.0,0.0,1.0,0.0,1.0,2.0,2.0,0.0,0.0,2.0,0.0,0.0,1
0.0,0.0,0.4059529449714223,1.0,0.0,0.0,0.4567380973729042,0.5068458577828254,0.3835483085908981,1.0,2.0,1.0,0.0,0.0,1.0,0.0,0.0,3.0,1.0,0.0,0.0,0.0,2.0,1.0,0.0,0.0,1.0,2.0,0.0,0.0,0.0,1.0,0.0,0
0.0,1.0,0.4472088227382767,1.0,0.0,0.0,0.2608303362988201,0.3687130408412641,0.3290034071550255,0.0,1.0,1.0,0.0,0.0,0.0,1.0,1.0,1.0,1.0,0.0,1.0,1.0,1.0,1.0,1.0,1.0,0.0,0.0,1.0,0.0,1.0,1.0,0.0,0
1.0,0.0,0.4059529449714223,2.0,1.0,1.0,0.5651866011647716,0.5564735945485519,0.6424190800681431,2.0,2.0,1.0,0.0,1.0,2.0,0.0,0.0,0.0,0.0,1.0,0.0,0.0,0.0,2.0,1.0,1.0,2.0,2.0,0.0,0.0,0.0,0.0,1.0,1
1.0,1.0,0.4059529449714223,1.0,2.0,1.0,0.3592782301026135,0.2631793890457632,0.2692625943051838,0.0,1.0,1.0,0.0,1.0,2.0,1.0,1.0,1.0,1.0,1.0,1.0,1.0,1.0,1.0,1.0,1.0,1.0,1.0,0.0,0.0,1.0,1.0,1.0,1
0.0,1.0,0.4059529449714223,1.0,1.0,1.0,0.2608303362988201,0.2293199502739537,0.1904496412162511,1.0,0.0,1.0,1.0,1.0,2.0,1.0,1.0,3.0,1.0,1.0,2.0,1.0,2.0,1.0,1.0,1.0,1.0,1.0,1.0,1.0,2.0,1.0,1.0,0
1.0,1.0,0.4472088227382767,1.0,1.0,0.0,0.5651866011647716,0.5553488857212391,0.6424190800681431,0.0,0.0,0.0,0.0,0.0,1.0,0.0,0.0,0.0,0.0,0.0,0.0,0.0,0.0,1.0,1.0,0.0,2.0,1.0,0.0,0.0,0.0,0.0,0.0,1
1.0,1.0,0.4059529449714223,2.0,1.0,1.0,0.5651866011647716,0.3687130408412641,0.327141836566467,2.0,2.0,1.0,1.0,1.0,2.0,1.0,1.0,1.0,1.0,2.0,2.0,1.0,1.0,1.0,1.0,1.0,0.0,1.0,1.0,1.0,1.0,1.0,1.0,1
0.0,1.0,0.4472088227382767,1.0,1.0,1.0,0.4567380973729042,0.5068458577828254,0.6695059625212947,1.0,2.0,1.0,0.0,0.0,0.0,0.0,0.0,0.0,0.0,1.0,0.0,0.0,0.0,2.0,1.0,2.0,2.0,2.0,1.0,1.0,0.0,0.0,0.0,0
1.0,1.0,0.4059529449714223,1.0,1.0,1.0,0.4567380973729042,0.5564735945485519,0.9680106000378572,3.0,2.0,1.0,1.0,0.0,0.0,1.0,0.0,1.0,1.0,1.0,1.0,1.0,1.0,1.0,0.0,1.0,1.0,1.0,0.0,0.0,1.0,1.0,1.0,1
,0.0,0.4472088227382767,,0.0,,0.5124929017603634,0.464504830773996,,0.0,,1.0,,1.0,1.0,0.0,0.0,0.0,0.0,0.0,0.0,0.0,0.0,2.0,2.0,1.0,,2.0,,0.0,1.0,0.0,,1
1.0,1.0,0.4059529449714223,1.0,1.0,1.0,0.5124929017603634,0.3687130408412641,0.4249802634312544,2.0,2.0,1.0,1.0,1.0,2.0,1.0,1.0,3.0,1.0,1.0,2.0,1.0,2.0,1.0,0.0,0.0,0.0,0.0,0.0,0.0,2.0,2.0,0.0,0
0.0,1.0,0.4059529449714223,1.0,0.0,0.0,0.4567380973729042,0.5564735945485519,0.2949460533787621,1.0,2.0,1.0,1.0,1.0,0.0,0.0,0.0,3.0,1.0,0.0,1.0,0.0,2.0,2.0,2.0,1.0,1.0,2.0,0.0,0.0,1.0,0.0,1.0,0
1.0,1.0,0.4059529449714223,2.0,1.0,1.0,0.3592782301026135,0.2631793890457632,0.21308239366161,1.0,3.0,1.0,1.0,1.0,2.0,1.0,1.0,2.0,1.0,0.0,2.0,1.0,1.0,1.0,1.0,1.0,0.0,0.0,1.0,0.0,1.0,2.0,0.0,0
1.0,0.0,0.4059529449714223,2.0,1.0,0.0,0.4567380973729042,0.5068458577828254,0.6695059625212947,1.0,2.0,1.0,1.0,0.0,0.0,1.0,1.0,1.0,1.0,1.0,1.0,1.0,1.0,1.0,1.0,0.0,0.0,1.0,1.0,0.0,1.0,1.0,1.0,1
1.0,1.0,0.4778534923339012,1.0,0.0,0.0,0.2608303362988201,0.2293199502739537,0.1904496412162511,0.0,0.0,0.0,0.0,1.0,1.0,1.0,0.0,0.0,0.0,0.0,0.0,1.0,1.0,2.0,0.0,1.0,1.0,0.0,1.0,0.0,1.0,1.0,1.0,0
0.0,0.0,0.4059529449714223,1.0,0.0,0.0,0.5651866011647716,0.3687130408412641,0.7424190800681431,0.0,0.0,0.0,0.0,0.0,0.0,1.0,0.0,0.0,0.0,0.0,0.0,0.0,2.0,0.0,0.0,0.0,0.0,2.0,1.0,1.0,2.0,0.0,1.0,1
1.0,1.0,0.4472088227382767,1.0,0.0,0.0,0.3592782301026135,0.2631793890457632,0.2692625943051838,1.0,1.0,0.0,0.0,0.0,1.0,0.0,0.0,1.0,0.0,1.0,0.0,1.0,0.0,0.0,1.0,1.0,2.0,2.0,0.0,0.0,0.0,2.0,0.0,1
0.0,0.0,0.4472088227382767,0.0,0.0,0.0,0.3592782301026135,0.464504830773996,0.2300776074200265,0.0,0.0,0.0,0.0,0.0,0.0,0.0,0.0,0.0,0.0,0.0,1.0,0.0,1.0,2.0,1.0,1.0,1.0,2.0,0.0,0.0,1.0,0.0,0.0,0
1.0,3.468984251376473,0.4472088227382767,0.0,3.55862379327542,3.3566824392321646,0.5651866011647716,0.5564735945485519,0.2445850571915308,4.102741184057091,5.884086322351143,1.0,0.0,1.0,2.0,0.0,0.0,1.0,1.0,0.0,1.0,1.0,1.0,2.0,4.350919003746875,1.0,1.0,1.0,0.0,0.0,1.0,1.0,0.0,0
1.0,0.0,0.4059529449714223,1.0,1.0,1.0,0.5651866011647716,0.5564735945485519,0.4915767556312701,1.0,4.0,1.0,1.0,1.0,2.0,1.0,1.0,0.0,1.0,0.0,2.0,1.0,2.0,1.0,1.0,1.0,0.0,0.0,1.0,0.0,1.0,2.0,0.0,0
0.0,0.0,0.4472088227382767,1.0,1.0,0.0,0.3592782301026135,0.464504830773996,0.2300776074200265,0.0,1.0,1.0,1.0,1.0,2.0,1.0,1.0,3.0,1.0,0.0,2.0,1.0,1.0,1.0,1.0,1.0,1.0,1.0,1.0,0.0,1.0,1.0,0.0,1
0.0,1.0,0.4472088227382767,1.0,1.0,0.0,0.2608303362988201,0.3687130408412641,0.3290034071550255,1.0,1.0,1.0,0.0,1.0,1.0,0.0,0.0,0.0,0.0,0.0,0.0,0.0,1.0,2.0,2.0,2.0,2.0,2.0,0.0,0.0,1.0,1.0,1.0,1
,0.0,0.4059529449714223,,,0.0,,,0.2692625943051838,1.0,1.0,,0.0,,1.0,0.0,0.0,0.0,,0.0,1.0,0.0,1.0,1.0,0.0,2.0,2.0,2.0,,0.0,1.0,0.0,0.0,0
0.0,0.0,0.4472088227382767,1.0,0.0,0.0,0.2608303362988201,0.2293199502739537,0.1904496412162511,0.0,0.0,0.0,0.0,0.0,0.0,0.0,0.0,1.0,1.0,0.0,1.0,1.0,0.0,1.0,0.0,0.0,2.0,2.0,0.0,0.0,0.0,0.0,0.0,0
1.0,0.0,0.4059529449714223,1.0,1.0,1.0,0.3592782301026135,0.5564735945485519,0.6868662286038777,0.0,0.0,1.0,0.0,0.0,0.0,0.0,0.0,0.0,0.0,0.0,0.0,0.0,1.0,0.0,0.0,0.0,2.0,2.0,0.0,1.0,1.0,0.0,1.0,0
1.0,1.0,0.4059529449714223,1.0,1.0,1.0,0.5124929017603634,0.3687130408412641,0.4249802634312544,2.0,2.0,1.0,1.0,0.0,0.0,1.0,1.0,1.0,1.0,1.0,2.0,1.0,1.0,1.0,1.0,1.0,0.0,0.0,1.0,0.0,2.0,2.0,0.0,0
0.0,0.0,0.4472088227382767,1.0,2.0,2.0,0.3592782301026135,0.5564735945485519,0.6868662286038777,0.0,0.0,1.0,0.0,0.0,2.0,1.0,1.0,1.0,0.0,0.0,1.0,1.0,1.0,1.0,0.0,1.0,1.0,1.0,1.0,0.0,1.0,1.0,0.0,0
0.0,0.0,0.4472088227382767,1.0,0.0,0.0,0.5651866011647716,0.5564735945485519,0.4931082546074028,0.0,0.0,0.0,0.0,1.0,1.0,0.0,0.0,0.0,0.0,0.0,0.0,0.0,0.0,2.0,2.0,1.0,2.0,2.0,0.0,0.0,0.0,0.0,1.0,0
0.0,0.0,0.4472088227382767,2.0,0.0,0.0,0.3592782301026135,0.5564735945485519,0.4963900381276872,1.0,2.0,1.0,0.0,0.0,0.0,0.0,1.0,1.0,1.0,0.0,1.0,0.0,0.0,1.0,2.0,2.0,1.0,1.0,0.0,0.0,1.0,1.0,1.0,1
1.0,2.0,0.4059529449714223,1.0,2.0,2.0,0.2608303362988201,0.2293199502739537,0.1904496412162511,0.0,2.0,1.0,0.0,0.0,0.0,1.0,0.0,2.0,1.0,0.0,1.0,0.0,2.0,0.0,0.0,0.0,0.0,0.0,0.0,0.0,1.0,1.0,0.0,0
0.0,0.0,0.4059529449714223,1.0,1.0,1.0,0.4567380973729042,0.5068458577828254,0.3030238500851788,0.0,0.0,0.0,1.0,1.0,1.0,0.0,1.0,0.0,0.0,0.0,0.0,1.0,2.0,1.0,2.0,1.0,0.0,1.0,0.0,0.0,2.0,1.0,0.0,0
0.0,3.468984251376473,0.4472088227382767,1.0,3.55862379327542,3.3566824392321646,0.2608303362988201,0.2293199502739537,0.1904496412162511,4.102741184057091,5.884086322351143,0.0,0.0,0.0,0.0,0.0,0.0,0.0,0.0,0.0,0.0,0.0,0.0,1.0,4.350919003746875,1.0,2.0,2.0,0.0,0.0,0.0,0.0,0.0,0
0.0,1.0,0.4472088227382767,1.0,1.0,1.0,0.3592782301026135,0.2631793890457632,0.21308239366161,0.0,0.0,0.0,0.0,0.0,1.0,0.0,0.0,0.0,0.0,1.0,0.0,0.0,0.0,2.0,2.0,2.0,2.0,0.0,1.0,1.0,2.0,2.0,1.0,0
0.0,2.0,0.4778534923339012,1.0,2.0,2.0,0.2608303362988201,0.3687130408412641,0.327141836566467,3.0,0.0,0.0,0.0,0.0,0.0,0.0,0.0,2.0,1.0,1.0,1.0,1.0,2.0,0.0,0.0,0.0,0.0,1.0,1.0,0.0,2.0,2.0,0.0,0
0.0,0.0,0.4472088227382767,0.0,0.0,0.0,0.3592782301026135,0.464504830773996,0.2300776074200265,0.0,1.0,1.0,0.0,1.0,2.0,1.0,1.0,0.0,1.0,0.0,1.0,1.0,2.0,1.0,1.0,0.0,1.0,0.0,1.0,0.0,2.0,2.0,0.0,0
0.0,1.0,0.4059529449714223,2.0,2.0,2.0,0.4567380973729042,0.3687130408412641,0.327141836566467,3.0,2.0,1.0,1.0,1.0,2.0,1.0,1.0,2.0,1.0,1.0,2.0,1.0,2.0,0.0,1.0,1.0,1.0,1.0,1.0,0.0,2.0,2.0,0.0,0
,,0.4472088227382767,0.0,,0.0,0.3592782301026135,,0.2300776074200265,1.0,0.0,1.0,0.0,1.0,2.0,1.0,1.0,,1.0,0.0,,1.0,2.0,1.0,1.0,1.0,0.0,,,,1.0,1.0,0.0,0
1.0,0.0,0.4472088227382767,0.0,1.0,1.0,0.5124929017603634,0.5564735945485519,0.2693545334090479,1.0,2.0,1.0,0.0,0.0,0.0,0.0,0.0,0.0,0.0,0.0,1.0,0.0,1.0,1.0,2.0,2.0,2.0,2.0,0.0,0.0,1.0,0.0,1.0,0
1.0,0.0,0.4472088227382767,1.0,1.0,1.0,0.2608303362988201,0.2293199502739537,0.1904496412162511,0.0,1.0,1.0,1.0,0.0,0.0,1.0,1.0,2.0,1.0,0.0,2.0,1.0,2.0,1.0,1.0,1.0,1.0,1.0,1.0,0.0,1.0,1.0,1.0,0
0.0,0.0,0.4472088227382767,1.0,1.0,0.0,0.5651866011647716,0.3687130408412641,0.8560477001703577,1.0,4.0,0.0,0.0,1.0,1.0,0.0,0.0,0.0,0.0,0.0,1.0,1.0,2.0,0.0,1.0,0.0,1.0,0.0,0.0,0.0,2.0,1.0,1.0,1
1.0,1.0,0.4059529449714223,2.0,1.0,1.0,0.4567380973729042,0.5068458577828254,0.6695059625212947,1.0,4.0,1.0,1.0,1.0,2.0,1.0,1.0,2.0,1.0,2.0,2.0,1.0,2.0,0.0,0.0,0.0,0.0,0.0,1.0,0.0,2.0,1.0,0.0,0
1.0,0.0,0.4472088227382767,0.0,0.0,0.0,0.5651866011647716,0.6003779812606473,0.6232770636518506,0.0,1.0,1.0,1.0,1.0,2.0,1.0,1.0,1.0,1.0,0.0,1.0,0.0,1.0,1.0,2.0,1.0,1.0,2.0,1.0,0.0,1.0,1.0,1.0,1
0.0,2.0,0.4059529449714223,3.0,2.0,1.0,0.3592782301026135,0.2631793890457632,0.2692625943051838,1.0,0.0,1.0,0.0,1.0,2.0,0.0,0.0,1.0,1.0,0.0,1.0,1.0,2.0,0.0,0.0,0.0,1.0,1.0,0.0,0.0,1.0,1.0,1.0,1
0.0,0.0,0.4059529449714223,0.0,0.0,0.0,0.5651866011647716,0.464504830773996,0.6316167566347161,0.0,0.0,0.0,0.0,0.0,0.0,0.0,0.0,3.0,0.0,0.0,0.0,1.0,1.0,1.0,0.0,0.0,0.0,0.0,0.0,0.0,1.0,0.0,0.0,0
1.0,0.0,0.4472088227382767,1.0,0.0,0.0,0.3592782301026135,0.2631793890457632,0.2692625943051838,0.0,1.0,1.0,0.0,1.0,2.0,0.0,0.0,0.0,0.0,2.0,0.0,0.0,0.0,1.0,1.0,1.0,2.0,2.0,0.0,0.0,1.0,0.0,1.0,1
0.0,,0.4059529449714223,1.0,,1.0,,,0.327141836566467,,0.0,1.0,0.0,0.0,0.0,1.0,1.0,3.0,,0.0,1.0,1.0,2.0,0.0,,0.0,,0.0,1.0,0.0,1.0,,0.0,0
1.0,0.0,0.4059529449714223,0.0,0.0,0.0,0.5651866011647716,0.5564735945485519,0.6169676320272572,0.0,0.0,0.0,0.0,0.0,0.0,0.0,0.0,0.0,0.0,0.0,0.0,0.0,1.0,1.0,1.0,1.0,0.0,0.0,0.0,0.0,0.0,1.0,0.0,0
1.0,1.0,0.4059529449714223,1.0,1.0,1.0,0.5651866011647716,0.5553488857212391,0.8018608308216486,2.0,1.0,1.0,1.0,0.0,0.0,0.0,0.0,1.0,1.0,0.0,1.0,1.0,1.0,1.0,1.0,1.0,0.0,1.0,0.0,1.0,1.0,1.0,1.0,1
1.0,1.0,0.4059529449714223,1.0,1.0,1.0,0.5124929017603634,0.3687130408412641,0.4249802634312544,2.0,4.0,1.0,1.0,1.0,2.0,1.0,1.0,2.0,1.0,2.0,2.0,1.0,2.0,1.0,1.0,1.0,0.0,0.0,1.0,0.0,1.0,1.0,0.0,0
0.0,0.0,0.4472088227382767,1.0,0.0,0.0,0.3592782301026135,0.3687130408412641,0.4747302668938103,1.0,2.0,1.0,0.0,0.0,2.0,0.0,0.0,1.0,1.0,0.0,1.0,1.0,1.0,1.0,0.0,1.0,1.0,1.0,0.0,0.0,1.0,1.0,1.0,0
1.0,0.0,0.4472088227382767,1.0,0.0,0.0,0.3592782301026135,0.2631793890457632,0.1186825667234526,1.0,1.0,0.0,0.0,0.0,0.0,0.0,0.0,0.0,0.0,0.0,1.0,0.0,1.0,1.0,2.0,1.0,1.0,2.0,0.0,0.0,2.0,1.0,0.0,0
1.0,,0.4059529449714223,,2.0,,0.3592782301026135,,0.327141836566467,2.0,3.0,,1.0,0.0,0.0,1.0,,1.0,1.0,0.0,2.0,1.0,2.0,,1.0,1.0,,0.0,,0.0,2.0,2.0,1.0,0
0.0,2.0,0.4059529449714223,0.0,2.0,2.0,0.2608303362988201,0.3687130408412641,0.4249802634312544,0.0,2.0,1.0,1.0,0.0,0.0,1.0,1.0,2.0,1.0,0.0,1.0,1.0,2.0,0.0,1.0,1.0,1.0,0.0,1.0,0.0,2.0,2.0,0.0,0
1.0,0.0,0.4059529449714223,0.0,0.0,0.0,0.5651866011647716,0.5553488857212391,0.4040318001135718,0.0,1.0,1.0,1.0,1.0,2.0,1.0,1.0,1.0,1.0,2.0,0.0,1.0,0.0,0.0,0.0,0.0,2.0,2.0,1.0,1.0,0.0,2.0,1.0,1
1.0,1.0,0.4059529449714223,3.0,1.0,1.0,0.2608303362988201,0.2293199502739537,0.4520159000567859,2.0,1.0,1.0,1.0,1.0,2.0,1.0,1.0,1.0,1.0,1.0,1.0,1.0,2.0,1.0,1.0,1.0,1.0,0.0,1.0,0.0,1.0,2.0,0.0,0
1.0,1.0,0.4059529449714223,1.0,2.0,2.0,0.5651866011647716,0.5553488857212391,0.8018608308216486,1.0,2.0,1.0,0.0,1.0,2.0,0.0,0.0,0.0,0.0,0.0,2.0,1.0,2.0,0.0,1.0,0.0,1.0,0.0,1.0,0.0,2.0,2.0,1.0,1
1.0,0.0,0.4472088227382767,1.0,0.0,0.0,0.5651866011647716,0.5564735945485519,0.6868662286038777,1.0,2.0,1.0,0.0,0.0,0.0,0.0,0.0,0.0,0.0,0.0,0.0,0.0,2.0,2.0,0.0,2.0,2.0,2.0,0.0,0.0,1.0,0.0,1.0,1
1.0,,0.4778534923339012,0.0,,1.0,0.5651866011647716,0.5564735945485519,0.4915767556312701,2.0,2.0,1.0,,1.0,,1.0,1.0,3.0,,0.0,,1.0,,,1.0,1.0,,1.0,1.0,1.0,1.0,1.0,1.0,0
0.0,0.0,0.4059529449714223,0.0,1.0,1.0,0.3592782301026135,0.464504830773996,0.2300776074200265,1.0,0.0,1.0,0.0,0.0,0.0,1.0,1.0,0.0,0.0,0.0,1.0,0.0,1.0,1.0,1.0,1.0,1.0,1.0,0.0,1.0,1.0,0.0,1.0,1
1.0,0.0,0.4059529449714223,1.0,1.0,0.0,0.5124929017603634,0.5564735945485519,0.6169676320272572,2.0,2.0,1.0,0.0,1.0,1.0,0.0,0.0,1.0,1.0,0.0,0.0,0.0,0.0,0.0,2.0,2.0,1.0,2.0,0.0,0.0,0.0,0.0,1.0,1
0.0,3.468984251376473,0.4059529449714223,1.0,3.55862379327542,3.3566824392321646,0.2608303362988201,0.3687130408412641,0.327141836566467,4.102741184057091,5.884086322351143,0.0,0.0,1.0,1.0,0.0,0.0,2.0,1.0,0.0,1.0,1.0,1.0,1.0,3.350919003746875,2.0,1.0,2.0,0.0,1.0,1.0,1.0,0.0,1
1.0,0.0,0.4472088227382767,1.0,0.0,0.0,0.5651866011647716,0.5553488857212391,0.5706984667802385,2.0,4.0,1.0,1.0,1.0,2.0,1.0,0.0,1.0,0.0,1.0,1.0,1.0,1.0,1.0,1.0,1.0,2.0,2.0,1.0,0.0,1.0,0.0,0.0,0
0.0,1.0,0.4059529449714223,1.0,0.0,0.0,0.3592782301026135,0.5068458577828254,0.4981509951385715,1.0,2.0,1.0,0.0,0.0,0.0,1.0,0.0,0.0,0.0,0.0,0.0,0.0,0.0,0.0,0.0,1.0,2.0,2.0,0.0,0.0,1.0,2.0,1.0,1
0.0,1.0,0.4059529449714223,2.0,2.0,2.0,0.5651866011647716,0.3687130408412641,0.327141836566467,1.0,4.0,1.0,1.0,1.0,2.0,1.0,1.0,2.0,1.0,0.0,2.0,1.0,0.0,0.0,0.0,0.0,0.0,0.0,0.0,0.0,1.0,1.0,0.0,0
0.0,1.0,0.4059529449714223,2.0,0.0,0.0,0.2608303362988201,0.3687130408412641,0.3290034071550255,0.0,0.0,1.0,0.0,0.0,0.0,0.0,0.0,0.0,0.0,0.0,1.0,0.0,2.0,1.0,2.0,1.0,2.0,1.0,0.0,0.0,0.0,2.0,0.0,1
1.0,1.0,0.4059529449714223,1.0,1.0,0.0,0.5651866011647716,0.5553488857212391,0.5235661555934129,1.0,0.0,1.0,0.0,1.0,2.0,0.0,0.0,2.0,1.0,0.0,1.0,1.0,1.0,1.0,0.0,1.0,0.0,1.0,0.0,0.0,1.0,1.0,1.0,1
1.0,0.0,0.4059529449714223,1.0,1.0,0.0,0.5651866011647716,0.5564735945485519,0.6026878667423812,1.0,1.0,1.0,1.0,0.0,0.0,1.0,1.0,0.0,0.0,0.0,1.0,1.0,1.0,1.0,1.0,1.0,1.0,1.0,1.0,0.0,1.0,1.0,1.0,1
1.0,1.0,0.4059529449714223,1.0,0.0,0.0,0.3592782301026135,0.3687130408412641,0.327141836566467,1.0,2.0,1.0,0.0,1.0,1.0,0.0,0.0,0.0,0.0,0.0,0.0,1.0,1.0,1.0,0.0,1.0,1.0,2.0,0.0,0.0,1.0,1.0,0.0,0
1.0,0.0,0.4472088227382767,1.0,,0.0,0.5651866011647716,0.3687130408412641,0.3290034071550255,1.0,,1.0,1.0,0.0,0.0,1.0,,1.0,,0.0,2.0,1.0,,2.0,1.0,,,0.0,1.0,1.0,1.0,,,0
0.0,0.0,0.4778534923339012,2.0,1.0,1.0,0.3592782301026135,0.3687130408412641,0.327141836566467,2.0,3.0,1.0,1.0,1.0,2.0,1.0,1.0,3.0,1.0,0.0,2.0,1.0,2.0,1.0,1.0,1.0,1.0,2.0,0.0,1.0,1.0,2.0,1.0,0
1.0,1.0,,2.0,2.0,1.0,,0.5564735945485519,,,1.0,,0.0,1.0,2.0,0.0,1.0,2.0,,,0.0,1.0,1.0,1.0,2.0,0.0,1.0,2.0,1.0,,,1.0,1.0,1
1.0,1.0,0.4472088227382767,1.0,2.0,2.0,0.5651866011647716,0.5553488857212391,0.3686825667234526,2.0,1.0,0.0,1.0,0.0,2.0,1.0,1.0,0.0,0.0,0.0,1.0,1.0,1.0,1.0,1.0,1.0,1.0,2.0,1.0,0.0,1.0,1.0,0.0,0
0.0,0.0,0.4472088227382767,1.0,0.0,0.0,0.3592782301026135,0.464504830773996,0.2120954003407155,0.0,1.0,1.0,0.0,0.0,2.0,0.0,0.0,0.0,1.0,0.0,0.0,0.0,0.0,2.0,2.0,2.0,2.0,2.0,0.0,1.0,0.0,0.0,0.0,0
0.0,0.0,0.4472088227382767,0.0,0.0,,0.2608303362988201,0.5564735945485519,,0.0,,0.0,0.0,0.0,,,0.0,0.0,0.0,,0.0,0.0,,2.0,0.0,0.0,1.0,1.0,0.0,0.0,,,0.0,0
0.0,0.0,0.4472088227382767,0.0,0.0,0.0,0.5124929017603634,0.5068458577828254,0.4249802634312544,0.0,2.0,1.0,1.0,0.0,0.0,1.0,1.0,1.0,1.0,0.0,1.0,1.0,1.0,1.0,2.0,1.0,2.0,2.0,0.0,0.0,2.0,1.0,1.0,1
0.0,0.0,0.4472088227382767,1.0,1.0,0.0,0.3592782301026135,0.464504830773996,0.6316167566347161,1.0,0.0,1.0,0.0,0.0,0.0,0.0,0.0,2.0,1.0,0.0,1.0,1.0,1.0,2.0,2.0,2.0,2.0,1.0,0.0,0.0,1.0,1.0,1.0,1
0.0,1.0,0.4059529449714223,0.0,2.0,0.0,0.3592782301026135,0.2631793890457632,0.21308239366161,0.0,3.0,1.0,1.0,1.0,2.0,1.0,1.0,1.0,1.0,0.0,2.0,1.0,2.0,1.0,0.0,0.0,0.0,0.0,1.0,0.0,2.0,2.0,1.0,1
1.0,2.0,0.4059529449714223,1.0,0.0,0.0,0.4567380973729042,0.5564735945485519,0.2949460533787621,1.0,2.0,1.0,1.0,0.0,0.0,0.0,0.0,1.0,1.0,1.0,2.0,0.0,2.0,0.0,0.0,0.0,0.0,2.0,1.0,0.0,2.0,2.0,0.0,0
1.0,2.0,0.4778534923339012,2.0,2.0,1.0,0.5651866011647716,0.5564735945485519,0.9680106000378572,2.0,2.0,1.0,1.0,0.0,0.0,1.0,1.0,3.0,1.0,1.0,2.0,1.0,2.0,1.0,2.0,2.0,0.0,2.0,0.0,0.0,2.0,1.0,1.0,1
1.0,1.0,0.4059529449714223,0.0,1.0,1.0,0.4567380973729042,0.5068458577828254,0.3835483085908981,1.0,2.0,1.0,1.0,1.0,2.0,0.0,0.0,2.0,0.0,1.0,2.0,0.0,0.0,2.0,0.0,1.0,0.0,2.0,0.0,0.0,2.0,1.0,0.0,0
1.0,0.0,0.4472088227382767,0.0,0.0,0.0,0.5124929017603634,0.5068458577828254,0.6695059625212947,1.0,2.0,1.0,1.0,1.0,2.0,0.0,0.0,1.0,1.0,1.0,1.0,1.0,2.0,0.0,1.0,2.0,2.0,2.0,1.0,0.0,1.0,1.0,1.0,0
1.0,3.468984251376473,0.4472088227382767,1.0,3.55862379327542,3.3566824392321646,0.5651866011647716,0.5564735945485519,0.4963900381276872,5.102741184057091,7.884086322351143,1.0,0.0,0.0,1.0,1.0,0.0,1.0,1.0,1.0,0.0,0.0,0.0,2.0,3.350919003746875,1.0,2.0,2.0,0.0,0.0,1.0,0.0,0.0,1
0.0,0.0,0.4059529449714223,1.0,0.0,0.0,0.2608303362988201,0.2293199502739537,0.1904496412162511,1.0,0.0,0.0,0.0,0.0,0.0,1.0,1.0,3.0,1.0,0.0,0.0,0.0,0.0,1.0,0.0,0.0,0.0,0.0,0.0,1.0,1.0,0.0,0.0,0
1.0,0.0,0.4472088227382767,0.0,0.0,0.0,0.5124929017603634,0.5553488857212391,0.8560477001703577,1.0,0.0,1.0,0.0,0.0,0.0,0.0,0.0,1.0,0.0,0.0,1.0,0.0,1.0,2.0,1.0,1.0,1.0,1.0,0.0,0.0,1.0,1.0,1.0,1
0.0,4.468984251376472,0.4059529449714223,0.0,3.55862379327542,3.3566824392321646,0.5651866011647716,0.5068458577828254,0.3835483085908981,4.102741184057091,7.884086322351143,1.0,1.0,1.0,2.0,1.0,0.0,3.0,1.0,0.0,0.0,0.0,0.0,2.0,4.350919003746875,1.0,2.0,2.0,0.0,0.0,0.0,0.0,1.0,0
1.0,2.0,0.4059529449714223,0.0,2.0,1.0,0.5651866011647716,0.3687130408412641,0.327141836566467,2.0,0.0,0.0,0.0,1.0,1.0,0.0,0.0,0.0,0.0,2.0,1.0,1.0,1.0,1.0,1.0,1.0,2.0,2.0,0.0,0.0,1.0,1.0,1.0,1
1.0,1.0,0.4059529449714223,2.0,2.0,0.0,0.5651866011647716,0.464504830773996,0.6316167566347161,0.0,1.0,1.0,0.0,0.0,1.0,0.0,0.0,2.0,1.0,0.0,0.0,0.0,0.0,0.0,1.0,2.0,2.0,2.0,0.0,0.0,0.0,1.0,1.0,1
0.0,1.0,0.4059529449714223,1.0,0.0,0.0,0.2608303362988201,0.464504830773996,0.6316167566347161,0.0,2.0,1.0,0.0,0.0,0.0,0.0,1.0,1.0,1.0,1.0,2.0,1.0,2.0,0.0,0.0,1.0,0.0,1.0,1.0,0.0,2.0,2.0,1.0,1
0.0,0.0,0.4059529449714223,1.0,1.0,0.0,0.3592782301026135,0.5564735945485519,0.6868662286038777,1.0,1.0,1.0,0.0,0.0,0.0,1.0,0.0,2.0,1.0,0.0,1.0,1.0,1.0,1.0,0.0,1.0,0.0,0.0,0.0,0.0,1.0,1.0,1.0,1
0.0,0.0,0.4059529449714223,0.0,1.0,0.0,0.4567380973729042,0.5068458577828254,0.4981509951385715,1.0,3.0,1.0,1.0,0.0,0.0,0.0,0.0,0.0,0.0,0.0,1.0,0.0,0.0,0.0,1.0,0.0,0.0,0.0,0.0,0.0,2.0,2.0,1.0,1
0.0,0.0,0.4472088227382767,0.0,0.0,0.0,0.4567380973729042,0.6003779812606473,0.4021991636983119,0.0,0.0,1.0,1.0,1.0,2.0,0.0,0.0,1.0,1.0,1.0,1.0,1.0,1.0,0.0,1.0,0.0,1.0,1.0,0.0,0.0,1.0,1.0,1.0,0
0.0,0.0,,,0.0,0.0,0.5651866011647716,0.5564735945485519,0.4931082546074028,0.0,1.0,0.0,0.0,0.0,1.0,,0.0,1.0,1.0,,1.0,0.0,,1.0,,2.0,2.0,,,0.0,,0.0,0.0,0
0.0,0.0,0.4472088227382767,1.0,0.0,0.0,0.2608303362988201,0.2293199502739537,0.1904496412162511,0.0,0.0,0.0,0.0,0.0,0.0,1.0,0.0,3.0,1.0,0.0,1.0,1.0,2.0,1.0,2.0,1.0,2.0,0.0,1.0,0.0,2.0,2.0,0.0,0
1.0,0.0,0.4472088227382767,1.0,1.0,1.0,0.4567380973729042,0.5068458577828254,0.6695059625212947,2.0,4.0,1.0,1.0,0.0,0.0,1.0,0.0,1.0,1.0,1.0,1.0,1.0,2.0,0.0,0.0,1.0,2.0,2.0,1.0,0.0,1.0,2.0,0.0,0
,1.0,0.4059529449714223,1.0,0.0,0.0,0.3592782301026135,,0.327141836566467,2.0,3.0,,1.0,1.0,,1.0,,3.0,1.0,2.0,,0.0,1.0,2.0,1.0,,2.0,2.0,0.0,1.0,1.0,,,1
0.0,0.0,0.4472088227382767,0.0,2.0,2.0,0.5124929017603634,0.5068458577828254,0.3835483085908981,0.0,1.0,0.0,1.0,1.0,2.0,1.0,1.0,1.0,1.0,0.0,1.0,0.0,2.0,1.0,0.0,0.0,0.0,0.0,1.0,0.0,2.0,2.0,0.0,0
1.0,2.0,0.4059529449714223,1.0,0.0,0.0,0.3592782301026135,0.5564735945485519,0.6026878667423812,1.0,2.0,1.0,0.0,0.0,1.0,0.0,0.0,0.0,0.0,2.0,0.0,0.0,0.0,1.0,1.0,1.0,1.0,1.0,0.0,0.0,1.0,0.0,1.0,1
1.0,1.0,0.4059529449714223,1.0,2.0,0.0,0.5651866011647716,0.464504830773996,0.6316167566347161,0.0,0.0,0.0,0.0,1.0,2.0,0.0,0.0,0.0,0.0,0.0,0.0,0.0,0.0,1.0,2.0,2.0,2.0,2.0,0.0,0.0,0.0,1.0,0.0,1
1.0,0.0,0.4472088227382767,1.0,0.0,0.0,0.2608303362988201,0.2293199502739537,0.1904496412162511,0.0,0.0,0.0,0.0,0.0,0.0,0.0,0.0,0.0,0.0,0.0,0.0,0.0,0.0,1.0,1.0,1.0,1.0,1.0,0.0,0.0,1.0,0.0,0.0,1
0.0,1.0,0.4059529449714223,2.0,1.0,1.0,0.5124929017603634,0.5068458577828254,0.3835483085908981,2.0,2.0,1.0,1.0,0.0,1.0,0.0,0.0,1.0,0.0,0.0,1.0,0.0,1.0,0.0,0.0,0.0,0.0,0.0,1.0,0.0,1.0,1.0,1.0,1
1.0,1.0,0.4059529449714223,2.0,0.0,0.0,0.5651866011647716,0.5564735945485519,0.6868662286038777,0.0,0.0,0.0,0.0,0.0,0.0,0.0,0.0,0.0,0.0,0.0,0.0,0.0,0.0,2.0,0.0,1.0,1.0,1.0,0.0,0.0,0.0,0.0,0.0,1
0.0,0.0,0.4472088227382767,0.0,,,0.3592782301026135,0.5553488857212391,0.4249802634312544,0.0,,1.0,0.0,,,0.0,0.0,1.0,,0.0,0.0,0.0,2.0,1.0,0.0,,2.0,,0.0,0.0,,2.0,1.0,1
1.0,1.0,0.4059529449714223,0.0,2.0,2.0,0.4567380973729042,0.3687130408412641,0.327141836566467,1.0,0.0,1.0,0.0,0.0,0.0,1.0,1.0,0.0,0.0,1.0,1.0,1.0,2.0,0.0,0.0,1.0,0.0,0.0,1.0,0.0,2.0,2.0,0.0,0
0.0,0.0,0.4472088227382767,0.0,0.0,0.0,0.3592782301026135,0.464504830773996,0.2300776074200265,0.0,0.0,0.0,0.0,0.0,0.0,0.0,0.0,0.0,0.0,0.0,0.0,0.0,1.0,1.0,1.0,1.0,1.0,1.0,0.0,0.0,1.0,0.0,0.0,1
1.0,1.0,0.4059529449714223,2.0,1.0,1.0,0.3592782301026135,0.2631793890457632,0.21308239366161,0.0,3.0,1.0,1.0,1.0,2.0,1.0,1.0,2.0,1.0,1.0,2.0,1.0,2.0,1.0,1.0,1.0,0.0,0.0,1.0,0.0,1.0,1.0,1.0,0
0.0,1.0,0.4059529449714223,1.0,1.0,1.0,0.5651866011647716,0.3687130408412641,0.7424190800681431,1.0,1.0,1.0,0.0,1.0,2.0,1.0,1.0,2.0,1.0,1.0,2.0,1.0,2.0,1.0,1.0,1.0,1.0,1.0,1.0,0.0,2.0,2.0,0.0,0
1.0,2.0,0.4059529449714223,1.0,1.0,1.0,0.2608303362988201,0.2293199502739537,0.1904496412162511,0.0,2.0,1.0,0.0,0.0,0.0,1.0,1.0,2.0,1.0,0.0,2.0,1.0,2.0,1.0,0.0,0.0,1.0,0.0,1.0,0.0,2.0,2.0,1.0,0
1.0,1.0,0.4059529449714223,2.0,1.0,0.0,0.2608303362988201,0.3687130408412641,0.3290034071550255,1.0,0.0,1.0,0.0,0.0,0.0,1.0,1.0,3.0,1.0,1.0,2.0,1.0,2.0,0.0,1.0,0.0,0.0,0.0,1.0,1.0,2.0,2.0,0.0,1
1.0,1.0,0.4059529449714223,0.0,0.0,0.0,0.5651866011647716,0.3687130408412641,0.3030238500851788,0.0,1.0,1.0,1.0,1.0,2.0,0.0,0.0,0.0,0.0,1.0,1.0,1.0,0.0,1.0,0.0,1.0,1.0,1.0,1.0,0.0,1.0,1.0,0.0,0
,2.0,0.4059529449714223,1.0,2.0,,0.2608303362988201,0.2293199502739537,0.1904496412162511,1.0,0.0,,,0.0,0.0,0.0,0.0,3.0,0.0,,0.0,1.0,,0.0,,1.0,2.0,2.0,1.0,1.0,,,0.0,0
1.0,2.0,0.4059529449714223,1.0,1.0,1.0,0.2608303362988201,0.2293199502739537,0.1904496412162511,0.0,0.0,0.0,0.0,0.0,0.0,0.0,0.0,0.0,0.0,0.0,0.0,0.0,0.0,2.0,1.0,2.0,2.0,2.0,0.0,1.0,0.0,0.0,1.0,0
0.0,0.0,0.4472088227382767,2.0,1.0,1.0,0.4567380973729042,0.5553488857212391,0.5235661555934129,1.0,3.0,1.0,1.0,1.0,2.0,1.0,1.0,3.0,1.0,0.0,2.0,1.0,2.0,0.0,1.0,0.0,1.0,0.0,1.0,1.0,2.0,2.0,0.0,0
1.0,1.0,0.4778534923339012,2.0,0.0,0.0,0.3592782301026135,0.5553488857212391,0.327141836566467,1.0,2.0,1.0,0.0,1.0,1.0,0.0,0.0,1.0,0.0,0.0,1.0,0.0,1.0,1.0,1.0,1.0,2.0,2.0,1.0,1.0,1.0,1.0,1.0,1
1.0,0.0,0.4472088227382767,0.0,1.0,1.0,0.5651866011647716,0.5068458577828254,0.3835483085908981,0.0,0.0,1.0,0.0,0.0,0.0,1.0,1.0,2.0,1.0,0.0,2.0,1.0,1.0,1.0,1.0,2.0,0.0,0.0,0.0,0.0,1.0,1.0,0.0,0
1.0,1.0,0.4059529449714223,1.0,,,0.2608303362988201,0.2293199502739537,,1.0,4.0,1.0,1.0,1.0,1.0,1.0,1.0,3.0,1.0,1.0,,1.0,,1.0,,1.0,,0.0,,1.0,1.0,1.0,,0
0.0,0.0,0.4472088227382767,0.0,0.0,0.0,0.5651866011647716,0.5068458577828254,0.4981509951385715,0.0,1.0,1.0,1.0,1.0,2.0,0.0,0.0,0.0,1.0,0.0,0.0,0.0,0.0,1.0,2.0,1.0,2.0,2.0,0.0,0.0,0.0,0.0,0.0,0
,2.0,0.4059529449714223,,,0.0,,0.5553488857212391,,1.0,0.0,0.0,0.0,0.0,1.0,0.0,0.0,0.0,0.0,1.0,0.0,,2.0,,1.0,2.0,2.0,2.0,0.0,0.0,,,0.0,1
1.0,2.0,0.4059529449714223,3.0,2.0,2.0,0.3592782301026135,0.2631793890457632,0.2692625943051838,3.0,4.0,1.0,1.0,0.0,0.0,1.0,1.0,3.0,1.0,0.0,2.0,1.0,2.0,1.0,1.0,1.0,1.0,0.0,1.0,0.0,2.0,2.0,0.0,0
1.0,1.0,0.4059529449714223,1.0,,0.0,,,0.6316167566347161,1.0,2.0,1.0,,1.0,2.0,0.0,,,1.0,1.0,0.0,0.0,0.0,,1.0,1.0,2.0,,0.0,0.0,,0.0,0.0,1
0.0,1.0,0.4059529449714223,1.0,0.0,0.0,0.5651866011647716,0.5564735945485519,0.9680106000378572,1.0,2.0,1.0,0.0,0.0,0.0,0.0,0.0,0.0,0.0,0.0,1.0,0.0,1.0,1.0,1.0,1.0,0.0,0.0,0.0,0.0,1.0,0.0,1.0,1
1.0,0.0,0.4059529449714223,1.0,1.0,0.0,0.5651866011647716,0.5564735945485519,0.7591679368779701,1.0,2.0,1.0,1.0,0.0,0.0,1.0,1.0,1.0,1.0,1.0,1.0,1.0,1.0,1.0,0.0,0.0,1.0,1.0,1.0,0.0,1.0,1.0,1.0,1
1.0,0.0,0.4472088227382767,1.0,0.0,0.0,0.5651866011647716,0.5068458577828254,0.601727914334388,1.0,3.0,1.0,1.0,1.0,1.0,0.0,0.0,1.0,1.0,1.0,1.0,0.0,1.0,1.0,2.0,1.0,1.0,0.0,1.0,0.0,1.0,1.0,0.0,0
0.0,4.468984251376472,0.4059529449714223,1.0,4.5586237932754194,4.356682439232165,0.2608303362988201,0.3687130408412641,0.327141836566467,6.102741184057091,7.884086322351143,1.0,1.0,1.0,2.0,1.0,1.0,3.0,1.0,1.0,2.0,1.0,2.0,1.0,4.350919003746875,1.0,1.0,0.0,1.0,0.0,1.0,2.0,0.0,0
0.0,1.0,0.4059529449714223,2.0,1.0,1.0,0.2608303362988201,0.3687130408412641,0.327141836566467,2.0,3.0,1.0,1.0,0.0,0.0,1.0,1.0,3.0,1.0,0.0,2.0,1.0,1.0,1.0,1.0,1.0,0.0,0.0,0.0,0.0,1.0,1.0,1.0,0
0.0,4.468984251376472,0.4059529449714223,1.0,3.55862379327542,3.3566824392321646,0.2608303362988201,0.2293199502739537,0.5616127200454287,4.102741184057091,5.884086322351143,0.0,1.0,0.0,0.0,1.0,0.0,1.0,1.0,0.0,0.0,1.0,2.0,1.0,4.350919003746875,1.0,1.0,0.0,0.0,0.0,1.0,1.0,1.0,1
0.0,0.0,0.4472088227382767,0.0,0.0,0.0,0.5124929017603634,0.5068458577828254,0.3835483085908981,0.0,3.0,1.0,0.0,1.0,2.0,1.0,0.0,1.0,1.0,0.0,1.0,1.0,2.0,0.0,1.0,1.0,1.0,1.0,1.0,0.0,1.0,1.0,1.0,1
0.0,2.0,0.4059529449714223,1.0,2.0,2.0,0.2608303362988201,0.2293199502739537,0.1904496412162511,2.0,1.0,0.0,0.0,0.0,0.0,1.0,1.0,2.0,1.0,0.0,1.0,1.0,1.0,1.0,0.0,1.0,1.0,0.0,1.0,0.0,1.0,1.0,0.0,0
1.0,1.0,0.4472088227382767,1.0,1.0,1.0,0.2608303362988201,0.2293199502739537,0.1904496412162511,1.0,2.0,1.0,1.0,1.0,2.0,1.0,1.0,1.0,1.0,0.0,2.0,1.0,2.0,1.0,1.0,1.0,2.0,0.0,1.0,0.0,2.0,2.0,1.0,0
0.0,1.0,0.4059529449714223,2.0,0.0,0.0,0.3592782301026135,0.464504830773996,0.2300776074200265,1.0,0.0,1.0,0.0,0.0,0.0,0.0,0.0,0.0,0.0,0.0,0.0,0.0,0.0,2.0,1.0,2.0,1.0,2.0,0.0,0.0,0.0,0.0,0.0,0
0.0,2.0,0.4059529449714223,1.0,2.0,1.0,0.2608303362988201,0.2293199502739537,0.1904496412162511,0.0,2.0,1.0,0.0,0.0,0.0,0.0,0.0,0.0,0.0,0.0,2.0,1.0,1.0,1.0,1.0,1.0,2.0,2.0,1.0,0.0,1.0,1.0,1.0,1
0.0,3.468984251376473,0.4472088227382767,2.0,4.5586237932754194,4.356682439232165,0.4567380973729042,0.5553488857212391,0.5235661555934129,5.102741184057091,8.884086322351143,1.0,1.0,1.0,2.0,1.0,1.0,3.0,1.0,0.0,2.0,1.0,2.0,0.0,4.350919003746875,0.0,1.0,0.0,1.0,1.0,2.0,2.0,0.0,0
0.0,0.0,0.4059529449714223,2.0,1.0,1.0,0.2608303362988201,0.3687130408412641,0.327141836566467,1.0,0.0,0.0,0.0,0.0,0.0,1.0,1.0,0.0,0.0,0.0,2.0,1.0,1.0,1.0,1.0,0.0,1.0,1.0,1.0,0.0,1.0,2.0,0.0,0
1.0,0.0,0.4472088227382767,1.0,0.0,0.0,0.2608303362988201,0.2293199502739537,0.4963900381276872,0.0,0.0,0.0,0.0,0.0,0.0,1.0,1.0,1.0,1.0,0.0,1.0,1.0,1.0,2.0,1.0,1.0,1.0,1.0,0.0,0.0,1.0,1.0,1.0,0
0.0,2.0,0.4059529449714223,0.0,1.0,1.0,0.3592782301026135,0.2631793890457632,0.21308239366161,0.0,0.0,0.0,0.0,0.0,2.0,1.0,1.0,1.0,0.0,0.0,2.0,1.0,1.0,0.0,0.0,2.0,1.0,2.0,1.0,0.0,1.0,1.0,0.0,0
1.0,,0.4059529449714223,1.0,,1.0,,0.3687130408412641,0.327141836566467,1.0,1.0,1.0,,1.0,2.0,1.0,1.0,,1.0,1.0,2.0,1.0,,1.0,0.0,,0.0,,1.0,0.0,2.0,,0.0,0
0.0,3.468984251376473,0.4472088227382767,0.0,3.55862379327542,3.3566824392321646,0.5651866011647716,0.3687130408412641,0.3290034071550255,4.102741184057091,5.884086322351143,0.0,0.0,0.0,0.0,0.0,0.0,0.0,0.0,0.0,1.0,0.0,0.0,1.0,4.350919003746875,1.0,1.0,1.0,0.0,0.0,1.0,0.0,0.0,0
0.0,1.0,0.4059529449714223,0.0,0.0,0.0,0.5124929017603634,0.5068458577828254,0.327141836566467,0.0,0.0,0.0,0.0,1.0,2.0,1.0,1.0,0.0,0.0,0.0,0.0,0.0,0.0,1.0,0.0,1.0,1.0,1.0,1.0,0.0,1.0,1.0,0.0,0
1.0,0.0,0.4472088227382767,1.0,0.0,0.0,0.3592782301026135,0.2631793890457632,0.3227909043774535,0.0,2.0,1.0,0.0,1.0,2.0,0.0,0.0,1.0,1.0,0.0,1.0,0.0,0.0,1.0,0.0,2.0,2.0,2.0,0.0,1.0,1.0,0.0,0.0,0
1.0,0.0,0.4472088227382767,1.0,0.0,0.0,0.5651866011647716,0.5068458577828254,0.4981509951385715,0.0,1.0,0.0,0.0,0.0,0.0,0.0,0.0,0.0,0.0,0.0,0.0,0.0,0.0,2.0,2.0,2.0,2.0,2.0,0.0,1.0,0.0,0.0,0.0,1
0.0,2.0,,2.0,,,0.5651866011647716,0.5564735945485519,,2.0,1.0,,1.0,0.0,0.0,,1.0,3.0,,1.0,1.0,1.0,,,1.0,1.0,0.0,0.0,1.0,0.0,1.0,2.0,1.0,0
0.0,0.0,0.4059529449714223,1.0,1.0,0.0,0.4567380973729042,0.6003779812606473,0.3030238500851788,0.0,0.0,1.0,0.0,0.0,0.0,1.0,0.0,2.0,1.0,0.0,1.0,0.0,1.0,2.0,1.0,0.0,2.0,2.0,0.0,0.0,1.0,2.0,0.0,1
1.0,3.468984251376473,0.4472088227382767,1.0,3.55862379327542,3.3566824392321646,0.3592782301026135,0.2631793890457632,0.3227909043774535,5.102741184057091,6.884086322351143,1.0,0.0,1.0,2.0,0.0,0.0,3.0,1.0,0.0,2.0,0.0,2.0,0.0,5.350919003746875,0.0,2.0,2.0,1.0,0.0,2.0,2.0,1.0,0
0.0,1.0,,1.0,1.0,1.0,,,0.327141836566467,2.0,1.0,1.0,,1.0,2.0,,1.0,1.0,1.0,2.0,2.0,1.0,1.0,,,,0.0,,1.0,1.0,2.0,2.0,1.0,1
0.0,1.0,0.4059529449714223,1.0,1.0,1.0,0.3592782301026135,0.2631793890457632,0.21308239366161,0.0,0.0,0.0,0.0,0.0,0.0,0.0,0.0,0.0,0.0,0.0,0.0,0.0,0.0,1.0,1.0,1.0,1.0,1.0,0.0,0.0,0.0,0.0,0.0,0
0.0,0.0,0.4472088227382767,0.0,0.0,0.0,0.2608303362988201,0.5564735945485519,0.6169676320272572,0.0,0.0,0.0,0.0,0.0,0.0,0.0,0.0,0.0,0.0,0.0,0.0,0.0,0.0,2.0,0.0,0.0,1.0,1.0,0.0,0.0,1.0,0.0,0.0,0
1.0,1.0,0.4059529449714223,0.0,1.0,0.0,0.5124929017603634,0.5068458577828254,0.6320272572402044,0.0,1.0,1.0,1.0,1.0,2.0,1.0,0.0,1.0,1.0,2.0,1.0,1.0,2.0,0.0,0.0,2.0,0.0,1.0,1.0,0.0,1.0,1.0,1.0,1
0.0,1.0,0.4059529449714223,1.0,1.0,1.0,0.2608303362988201,0.2293199502739537,0.1904496412162511,1.0,2.0,1.0,1.0,0.0,1.0,1.0,1.0,1.0,1.0,0.0,1.0,1.0,2.0,1.0,0.0,0.0,1.0,1.0,1.0,0.0,1.0,1.0,0.0,0
0.0,3.468984251376473,0.4472088227382767,1.0,3.55862379327542,3.3566824392321646,0.5651866011647716,0.6003779812606473,0.6232770636518506,4.102741184057091,5.884086322351143,1.0,0.0,0.0,0.0,0.0,0.0,0.0,0.0,0.0,1.0,0.0,1.0,1.0,4.350919003746875,1.0,1.0,2.0,0.0,0.0,0.0,1.0,1.0,1
,1.0,0.4059529449714223,1.0,1.0,,0.5651866011647716,,,,0.0,1.0,1.0,1.0,2.0,,,1.0,,1.0,1.0,1.0,2.0,1.0,1.0,1.0,,0.0,1.0,1.0,1.0,1.0,1.0,1
0.0,0.0,0.4059529449714223,1.0,1.0,0.0,0.3592782301026135,0.5564735945485519,0.3560477001703578,1.0,0.0,1.0,0.0,0.0,1.0,0.0,0.0,0.0,0.0,0.0,1.0,1.0,0.0,1.0,1.0,2.0,2.0,2.0,0.0,1.0,1.0,1.0,1.0,1
1.0,1.0,0.4059529449714223,1.0,1.0,1.0,0.3592782301026135,0.2631793890457632,0.2692625943051838,2.0,4.0,1.0,1.0,1.0,2.0,1.0,1.0,3.0,1.0,0.0,2.0,1.0,1.0,1.0,0.0,0.0,1.0,0.0,1.0,0.0,1.0,2.0,0.0,0
0.0,0.0,0.4472088227382767,2.0,0.0,0.0,0.4567380973729042,0.3687130408412641,0.327141836566467,0.0,0.0,0.0,0.0,0.0,0.0,0.0,0.0,1.0,1.0,0.0,1.0,0.0,1.0,1.0,1.0,1.0,2.0,1.0,1.0,0.0,1.0,1.0,0.0,0
0.0,0.0,0.4059529449714223,1.0,1.0,0.0,0.4567380973729042,0.5068458577828254,0.6695059625212947,1.0,1.0,1.0,1.0,0.0,0.0,1.0,1.0,2.0,1.0,0.0,1.0,1.0,1.0,1.0,2.0,1.0,0.0,1.0,1.0,0.0,1.0,1.0,1.0,1
0.0,0.0,0.4059529449714223,1.0,0.0,0.0,0.2608303362988201,0.3687130408412641,0.3290034071550255,0.0,0.0,0.0,0.0,0.0,0.0,0.0,0.0,0.0,0.0,0.0,0.0,0.0,0.0,2.0,2.0,1.0,2.0,2.0,0.0,0.0,0.0,0.0,0.0,1
1.0,,0.4472088227382767,1.0,1.0,1.0,,0.5553488857212391,,,2.0,1.0,0.0,,1.0,1.0,,3.0,1.0,1.0,1.0,,2.0,1.0,1.0,1.0,0.0,0.0,1.0,0.0,,,1.0,0
0.0,0.0,0.4472088227382767,0.0,0.0,0.0,0.3592782301026135,0.5553488857212391,0.5235661555934129,0.0,0.0,0.0,0.0,0.0,0.0,0.0,0.0,0.0,0.0,0.0,0.0,0.0,0.0,0.0,0.0,1.0,1.0,1.0,0.0,1.0,0.0,0.0,0.0,0
1.0,0.0,0.4059529449714223,0.0,2.0,2.0,0.5124929017603634,0.3687130408412641,0.4249802634312544,1.0,4.0,1.0,1.0,1.0,2.0,1.0,1.0,2.0,1.0,1.0,2.0,1.0,2.0,1.0,1.0,1.0,0.0,0.0,1.0,0.0,1.0,1.0,0.0,0
0.0,1.0,0.4059529449714223,0.0,1.0,1.0,0.5124929017603634,0.5068458577828254,0.4981509951385715,0.0,1.0,1.0,1.0,0.0,2.0,1.0,0.0,1.0,1.0,0.0,1.0,1.0,1.0,1.0,1.0,1.0,1.0,1.0,1.0,0.0,1.0,1.0,1.0,0
1.0,1.0,0.4472088227382767,1.0,1.0,0.0,,,,1.0,1.0,,1.0,1.0,2.0,1.0,1.0,1.0,1.0,0.0,,1.0,,,1.0,1.0,,,1.0,0.0,2.0,2.0,1.0,1
1.0,1.0,0.4059529449714223,1.0,1.0,0.0,0.3592782301026135,0.2631793890457632,0.3227909043774535,1.0,1.0,1.0,1.0,1.0,2.0,0.0,0.0,1.0,1.0,0.0,1.0,0.0,2.0,1.0,2.0,1.0,2.0,2.0,1.0,0.0,1.0,0.0,1.0,1
0.0,2.0,0.4059529449714223,1.0,2.0,2.0,0.2608303362988201,0.3687130408412641,0.327141836566467,2.0,2.0,1.0,1.0,1.0,2.0,1.0,1.0,3.0,1.0,1.0,2.0,1.0,2.0,1.0,1.0,1.0,0.0,0.0,1.0,0.0,1.0,1.0,1.0,0
1.0,2.0,0.4059529449714223,2.0,2.0,2.0,0.2608303362988201,0.2293199502739537,0.1904496412162511,0.0,0.0,0.0,0.0,0.0,1.0,1.0,0.0,2.0,0.0,0.0,1.0,1.0,1.0,2.0,0.0,1.0,0.0,0.0,0.0,0.0,1.0,1.0,0.0,0
1.0,3.468984251376473,0.4472088227382767,0.0,4.5586237932754194,3.3566824392321646,0.4567380973729042,0.464504830773996,0.6316167566347161,4.102741184057091,7.884086322351143,1.0,1.0,1.0,2.0,0.0,1.0,1.0,1.0,0.0,1.0,1.0,1.0,2.0,3.350919003746875,1.0,1.0,1.0,0.0,0.0,2.0,1.0,0.0,1
0.0,0.0,0.4472088227382767,1.0,0.0,0.0,0.5651866011647716,0.5564735945485519,0.3560477001703578,1.0,2.0,1.0,0.0,0.0,0.0,0.0,0.0,0.0,0.0,0.0,1.0,1.0,2.0,0.0,1.0,2.0,2.0,2.0,0.0,0.0,1.0,1.0,0.0,0
1.0,1.0,0.4059529449714223,1.0,0.0,0.0,0.4567380973729042,0.6003779812606473,0.6232770636518506,1.0,1.0,1.0,0.0,0.0,0.0,1.0,0.0,0.0,0.0,0.0,1.0,1.0,0.0,2.0,0.0,1.0,0.0,0.0,1.0,0.0,2.0,1.0,0.0,1
0.0,2.0,0.4059529449714223,,1.0,1.0,0.2608303362988201,,0.3290034071550255,1.0,0.0,,0.0,0.0,0.0,,,,1.0,0.0,1.0,,1.0,1.0,,1.0,1.0,0.0,1.0,0.0,1.0,,0.0,0
0.0,0.0,0.4059529449714223,1.0,0.0,0.0,0.4567380973729042,0.5564735945485519,0.2949460533787621,1.0,2.0,1.0,1.0,0.0,0.0,1.0,0.0,1.0,1.0,0.0,1.0,0.0,1.0,1.0,2.0,1.0,2.0,2.0,0.0,0.0,0.0,0.0,0.0,0
0.0,2.0,0.4472088227382767,2.0,2.0,2.0,0.5651866011647716,0.5564735945485519,0.4963900381276872,2.0,1.0,1.0,1.0,0.0,0.0,1.0,1.0,3.0,1.0,1.0,1.0,1.0,2.0,1.0,1.0,1.0,0.0,0.0,1.0,0.0,1.0,2.0,1.0,0
0.0,2.0,0.4059529449714223,0.0,1.0,0.0,0.2608303362988201,0.464504830773996,0.3290034071550255,0.0,1.0,1.0,0.0,0.0,0.0,0.0,0.0,1.0,1.0,0.0,1.0,0.0,1.0,1.0,2.0,1.0,1.0,1.0,0.0,0.0,1.0,1.0,0.0,1
0.0,,,0.0,,,0.3592782301026135,0.464504830773996,0.6316167566347161,,2.0,1.0,1.0,1.0,1.0,1.0,0.0,0.0,0.0,,0.0,1.0,2.0,0.0,1.0,2.0,,,1.0,0.0,,0.0,0.0,1
0.0,2.0,0.4059529449714223,1.0,1.0,1.0,0.5651866011647716,0.3687130408412641,0.327141836566467,1.0,0.0,1.0,0.0,0.0,0.0,1.0,1.0,0.0,0.0,0.0,0.0,1.0,0.0,1.0,1.0,1.0,0.0,0.0,1.0,0.0,1.0,1.0,1.0,0
1.0,1.0,0.4059529449714223,0.0,1.0,0.0,0.5651866011647716,0.5564735945485519,0.4249802634312544,0.0,2.0,1.0,0.0,0.0,2.0,0.0,0.0,0.0,0.0,2.0,0.0,0.0,0.0,0.0,2.0,2.0,2.0,2.0,0.0,1.0,0.0,0.0,1.0,1
1.0,1.0,0.4059529449714223,3.0,2.0,2.0,0.3592782301026135,0.3687130408412641,0.327141836566467,2.0,3.0,1.0,1.0,1.0,2.0,1.0,1.0,2.0,1.0,0.0,2.0,1.0,2.0,1.0,0.0,0.0,1.0,0.0,1.0,1.0,2.0,2.0,0.0,0
1.0,1.0,0.4059529449714223,1.0,1.0,1.0,0.5651866011647716,0.5553488857212391,0.601727914334388,2.0,1.0,1.0,1.0,0.0,0.0,1.0,0.0,1.0,1.0,1.0,2.0,1.0,2.0,1.0,1.0,2.0,2.0,2.0,1.0,0.0,2.0,1.0,1.0,1
0.0,0.0,0.4472088227382767,1.0,0.0,0.0,0.3592782301026135,0.2631793890457632,0.21308239366161,1.0,1.0,0.0,0.0,1.0,2.0,0.0,0.0,1.0,0.0,0.0,1.0,0.0,1.0,0.0,2.0,1.0,1.0,1.0,1.0,0.0,1.0,1.0,0.0,0
0.0,0.0,0.4059529449714223,2.0,1.0,1.0,0.3592782301026135,0.2631793890457632,0.21308239366161,0.0,3.0,0.0,0.0,0.0,0.0,1.0,0.0,3.0,1.0,0.0,2.0,1.0,2.0,1.0,1.0,1.0,0.0,0.0,0.0,0.0,1.0,1.0,0.0,0
0.0,0.0,0.4472088227382767,0.0,0.0,0.0,0.5651866011647716,0.2293199502739537,0.1904496412162511,0.0,0.0,0.0,0.0,0.0,0.0,1.0,0.0,1.0,1.0,0.0,1.0,1.0,1.0,0.0,1.0,0.0,2.0,2.0,1.0,0.0,0.0,1.0,0.0,0
0.0,0.0,0.4472088227382767,1.0,,0.0,0.5651866011647716,0.5564735945485519,0.4931082546074028,0.0,0.0,0.0,,1.0,,,0.0,0.0,0.0,0.0,,0.0,0.0,,2.0,1.0,,2.0,0.0,,,0.0,1.0,0
0.0,1.0,0.4059529449714223,1.0,1.0,0.0,0.4567380973729042,0.5564735945485519,0.6868662286038777,1.0,1.0,1.0,1.0,0.0,0.0,1.0,1.0,1.0,1.0,0.0,1.0,1.0,1.0,0.0,1.0,1.0,1.0,1.0,1.0,1.0,1.0,1.0,1.0,1
0.0,0.0,0.4472088227382767,1.0,0.0,0.0,0.5651866011647716,0.5564735945485519,0.4963900381276872,1.0,2.0,1.0,1.0,0.0,0.0,1.0,1.0,1.0,1.0,0.0,1.0,1.0,1.0,1.0,1.0,2.0,1.0,2.0,0.0,0.0,1.0,1.0,1.0,0
0.0,0.0,0.4472088227382767,1.0,0.0,0.0,0.2608303362988201,0.2293199502739537,0.1904496412162511,0.0,0.0,0.0,0.0,0.0,0.0,0.0,0.0,0.0,0.0,0.0,0.0,0.0,0.0,1.0,1.0,1.0,2.0,2.0,0.0,0.0,0.0,0.0,0.0,0
1.0,1.0,0.4472088227382767,1.0,0.0,0.0,0.4567380973729042,0.5564735945485519,0.2949460533787621,1.0,2.0,1.0,0.0,0.0,0.0,0.0,0.0,1.0,0.0,0.0,0.0,0.0,0.0,2.0,1.0,2.0,2.0,2.0,0.0,0.0,0.0,0.0,0.0,0
0.0,0.0,0.4472088227382767,1.0,0.0,0.0,0.5651866011647716,0.5564735945485519,0.4931082546074028,0.0,2.0,0.0,0.0,1.0,1.0,0.0,0.0,0.0,0.0,0.0,1.0,0.0,1.0,1.0,0.0,1.0,1.0,0.0,0.0,1.0,1.0,0.0,1.0,1
0.0,0.0,0.4472088227382767,1.0,0.0,0.0,0.3592782301026135,0.464504830773996,0.2300776074200265,0.0,0.0,1.0,1.0,1.0,2.0,0.0,0.0,1.0,0.0,0.0,0.0,0.0,0.0,0.0,0.0,1.0,2.0,2.0,0.0,0.0,0.0,0.0,1.0,1
0.0,3.468984251376473,0.4472088227382767,1.0,3.55862379327542,3.3566824392321646,0.5651866011647716,0.5068458577828254,0.3835483085908981,4.102741184057091,6.884086322351143,1.0,0.0,1.0,1.0,0.0,0.0,0.0,0.0,0.0,0.0,0.0,0.0,1.0,4.350919003746875,2.0,2.0,2.0,0.0,0.0,1.0,0.0,1.0,1
1.0,0.0,0.4059529449714223,1.0,0.0,0.0,0.3592782301026135,0.2631793890457632,0.3227909043774535,0.0,1.0,1.0,0.0,1.0,2.0,0.0,0.0,1.0,0.0,0.0,1.0,0.0,1.0,1.0,1.0,1.0,2.0,2.0,0.0,0.0,1.0,1.0,0.0,0
,0.0,0.4472088227382767,1.0,0.0,,0.5124929017603634,0.5068458577828254,,0.0,2.0,,0.0,1.0,2.0,0.0,0.0,,0.0,0.0,0.0,0.0,,2.0,,1.0,2.0,2.0,0.0,,,0.0,1.0,0
0.0,1.0,0.4059529449714223,2.0,1.0,0.0,0.4567380973729042,0.5564735945485519,0.3686825667234526,1.0,2.0,1.0,0.0,0.0,1.0,0.0,0.0,0.0,0.0,0.0,0.0,0.0,0.0,1.0,1.0,1.0,0.0,0.0,0.0,1.0,1.0,0.0,0.0,1
,0.0,0.4472088227382767,0.0,0.0,,0.5651866011647716,,0.6232770636518506,1.0,0.0,0.0,,0.0,,,0.0,0.0,0.0,,0.0,,0.0,0.0,,0.0,1.0,1.0,0.0,0.0,0.0,1.0,0.0,0
1.0,2.0,0.4059529449714223,1.0,2.0,2.0,0.2608303362988201,0.6003779812606473,0.6232770636518506,0.0,2.0,1.0,1.0,1.0,2.0,0.0,0.0,0.0,0.0,0.0,0.0,0.0,2.0,2.0,2.0,1.0,2.0,2.0,0.0,0.0,1.0,1.0,1.0,0
1.0,1.0,0.4059529449714223,2.0,1.0,1.0,0.2608303362988201,0.2293199502739537,0.1904496412162511,1.0,2.0,1.0,1.0,1.0,2.0,1.0,1.0,3.0,1.0,0.0,2.0,1.0,2.0,1.0,1.0,1.0,0.0,1.0,1.0,0.0,1.0,2.0,0.0,0
1.0,1.0,0.4059529449714223,3.0,2.0,2.0,0.4567380973729042,0.5553488857212391,0.6848381601362862,3.0,4.0,1.0,1.0,1.0,2.0,1.0,1.0,1.0,1.0,0.0,2.0,1.0,2.0,0.0,1.0,1.0,0.0,1.0,1.0,1.0,1.0,2.0,0.0,0
0.0,0.0,0.4059529449714223,1.0,1.0,0.0,0.5651866011647716,0.5553488857212391,0.601727914334388,1.0,0.0,1.0,1.0,0.0,0.0,1.0,1.0,2.0,1.0,0.0,1.0,1.0,1.0,1.0,1.0,1.0,0.0,0.0,1.0,0.0,1.0,2.0,1.0,1
1.0,1.0,0.4059529449714223,0.0,1.0,1.0,0.5124929017603634,0.5564735945485519,0.6169676320272572,0.0,2.0,0.0,0.0,0.0,0.0,0.0,0.0,0.0,0.0,0.0,2.0,1.0,1.0,2.0,0.0,1.0,1.0,1.0,0.0,0.0,2.0,0.0,0.0,1
0.0,0.0,0.4472088227382767,1.0,0.0,0.0,0.5651866011647716,0.464504830773996,0.6316167566347161,1.0,3.0,1.0,1.0,1.0,2.0,0.0,0.0,1.0,1.0,0.0,1.0,1.0,1.0,1.0,1.0,1.0,2.0,2.0,1.0,0.0,0.0,1.0,0.0,0
0.0,1.0,0.4059529449714223,1.0,1.0,1.0,0.3592782301026135,0.464504830773996,0.2300776074200265,1.0,1.0,0.0,0.0,0.0,0.0,0.0,0.0,3.0,0.0,0.0,0.0,0.0,0.0,1.0,2.0,1.0,1.0,2.0,0.0,0.0,1.0,0.0,1.0,0
1.0,2.0,0.4059529449714223,2.0,2.0,0.0,0.3592782301026135,0.3687130408412641,0.327141836566467,1.0,1.0,1.0,0.0,0.0,1.0,0.0,0.0,0.0,0.0,0.0,1.0,1.0,2.0,0.0,2.0,1.0,0.0,2.0,0.0,0.0,1.0,1.0,0.0,1
0.0,1.0,0.4059529449714223,1.0,0.0,0.0,0.3592782301026135,0.2631793890457632,0.1186825667234526,1.0,2.0,0.0,1.0,0.0,0.0,1.0,1.0,0.0,0.0,0.0,2.0,1.0,2.0,0.0,0.0,1.0,1.0,0.0,1.0,0.0,2.0,2.0,1.0,0
1.0,1.0,0.4059529449714223,1.0,2.0,0.0,0.5651866011647716,0.5564735945485519,0.5616127200454287,0.0,2.0,1.0,0.0,1.0,2.0,0.0,0.0,1.0,1.0,0.0,1.0,0.0,1.0,1.0,0.0,0.0,0.0,0.0,1.0,0.0,1.0,1.0,1.0,1
1.0,1.0,0.4472088227382767,2.0,2.0,,0.3592782301026135,0.2631793890457632,0.21308239366161,0.0,,1.0,1.0,1.0,2.0,0.0,1.0,1.0,1.0,,,,1.0,,1.0,1.0,1.0,0.0,0.0,,,,1.0,1
0.0,0.0,0.4059529449714223,1.0,0.0,0.0,0.5651866011647716,0.5564735945485519,0.4931082546074028,1.0,0.0,0.0,1.0,1.0,1.0,0.0,0.0,1.0,1.0,1.0,0.0,0.0,2.0,0.0,1.0,2.0,2.0,2.0,0.0,0.0,1.0,0.0,1.0,0
0.0,0.0,0.4472088227382767,0.0,1.0,0.0,,0.5068458577828254,,0.0,,,1.0,1.0,2.0,1.0,1.0,1.0,1.0,0.0,1.0,,1.0,1.0,0.0,1.0,,,,1.0,,1.0,1.0,1
0.0,1.0,0.4059529449714223,2.0,1.0,0.0,0.2608303362988201,0.2293199502739537,0.1904496412162511,0.0,0.0,0.0,1.0,0.0,0.0,0.0,0.0,1.0,1.0,0.0,0.0,1.0,2.0,1.0,1.0,2.0,2.0,2.0,0.0,0.0,1.0,1.0,0.0,1
1.0,2.0,0.4059529449714223,0.0,2.0,2.0,0.3592782301026135,0.3687130408412641,0.327141836566467,2.0,3.0,0.0,1.0,0.0,0.0,1.0,1.0,1.0,1.0,0.0,2.0,1.0,2.0,1.0,1.0,1.0,0.0,0.0,1.0,0.0,2.0,2.0,1.0,0
,1.0,,0.0,,0.0,0.5651866011647716,0.5564735945485519,0.6868662286038777,0.0,0.0,1.0,0.0,0.0,0.0,0.0,0.0,2.0,1.0,1.0,,,,1.0,0.0,1.0,,1.0,0.0,0.0,,1.0,,1
1.0,1.0,0.4059529449714223,0.0,2.0,0.0,0.4567380973729042,0.464504830773996,0.6316167566347161,1.0,2.0,1.0,0.0,0.0,1.0,0.0,0.0,1.0,1.0,1.0,1.0,1.0,0.0,2.0,0.0,2.0,2.0,2.0,0.0,0.0,2.0,2.0,0.0,1
1.0,0.0,0.4472088227382767,1.0,1.0,0.0,0.5651866011647716,0.5564735945485519,0.8560477001703577,0.0,2.0,1.0,0.0,0.0,0.0,0.0,0.0,0.0,0.0,0.0,0.0,1.0,1.0,1.0,1.0,1.0,1.0,1.0,0.0,0.0,0.0,0.0,0.0,1
0.0,1.0,0.4059529449714223,1.0,0.0,0.0,0.3592782301026135,0.2631793890457632,0.21308239366161,0.0,3.0,0.0,1.0,1.0,0.0,1.0,1.0,3.0,1.0,0.0,2.0,1.0,2.0,1.0,1.0,1.0,1.0,1.0,1.0,0.0,1.0,1.0,0.0,0
0.0,1.0,0.4059529449714223,1.0,2.0,2.0,0.2608303362988201,0.2293199502739537,0.1904496412162511,2.0,0.0,0.0,0.0,0.0,0.0,1.0,1.0,2.0,1.0,0.0,0.0,0.0,1.0,2.0,0.0,1.0,2.0,2.0,0.0,0.0,1.0,1.0,0.0,0
1.0,5.468984251376472,0.4059529449714223,2.0,4.5586237932754194,4.356682439232165,0.5651866011647716,0.5553488857212391,0.8018608308216486,7.102741184057091,7.884086322351143,1.0,1.0,1.0,2.0,0.0,0.0,1.0,0.0,1.0,1.0,0.0,0.0,1.0,3.350919003746875,0.0,0.0,2.0,1.0,0.0,1.0,1.0,0.0,1
1.0,0.0,0.4059529449714223,1.0,0.0,0.0,,,0.327141836566467,1.0,3.0,1.0,1.0,1.0,2.0,1.0,1.0,3.0,,1.0,2.0,1.0,,1.0,1.0,,,,,0.0,2.0,,0.0,0
0.0,1.0,0.4059529449714223,1.0,1.0,1.0,0.5651866011647716,0.5564735945485519,0.6868662286038777,1.0,1.0,1.0,0.0,0.0,0.0,0.0,0.0,2.0,1.0,0.0,0.0,1.0,2.0,1.0,2.0,1.0,0.0,0.0,0.0,0.0,1.0,1.0,1.0,1
0.0,0.0,0.4059529449714223,1.0,0.0,0.0,0.2608303362988201,0.3687130408412641,0.3290034071550255,0.0,0.0,0.0,0.0,0.0,0.0,0.0,0.0,0.0,0.0,0.0,0.0,0.0,0.0,2.0,2.0,1.0,2.0,2.0,0.0,0.0,0.0,0.0,0.0,1
0.0,0.0,0.4059529449714223,0.0,0.0,0.0,0.3592782301026135,0.2631793890457632,0.21308239366161,0.0,1.0,1.0,1.0,0.0,2.0,0.0,1.0,1.0,1.0,1.0,1.0,1.0,1.0,1.0,1.0,1.0,0.0,2.0,1.0,0.0,0.0,1.0,1.0,1
,1.0,0.4059529449714223,0.0,0.0,0.0,0.4567380973729042,0.6003779812606473,0.4249802634312544,0.0,3.0,1.0,,0.0,1.0,0.0,0.0,,1.0,1.0,,0.0,,0.0,1.0,,,2.0,,0.0,,1.0,1.0,0
0.0,1.0,0.4059529449714223,1.0,0.0,0.0,0.3592782301026135,0.2631793890457632,0.060598685811633,0.0,3.0,1.0,1.0,0.0,1.0,0.0,0.0,0.0,0.0,0.0,1.0,0.0,1.0,1.0,1.0,1.0,2.0,1.0,0.0,0.0,1.0,1.0,1.0,0
0.0,0.0,0.4472088227382767,0.0,0.0,0.0,0.5651866011647716,0.5564735945485519,0.2445850571915308,1.0,4.0,1.0,1.0,1.0,2.0,1.0,1.0,1.0,1.0,0.0,2.0,1.0,2.0,1.0,1.0,1.0,2.0,0.0,1.0,0.0,1.0,1.0,0.0,0
0.0,1.0,0.4472088227382767,1.0,0.0,0.0,0.2608303362988201,0.3687130408412641,0.3290034071550255,0.0,1.0,1.0,0.0,0.0,0.0,1.0,1.0,1.0,1.0,0.0,1.0,1.0,1.0,1.0,1.0,1.0,0.0,0.0,1.0,0.0,1.0,1.0,0.0,0
0.0,,0.4059529449714223,0.0,1.0,,0.5124929017603634,0.5068458577828254,0.4981509951385715,0.0,,1.0,,0.0,,,0.0,,1.0,0.0,1.0,1.0,1.0,1.0,1.0,1.0,1.0,,1.0,0.0,1.0,,1.0,0
1.0,0.0,0.4472088227382767,1.0,1.0,0.0,0.3592782301026135,0.6003779812606473,0.6232770636518506,1.0,2.0,1.0,0.0,0.0,0.0,0.0,1.0,1.0,1.0,0.0,1.0,1.0,1.0,2.0,1.0,1.0,1.0,1.0,0.0,0.0,1.0,1.0,1.0,1
1.0,0.0,0.4059529449714223,1.0,1.0,1.0,0.3592782301026135,0.2631793890457632,0.21308239366161,0.0,3.0,1.0,1.0,1.0,0.0,1.0,1.0,1.0,1.0,0.0,2.0,1.0,2.0,1.0,0.0,0.0,1.0,1.0,1.0,0.0,1.0,2.0,0.0,0
0.0,0.0,0.4472088227382767,0.0,1.0,0.0,0.3592782301026135,0.464504830773996,0.2300776074200265,0.0,0.0,0.0,0.0,0.0,0.0,0.0,0.0,0.0,0.0,0.0,0.0,0.0,0.0,2.0,0.0,2.0,1.0,2.0,0.0,0.0,0.0,0.0,0.0,1
1.0,1.0,0.4059529449714223,1.0,1.0,1.0,0.4567380973729042,0.5564735945485519,0.4963900381276872,1.0,1.0,1.0,1.0,0.0,0.0,1.0,1.0,1.0,1.0,1.0,1.0,1.0,1.0,1.0,0.0,0.0,0.0,0.0,1.0,0.0,1.0,1.0,1.0,1
1.0,0.0,0.4472088227382767,0.0,0.0,0.0,0.5651866011647716,0.5564735945485519,0.6868662286038777,1.0,0.0,1.0,0.0,0.0,0.0,0.0,0.0,2.0,1.0,0.0,1.0,1.0,1.0,1.0,2.0,1.0,0.0,1.0,0.0,0.0,1.0,1.0,0.0,0
0.0,0.0,0.4472088227382767,0.0,0.0,0.0,0.3592782301026135,0.2631793890457632,0.21308239366161,0.0,1.0,1.0,1.0,1.0,2.0,0.0,1.0,0.0,0.0,0.0,2.0,1.0,1.0,1.0,1.0,1.0,1.0,1.0,1.0,0.0,1.0,1.0,0.0,0
0.0,0.0,0.4059529449714223,2.0,1.0,1.0,0.4567380973729042,0.3687130408412641,0.6480146769754948,2.0,3.0,1.0,1.0,1.0,2.0,1.0,1.0,2.0,1.0,0.0,2.0,1.0,1.0,1.0,1.0,1.0,1.0,0.0,1.0,0.0,1.0,1.0,0.0,0
1.0,0.0,0.4472088227382767,1.0,0.0,0.0,0.3592782301026135,0.464504830773996,0.6316167566347161,1.0,0.0,1.0,0.0,0.0,0.0,0.0,0.0,1.0,1.0,0.0,1.0,0.0,1.0,2.0,2.0,2.0,2.0,2.0,0.0,1.0,0.0,1.0,1.0,1
1.0,2.0,0.4059529449714223,3.0,2.0,2.0,0.4567380973729042,0.3687130408412641,0.327141836566467,3.0,4.0,1.0,1.0,1.0,2.0,1.0,1.0,3.0,1.0,2.0,2.0,1.0,2.0,1.0,2.0,1.0,0.0,0.0,1.0,1.0,2.0,2.0,0.0,0
1.0,0.0,0.4059529449714223,2.0,1.0,0.0,0.4567380973729042,0.5068458577828254,0.4981509951385715,0.0,0.0,1.0,1.0,1.0,1.0,0.0,0.0,2.0,1.0,2.0,0.0,0.0,1.0,2.0,1.0,2.0,2.0,2.0,0.0,0.0,1.0,0.0,0.0,1
1.0,0.0,0.4472088227382767,0.0,1.0,0.0,0.5651866011647716,0.5564735945485519,0.4963900381276872,1.0,2.0,1.0,0.0,1.0,1.0,0.0,0.0,0.0,0.0,2.0,1.0,1.0,2.0,2.0,1.0,1.0,0.0,2.0,1.0,1.0,2.0,2.0,1.0,1
0.0,0.0,0.4472088227382767,1.0,0.0,0.0,,0.5068458577828254,0.3835483085908981,0.0,1.0,1.0,0.0,,,,,0.0,0.0,,0.0,,,0.0,1.0,2.0,2.0,,0.0,0.0,0.0,0.0,0.0,0
0.0,0.0,0.4059529449714223,0.0,0.0,0.0,0.3592782301026135,0.464504830773996,0.2300776074200265,0.0,0.0,1.0,1.0,1.0,2.0,1.0,1.0,2.0,1.0,0.0,1.0,1.0,1.0,0.0,0.0,1.0,2.0,0.0,1.0,0.0,1.0,1.0,0.0,0
1.0,1.0,0.4059529449714223,1.0,1.0,1.0,0.2608303362988201,0.2293199502739537,0.1904496412162511,1.0,4.0,1.0,1.0,1.0,1.0,1.0,1.0,3.0,1.0,1.0,2.0,1.0,2.0,1.0,1.0,1.0,0.0,0.0,1.0,1.0,1.0,1.0,1.0,0
0.0,0.0,0.4472088227382767,0.0,0.0,0.0,0.5651866011647716,0.5564735945485519,0.4249802634312544,0.0,0.0,1.0,1.0,1.0,2.0,0.0,0.0,0.0,0.0,0.0,2.0,1.0,1.0,1.0,1.0,1.0,1.0,1.0,0.0,0.0,1.0,1.0,0.0,1
0.0,0.0,0.4472088227382767,1.0,1.0,0.0,0.5651866011647716,0.5564735945485519,0.6868662286038777,1.0,1.0,1.0,1.0,1.0,2.0,1.0,1.0,1.0,1.0,0.0,1.0,1.0,2.0,1.0,1.0,1.0,1.0,1.0,0.0,0.0,1.0,1.0,1.0,1
0.0,0.0,0.4059529449714223,1.0,0.0,0.0,0.2608303362988201,0.3687130408412641,0.327141836566467,0.0,0.0,0.0,0.0,1.0,1.0,0.0,0.0,2.0,1.0,0.0,1.0,1.0,1.0,1.0,0.0,2.0,1.0,2.0,0.0,1.0,1.0,1.0,0.0,1
1.0,0.0,0.4059529449714223,1.0,1.0,0.0,0.5651866011647716,0.5068458577828254,0.4981509951385715,,4.0,1.0,0.0,0.0,0.0,1.0,0.0,,0.0,0.0,,,2.0,,2.0,1.0,,,,,2.0,2.0,1.0,1
0.0,0.0,0.4472088227382767,2.0,0.0,0.0,0.2608303362988201,0.3687130408412641,0.3290034071550255,0.0,0.0,0.0,0.0,0.0,1.0,0.0,0.0,1.0,0.0,0.0,0.0,0.0,1.0,1.0,1.0,2.0,2.0,2.0,0.0,0.0,1.0,1.0,1.0,0
0.0,0.0,0.4059529449714223,1.0,1.0,0.0,0.5651866011647716,0.5564735945485519,0.6868662286038777,1.0,1.0,1.0,0.0,1.0,1.0,0.0,0.0,1.0,1.0,0.0,1.0,1.0,1.0,2.0,1.0,1.0,1.0,1.0,0.0,0.0,1.0,1.0,1.0,1
1.0,1.0,0.4059529449714223,0.0,0.0,0.0,0.5124929017603634,0.5564735945485519,0.2693545334090479,0.0,3.0,1.0,1.0,1.0,2.0,1.0,1.0,1.0,1.0,1.0,2.0,1.0,1.0,0.0,0.0,0.0,0.0,0.0,1.0,0.0,2.0,2.0,1.0,0
1.0,1.0,0.4059529449714223,1.0,2.0,2.0,0.2608303362988201,0.2293199502739537,0.1904496412162511,2.0,1.0,0.0,0.0,1.0,2.0,1.0,1.0,3.0,1.0,0.0,2.0,1.0,2.0,0.0,0.0,0.0,1.0,0.0,1.0,0.0,2.0,1.0,0.0,0
1.0,1.0,0.4059529449714223,0.0,2.0,2.0,0.4567380973729042,0.6003779812606473,0.6424190800681431,1.0,2.0,1.0,1.0,0.0,2.0,1.0,0.0,0.0,0.0,0.0,1.0,1.0,1.0,2.0,2.0,2.0,2.0,2.0,0.0,0.0,1.0,1.0,0.0,0
0.0,2.0,0.4472088227382767,1.0,2.0,2.0,0.2608303362988201,0.2293199502739537,0.1904496412162511,2.0,0.0,0.0,0.0,0.0,0.0,1.0,0.0,2.0,1.0,1.0,1.0,1.0,1.0,1.0,0.0,0.0,1.0,1.0,1.0,0.0,1.0,1.0,0.0,0
0.0,1.0,0.4059529449714223,1.0,1.0,1.0,0.2608303362988201,0.2293199502739537,0.1904496412162511,1.0,0.0,0.0,0.0,0.0,0.0,1.0,0.0,3.0,1.0,0.0,2.0,1.0,2.0,1.0,1.0,1.0,1.0,1.0,1.0,0.0,1.0,1.0,0.0,0
1.0,1.0,0.4059529449714223,1.0,1.0,1.0,0.5124929017603634,0.3687130408412641,0.327141836566467,1.0,2.0,1.0,1.0,0.0,0.0,1.0,1.0,1.0,1.0,1.0,2.0,1.0,2.0,0.0,0.0,1.0,1.0,0.0,1.0,0.0,2.0,2.0,0.0,0
0.0,0.0,0.4059529449714223,0.0,1.0,1.0,0.2608303362988201,0.3687130408412641,0.3290034071550255,0.0,,0.0,0.0,,,0.0,0.0,0.0,0.0,,0.0,0.0,0.0,1.0,,,1.0,0.0,,,1.0,1.0,,0
1.0,0.0,0.4472088227382767,1.0,0.0,0.0,0.3592782301026135,0.464504830773996,0.6316167566347161,0.0,0.0,0.0,0.0,0.0,0.0,0.0,0.0,0.0,0.0,0.0,0.0,0.0,0.0,1.0,0.0,1.0,2.0,2.0,0.0,1.0,0.0,0.0,0.0,0
0.0,0.0,0.4472088227382767,2.0,0.0,0.0,0.2608303362988201,0.2293199502739537,0.1904496412162511,1.0,3.0,1.0,0.0,1.0,1.0,0.0,1.0,2.0,1.0,0.0,0.0,0.0,1.0,1.0,1.0,2.0,2.0,2.0,0.0,0.0,1.0,1.0,1.0,0
,0.0,,,,,0.5124929017603634,0.5564735945485519,0.4915767556312701,1.0,2.0,1.0,0.0,0.0,1.0,0.0,0.0,0.0,0.0,0.0,0.0,0.0,0.0,,0.0,,0.0,1.0,0.0,,0.0,1.0,,1
0.0,0.0,0.4472088227382767,0.0,0.0,0.0,0.3592782301026135,0.464504830773996,0.2300776074200265,0.0,0.0,1.0,0.0,0.0,0.0,1.0,1.0,0.0,1.0,0.0,2.0,1.0,1.0,1.0,1.0,1.0,1.0,1.0,1.0,0.0,1.0,1.0,0.0,0
0.0,0.0,0.4059529449714223,1.0,1.0,1.0,0.2608303362988201,0.2293199502739537,0.1904496412162511,0.0,0.0,0.0,0.0,0.0,0.0,1.0,1.0,3.0,1.0,0.0,2.0,1.0,2.0,0.0,0.0,0.0,0.0,0.0,1.0,0.0,2.0,2.0,1.0,0
1.0,1.0,0.4059529449714223,2.0,0.0,0.0,0.5651866011647716,0.5564735945485519,0.3030238500851788,2.0,1.0,0.0,0.0,0.0,0.0,0.0,0.0,1.0,1.0,1.0,0.0,0.0,0.0,1.0,0.0,0.0,1.0,1.0,1.0,0.0,1.0,1.0,0.0,0
0.0,0.0,0.4472088227382767,1.0,0.0,0.0,0.3592782301026135,0.2631793890457632,0.21308239366161,0.0,2.0,0.0,1.0,1.0,2.0,1.0,1.0,3.0,1.0,1.0,2.0,1.0,2.0,1.0,1.0,1.0,1.0,1.0,1.0,0.0,1.0,1.0,0.0,0
1.0,1.0,0.4059529449714223,0.0,2.0,0.0,0.4567380973729042,0.5564735945485519,0.6169676320272572,0.0,1.0,0.0,0.0,0.0,0.0,1.0,0.0,0.0,0.0,0.0,2.0,1.0,2.0,1.0,1.0,0.0,2.0,0.0,0.0,1.0,2.0,1.0,0.0,1
0.0,0.0,0.4472088227382767,1.0,0.0,0.0,0.5124929017603634,0.6003779812606473,0.6232770636518506,0.0,0.0,0.0,0.0,1.0,1.0,0.0,0.0,0.0,0.0,0.0,0.0,0.0,0.0,2.0,0.0,2.0,2.0,2.0,0.0,0.0,1.0,0.0,0.0,1
1.0,4.468984251376472,0.4059529449714223,1.0,4.5586237932754194,4.356682439232165,0.5651866011647716,0.5553488857212391,0.601727914334388,6.102741184057091,6.884086322351143,1.0,0.0,0.0,0.0,0.0,0.0,2.0,1.0,1.0,1.0,1.0,2.0,1.0,4.350919003746875,1.0,0.0,0.0,0.0,1.0,1.0,1.0,1.0,1
1.0,0.0,,1.0,0.0,0.0,0.5651866011647716,0.6003779812606473,0.6232770636518506,,,0.0,0.0,,1.0,0.0,0.0,,0.0,,0.0,,,2.0,0.0,,0.0,0.0,0.0,0.0,1.0,1.0,1.0,1
0.0,0.0,0.4472088227382767,0.0,0.0,0.0,0.3592782301026135,0.464504830773996,0.2300776074200265,0.0,2.0,1.0,0.0,1.0,2.0,0.0,0.0,0.0,0.0,0.0,0.0,0.0,0.0,2.0,0.0,1.0,2.0,2.0,0.0,0.0,0.0,0.0,1.0,1
0.0,1.0,0.4059529449714223,1.0,0.0,0.0,0.2608303362988201,0.2293199502739537,0.1904496412162511,0.0,0.0,0.0,0.0,0.0,0.0,0.0,0.0,1.0,1.0,0.0,0.0,1.0,0.0,1.0,0.0,1.0,1.0,0.0,1.0,0.0,1.0,1.0,0.0,0
1.0,0.0,0.4059529449714223,1.0,0.0,0.0,0.5651866011647716,0.3687130408412641,0.3030238500851788,1.0,1.0,0.0,0.0,0.0,0.0,0.0,0.0,1.0,1.0,0.0,0.0,0.0,1.0,1.0,1.0,1.0,0.0,0.0,0.0,1.0,1.0,1.0,0.0,0
1.0,0.0,0.4472088227382767,1.0,0.0,0.0,0.5651866011647716,0.5564735945485519,0.4963900381276872,1.0,2.0,1.0,0.0,0.0,1.0,1.0,0.0,1.0,1.0,1.0,0.0,0.0,0.0,2.0,0.0,1.0,2.0,2.0,0.0,0.0,1.0,0.0,0.0,1
1.0,0.0,0.4059529449714223,0.0,1.0,1.0,0.4567380973729042,0.6003779812606473,0.6424190800681431,1.0,1.0,1.0,1.0,1.0,2.0,0.0,1.0,2.0,1.0,0.0,1.0,0.0,1.0,1.0,0.0,1.0,0.0,1.0,0.0,0.0,1.0,1.0,1.0,1
0.0,0.0,0.4472088227382767,1.0,0.0,0.0,0.5124929017603634,0.5068458577828254,0.4981509951385715,0.0,2.0,1.0,0.0,1.0,2.0,0.0,0.0,1.0,0.0,1.0,0.0,0.0,0.0,1.0,1.0,2.0,1.0,1.0,0.0,0.0,1.0,0.0,1.0,1
1.0,1.0,0.4059529449714223,2.0,2.0,2.0,0.2608303362988201,0.3687130408412641,0.3290034071550255,2.0,1.0,0.0,0.0,0.0,1.0,0.0,0.0,1.0,0.0,0.0,0.0,0.0,0.0,0.0,0.0,1.0,0.0,2.0,1.0,0.0,0.0,0.0,0.0,0
0.0,,0.4059529449714223,1.0,,1.0,0.5651866011647716,,0.6316167566347161,1.0,,1.0,1.0,1.0,,1.0,1.0,,,,2.0,1.0,2.0,1.0,1.0,1.0,1.0,0.0,1.0,,2.0,2.0,0.0,0
1.0,2.0,0.4059529449714223,2.0,1.0,1.0,0.3592782301026135,0.2631793890457632,0.2692625943051838,2.0,1.0,1.0,1.0,1.0,2.0,1.0,1.0,0.0,0.0,0.0,0.0,0.0,1.0,1.0,0.0,1.0,1.0,1.0,1.0,0.0,1.0,1.0,1.0,0
1.0,0.0,0.4059529449714223,1.0,1.0,0.0,0.2608303362988201,0.2293199502739537,0.1904496412162511,1.0,0.0,1.0,0.0,0.0,0.0,0.0,0.0,1.0,0.0,0.0,0.0,0.0,0.0,0.0,1.0,2.0,2.0,2.0,0.0,0.0,1.0,0.0,0.0,1
1.0,,0.4059529449714223,0.0,,,0.4567380973729042,0.5564735945485519,0.6169676320272572,,,,0.0,0.0,0.0,1.0,0.0,0.0,0.0,0.0,2.0,1.0,2.0,,1.0,0.0,2.0,0.0,,1.0,2.0,1.0,,1
0.0,1.0,0.4472088227382767,1.0,1.0,0.0,0.3592782301026135,0.3687130408412641,0.7424190800681431,0.0,0.0,1.0,1.0,0.0,0.0,1.0,0.0,1.0,1.0,0.0,1.0,1.0,2.0,1.0,1.0,0.0,1.0,1.0,0.0,0.0,2.0,2.0,0.0,1
0.0,0.0,0.4472088227382767,1.0,1.0,0.0,0.5651866011647716,0.5564735945485519,0.7591679368779701,2.0,1.0,1.0,1.0,0.0,0.0,1.0,1.0,2.0,1.0,1.0,2.0,1.0,1.0,2.0,1.0,1.0,1.0,1.0,0.0,0.0,1.0,1.0,1.0,1
1.0,1.0,0.4059529449714223,2.0,1.0,1.0,0.5651866011647716,0.3687130408412641,0.327141836566467,3.0,2.0,1.0,0.0,0.0,0.0,0.0,0.0,1.0,1.0,1.0,0.0,0.0,1.0,1.0,2.0,1.0,2.0,2.0,1.0,1.0,1.0,1.0,1.0,1
1.0,1.0,0.4059529449714223,1.0,1.0,0.0,0.5651866011647716,0.5564735945485519,0.9680106000378572,2.0,0.0,1.0,1.0,1.0,2.0,1.0,1.0,1.0,1.0,1.0,1.0,1.0,1.0,1.0,0.0,1.0,0.0,1.0,1.0,0.0,1.0,1.0,1.0,1
0.0,0.0,0.4472088227382767,1.0,0.0,0.0,0.4567380973729042,0.464504830773996,0.2300776074200265,1.0,0.0,1.0,1.0,1.0,2.0,1.0,1.0,1.0,1.0,1.0,1.0,1.0,2.0,1.0,0.0,1.0,1.0,1.0,1.0,0.0,1.0,2.0,1.0,0
0.0,0.0,0.4472088227382767,1.0,0.0,0.0,0.5651866011647716,0.5068458577828254,0.4981509951385715,0.0,0.0,1.0,1.0,1.0,2.0,0.0,0.0,1.0,1.0,0.0,0.0,0.0,0.0,0.0,0.0,2.0,2.0,2.0,0.0,1.0,0.0,0.0,0.0,0
0.0,0.0,0.4472088227382767,1.0,0.0,0.0,0.5651866011647716,0.464504830773996,0.6316167566347161,0.0,1.0,1.0,1.0,1.0,2.0,1.0,0.0,0.0,0.0,0.0,2.0,1.0,1.0,0.0,1.0,2.0,1.0,1.0,0.0,0.0,2.0,1.0,1.0,1
1.0,0.0,,,,,0.5651866011647716,0.5564735945485519,0.6169676320272572,,1.0,0.0,0.0,0.0,2.0,0.0,0.0,,0.0,0.0,0.0,0.0,0.0,,1.0,1.0,2.0,0.0,,0.0,,0.0,0.0,1
0.0,0.0,0.4472088227382767,1.0,1.0,0.0,0.5124929017603634,0.5068458577828254,0.6695059625212947,1.0,3.0,1.0,0.0,1.0,2.0,0.0,0.0,0.0,0.0,0.0,0.0,0.0,1.0,2.0,2.0,1.0,2.0,2.0,0.0,1.0,1.0,0.0,1.0,1
0.0,1.0,0.4472088227382767,1.0,1.0,0.0,0.2608303362988201,0.5564735945485519,0.6169676320272572,0.0,0.0,0.0,0.0,1.0,1.0,0.0,0.0,0.0,0.0,0.0,0.0,0.0,0.0,1.0,1.0,2.0,2.0,2.0,0.0,0.0,0.0,0.0,0.0,1
0.0,2.0,0.4059529449714223,3.0,1.0,1.0,0.3592782301026135,0.2631793890457632,0.2692625943051838,3.0,2.0,0.0,0.0,1.0,1.0,1.0,0.0,0.0,0.0,2.0,0.0,0.0,0.0,1.0,1.0,1.0,0.0,0.0,1.0,0.0,1.0,1.0,1.0,0
0.0,0.0,0.4059529449714223,0.0,0.0,0.0,0.5651866011647716,0.464504830773996,0.4249802634312544,0.0,0.0,1.0,0.0,0.0,0.0,0.0,0.0,0.0,0.0,0.0,0.0,0.0,1.0,0.0,1.0,1.0,2.0,2.0,0.0,0.0,1.0,0.0,0.0,0
0.0,1.0,0.4472088227382767,1.0,1.0,1.0,0.5651866011647716,0.6003779812606473,0.6232770636518506,0.0,2.0,1.0,0.0,0.0,0.0,0.0,0.0,0.0,0.0,0.0,0.0,0.0,0.0,2.0,2.0,1.0,0.0,2.0,0.0,0.0,0.0,0.0,1.0,1
0.0,2.0,0.4059529449714223,1.0,2.0,2.0,0.2608303362988201,0.2293199502739537,0.1904496412162511,0.0,0.0,0.0,0.0,0.0,0.0,1.0,1.0,0.0,0.0,0.0,1.0,1.0,1.0,1.0,0.0,1.0,2.0,2.0,0.0,0.0,1.0,1.0,0.0,0
0.0,0.0,0.4472088227382767,,,1.0,0.5124929017603634,0.5068458577828254,,,2.0,1.0,1.0,1.0,2.0,0.0,1.0,2.0,,0.0,,,1.0,,1.0,1.0,2.0,2.0,,0.0,0.0,1.0,1.0,0
0.0,0.0,,1.0,1.0,1.0,0.3592782301026135,0.6003779812606473,,0.0,0.0,1.0,,,0.0,0.0,0.0,,0.0,0.0,0.0,,0.0,1.0,,1.0,,1.0,0.0,0.0,,0.0,0.0,0
1.0,1.0,0.4059529449714223,1.0,2.0,2.0,0.5651866011647716,0.464504830773996,0.6316167566347161,1.0,3.0,1.0,1.0,1.0,2.0,1.0,1.0,1.0,1.0,0.0,2.0,1.0,2.0,1.0,1.0,1.0,0.0,1.0,1.0,1.0,1.0,1.0,0.0,0
0.0,0.0,0.4059529449714223,1.0,0.0,0.0,0.5651866011647716,0.6003779812606473,0.6232770636518506,1.0,0.0,0.0,0.0,1.0,2.0,1.0,1.0,3.0,1.0,0.0,1.0,1.0,2.0,1.0,1.0,1.0,0.0,0.0,0.0,0.0,1.0,1.0,0.0,0
0.0,1.0,0.4059529449714223,1.0,1.0,0.0,0.2608303362988201,0.2293199502739537,0.5616127200454287,0.0,0.0,0.0,0.0,0.0,0.0,0.0,0.0,0.0,0.0,0.0,0.0,0.0,0.0,0.0,1.0,1.0,0.0,0.0,0.0,1.0,1.0,1.0,1.0,1
1.0,0.0,0.4472088227382767,1.0,0.0,0.0,0.5651866011647716,0.5564735945485519,0.6424190800681431,0.0,2.0,1.0,1.0,1.0,1.0,1.0,1.0,1.0,1.0,0.0,1.0,1.0,1.0,1.0,1.0,2.0,2.0,2.0,1.0,0.0,1.0,1.0,1.0,1
0.0,1.0,0.4059529449714223,1.0,0.0,0.0,0.3592782301026135,0.2631793890457632,0.21308239366161,1.0,1.0,1.0,0.0,0.0,0.0,1.0,0.0,0.0,0.0,0.0,1.0,0.0,1.0,1.0,1.0,1.0,1.0,0.0,0.0,0.0,1.0,1.0,1.0,1
1.0,1.0,0.4059529449714223,1.0,1.0,0.0,0.5124929017603634,0.3687130408412641,0.3290034071550255,1.0,1.0,1.0,0.0,0.0,0.0,1.0,1.0,0.0,0.0,0.0,2.0,1.0,2.0,1.0,0.0,0.0,1.0,1.0,1.0,0.0,2.0,1.0,1.0,1
0.0,1.0,0.4059529449714223,1.0,0.0,0.0,0.3592782301026135,0.464504830773996,0.4981509951385715,0.0,0.0,0.0,0.0,0.0,0.0,0.0,0.0,0.0,0.0,0.0,0.0,0.0,0.0,2.0,0.0,0.0,0.0,0.0,0.0,0.0,1.0,1.0,0.0,0
1.0,0.0,0.4472088227382767,1.0,0.0,0.0,0.2608303362988201,0.5564735945485519,0.1780238500851789,2.0,3.0,1.0,1.0,1.0,2.0,1.0,1.0,2.0,1.0,1.0,1.0,1.0,1.0,1.0,0.0,2.0,0.0,0.0,1.0,0.0,2.0,2.0,1.0,0
1.0,0.0,0.4472088227382767,1.0,1.0,0.0,0.5651866011647716,0.5564735945485519,0.7591679368779701,0.0,1.0,1.0,1.0,1.0,2.0,0.0,0.0,0.0,0.0,1.0,0.0,0.0,1.0,1.0,1.0,0.0,0.0,1.0,1.0,0.0,1.0,1.0,0.0,1
,,,0.0,,0.0,0.5651866011647716,0.464504830773996,0.4249802634312544,0.0,0.0,1.0,0.0,0.0,0.0,0.0,0.0,,0.0,,,0.0,1.0,0.0,1.0,1.0,2.0,,0.0,0.0,1.0,0.0,,0
1.0,,0.4472088227382767,0.0,,0.0,,,0.5235661555934129,0.0,3.0,1.0,,1.0,2.0,1.0,1.0,0.0,,0.0,,1.0,2.0,1.0,,0.0,0.0,0.0,0.0,,1.0,1.0,0.0,0
0.0,1.0,0.4059529449714223,1.0,2.0,2.0,0.2608303362988201,0.2293199502739537,0.4520159000567859,2.0,1.0,0.0,0.0,0.0,0.0,1.0,1.0,3.0,1.0,0.0,0.0,0.0,2.0,1.0,1.0,1.0,1.0,1.0,0.0,0.0,1.0,1.0,0.0,0
0.0,0.0,0.4472088227382767,1.0,0.0,0.0,0.2608303362988201,0.2293199502739537,0.1904496412162511,0.0,0.0,0.0,0.0,1.0,1.0,0.0,0.0,0.0,0.0,0.0,0.0,1.0,1.0,1.0,1.0,1.0,1.0,1.0,0.0,0.0,1.0,0.0,0.0,0
0.0,1.0,0.4059529449714223,1.0,0.0,0.0,0.4567380973729042,0.5564735945485519,0.2949460533787621,1.0,2.0,1.0,1.0,0.0,0.0,0.0,0.0,1.0,1.0,1.0,1.0,0.0,2.0,1.0,0.0,1.0,2.0,2.0,0.0,0.0,0.0,1.0,0.0,0
0.0,2.0,0.4059529449714223,0.0,0.0,0.0,0.5124929017603634,0.5564735945485519,0.6169676320272572,0.0,0.0,0.0,0.0,0.0,1.0,0.0,1.0,0.0,0.0,0.0,1.0,1.0,2.0,0.0,0.0,0.0,1.0,2.0,1.0,0.0,2.0,2.0,1.0,0
,1.0,0.4472088227382767,,0.0,0.0,0.3592782301026135,,,0.0,0.0,1.0,1.0,0.0,1.0,,0.0,,1.0,0.0,1.0,,1.0,1.0,,,1.0,1.0,1.0,0.0,1.0,1.0,0.0,0
0.0,2.0,0.4059529449714223,1.0,0.0,0.0,0.2608303362988201,0.3687130408412641,0.327141836566467,0.0,0.0,0.0,0.0,0.0,0.0,1.0,0.0,0.0,0.0,0.0,0.0,0.0,2.0,1.0,0.0,1.0,0.0,1.0,0.0,0.0,1.0,0.0,1.0,0
0.0,0.0,0.4472088227382767,1.0,0.0,0.0,0.2608303362988201,0.2293199502739537,0.4520159000567859,1.0,0.0,0.0,0.0,0.0,0.0,1.0,0.0,0.0,0.0,0.0,0.0,0.0,0.0,1.0,2.0,0.0,1.0,2.0,0.0,0.0,1.0,0.0,1.0,0
1.0,0.0,0.4472088227382767,0.0,0.0,0.0,0.5651866011647716,0.464504830773996,0.6316167566347161,1.0,0.0,1.0,0.0,0.0,0.0,1.0,1.0,2.0,1.0,1.0,2.0,1.0,2.0,1.0,1.0,1.0,1.0,1.0,0.0,0.0,2.0,1.0,1.0,0
0.0,0.0,0.4472088227382767,0.0,1.0,1.0,0.3592782301026135,0.464504830773996,0.2300776074200265,1.0,0.0,0.0,0.0,0.0,0.0,1.0,1.0,0.0,1.0,0.0,2.0,1.0,1.0,1.0,0.0,1.0,1.0,0.0,1.0,1.0,1.0,1.0,0.0,0
0.0,0.0,0.4059529449714223,1.0,1.0,0.0,0.2608303362988201,0.2293199502739537,0.1904496412162511,1.0,0.0,0.0,0.0,0.0,0.0,0.0,0.0,0.0,0.0,0.0,0.0,0.0,0.0,1.0,0.0,1.0,1.0,2.0,0.0,0.0,0.0,0.0,1.0,1
0.0,1.0,0.4059529449714223,1.0,0.0,0.0,0.5651866011647716,0.464504830773996,0.6316167566347161,1.0,2.0,1.0,1.0,1.0,2.0,1.0,1.0,1.0,1.0,1.0,2.0,1.0,2.0,1.0,0.0,1.0,1.0,1.0,1.0,0.0,1.0,1.0,0.0,0
0.0,0.0,0.4059529449714223,2.0,1.0,1.0,0.4567380973729042,0.5068458577828254,0.6695059625212947,1.0,0.0,0.0,0.0,0.0,0.0,0.0,0.0,0.0,0.0,0.0,1.0,1.0,2.0,0.0,2.0,1.0,1.0,0.0,1.0,0.0,1.0,1.0,0.0,0
0.0,0.0,0.4472088227382767,1.0,0.0,0.0,0.3592782301026135,0.464504830773996,0.6316167566347161,0.0,0.0,1.0,1.0,0.0,0.0,0.0,0.0,0.0,0.0,0.0,1.0,1.0,1.0,1.0,0.0,1.0,1.0,1.0,1.0,0.0,1.0,1.0,0.0,0
0.0,1.0,0.4059529449714223,0.0,,,0.2608303362988201,0.2293199502739537,0.1904496412162511,0.0,0.0,0.0,0.0,,,0.0,0.0,0.0,0.0,,0.0,,1.0,1.0,0.0,1.0,1.0,,0.0,0.0,,,1.0,0
1.0,0.0,0.4472088227382767,1.0,0.0,0.0,0.3592782301026135,0.5553488857212391,0.5235661555934129,1.0,2.0,1.0,0.0,1.0,1.0,0.0,0.0,1.0,1.0,0.0,1.0,0.0,2.0,1.0,2.0,0.0,1.0,1.0,0.0,0.0,0.0,0.0,1.0,1
0.0,0.0,0.4472088227382767,1.0,0.0,0.0,0.5651866011647716,0.5553488857212391,0.3560477001703578,1.0,1.0,0.0,0.0,0.0,0.0,0.0,0.0,0.0,0.0,0.0,0.0,0.0,1.0,1.0,1.0,1.0,0.0,0.0,0.0,0.0,0.0,0.0,0.0,0
1.0,0.0,0.4472088227382767,0.0,1.0,0.0,0.5651866011647716,0.5564735945485519,0.6169676320272572,1.0,0.0,0.0,0.0,0.0,0.0,0.0,1.0,0.0,0.0,0.0,1.0,1.0,1.0,1.0,1.0,1.0,1.0,1.0,0.0,0.0,1.0,0.0,1.0,1
0.0,0.0,0.4059529449714223,1.0,1.0,1.0,0.2608303362988201,0.2293199502739537,0.1904496412162511,0.0,0.0,1.0,0.0,0.0,0.0,0.0,0.0,0.0,1.0,0.0,0.0,0.0,1.0,1.0,2.0,1.0,2.0,2.0,0.0,0.0,1.0,1.0,0.0,0
0.0,,,1.0,,,0.2608303362988201,0.2293199502739537,0.1904496412162511,0.0,0.0,0.0,0.0,0.0,,0.0,0.0,,,0.0,0.0,0.0,0.0,1.0,1.0,1.0,2.0,,0.0,0.0,,0.0,0.0,0
1.0,1.0,0.4059529449714223,1.0,1.0,0.0,0.5124929017603634,0.5564735945485519,0.9680106000378572,2.0,2.0,1.0,1.0,0.0,0.0,1.0,1.0,1.0,1.0,0.0,2.0,0.0,0.0,1.0,0.0,2.0,2.0,1.0,0.0,1.0,1.0,1.0,1.0,1
0.0,0.0,0.4472088227382767,1.0,0.0,0.0,0.3592782301026135,0.2631793890457632,0.3227909043774535,1.0,0.0,1.0,0.0,1.0,1.0,1.0,0.0,0.0,1.0,0.0,1.0,1.0,1.0,1.0,1.0,1.0,2.0,1.0,1.0,0.0,1.0,1.0,1.0,0
1.0,0.0,0.4472088227382767,1.0,0.0,0.0,0.5651866011647716,0.5068458577828254,0.4981509951385715,1.0,1.0,0.0,0.0,1.0,1.0,0.0,0.0,3.0,0.0,0.0,0.0,0.0,1.0,1.0,1.0,0.0,1.0,2.0,0.0,0.0,1.0,1.0,0.0,0
1.0,0.0,0.4472088227382767,0.0,0.0,0.0,0.5651866011647716,0.5564735945485519,0.2445850571915308,0.0,0.0,1.0,0.0,1.0,2.0,0.0,0.0,1.0,1.0,0.0,1.0,1.0,1.0,2.0,1.0,1.0,1.0,1.0,0.0,0.0,1.0,1.0,0.0,0
0.0,1.0,0.4059529449714223,1.0,1.0,0.0,0.2608303362988201,0.2293199502739537,0.1904496412162511,1.0,1.0,1.0,0.0,1.0,1.0,0.0,0.0,0.0,0.0,0.0,0.0,0.0,0.0,2.0,1.0,0.0,2.0,2.0,0.0,0.0,1.0,0.0,1.0,1
1.0,0.0,0.4472088227382767,2.0,0.0,0.0,0.2608303362988201,0.3687130408412641,0.327141836566467,1.0,0.0,0.0,0.0,0.0,1.0,0.0,0.0,0.0,0.0,1.0,0.0,0.0,1.0,1.0,1.0,1.0,2.0,2.0,0.0,0.0,0.0,0.0,1.0,1
0.0,,0.4472088227382767,,0.0,,0.2608303362988201,0.2293199502739537,0.1904496412162511,1.0,1.0,,,0.0,0.0,1.0,0.0,1.0,1.0,0.0,,1.0,0.0,,2.0,1.0,1.0,1.0,0.0,,,1.0,1.0,0
0.0,0.0,0.4472088227382767,1.0,1.0,0.0,0.5124929017603634,0.5068458577828254,0.6868662286038777,1.0,2.0,1.0,0.0,0.0,0.0,1.0,1.0,2.0,1.0,0.0,1.0,1.0,2.0,1.0,1.0,1.0,0.0,0.0,0.0,0.0,1.0,1.0,1.0,1
1.0,0.0,0.4059529449714223,1.0,1.0,1.0,0.5651866011647716,0.3687130408412641,0.327141836566467,2.0,1.0,1.0,0.0,0.0,0.0,1.0,1.0,1.0,1.0,2.0,2.0,1.0,2.0,1.0,0.0,1.0,1.0,1.0,1.0,0.0,2.0,2.0,0.0,0
0.0,0.0,0.4472088227382767,1.0,1.0,0.0,0.5651866011647716,0.5564735945485519,0.7591679368779701,1.0,2.0,1.0,1.0,0.0,0.0,1.0,1.0,1.0,1.0,0.0,1.0,1.0,1.0,0.0,1.0,1.0,0.0,1.0,1.0,0.0,1.0,1.0,1.0,1
1.0,1.0,0.4059529449714223,1.0,1.0,0.0,0.2608303362988201,0.3687130408412641,0.3290034071550255,0.0,2.0,1.0,1.0,0.0,0.0,0.0,0.0,1.0,1.0,1.0,1.0,1.0,1.0,1.0,0.0,2.0,2.0,1.0,0.0,0.0,1.0,1.0,0.0,1
0.0,0.0,0.4472088227382767,0.0,0.0,0.0,0.4567380973729042,0.5068458577828254,0.4249802634312544,0.0,1.0,1.0,0.0,1.0,1.0,0.0,0.0,0.0,0.0,0.0,1.0,0.0,1.0,1.0,2.0,1.0,2.0,2.0,1.0,0.0,1.0,1.0,0.0,0
0.0,0.0,0.4059529449714223,1.0,0.0,0.0,0.5651866011647716,0.5553488857212391,0.2120954003407155,1.0,3.0,1.0,0.0,1.0,1.0,0.0,0.0,2.0,1.0,2.0,2.0,1.0,2.0,0.0,1.0,0.0,1.0,1.0,1.0,0.0,2.0,1.0,1.0,0
1.0,2.0,0.4059529449714223,1.0,2.0,2.0,0.2608303362988201,0.2293199502739537,0.1904496412162511,0.0,0.0,1.0,1.0,0.0,0.0,1.0,0.0,3.0,1.0,2.0,1.0,1.0,2.0,0.0,0.0,0.0,0.0,0.0,1.0,0.0,2.0,2.0,0.0,0
0.0,1.0,0.4778534923339012,0.0,1.0,1.0,0.5124929017603634,0.5068458577828254,0.3835483085908981,0.0,1.0,1.0,1.0,1.0,2.0,0.0,0.0,1.0,0.0,0.0,1.0,0.0,1.0,1.0,1.0,1.0,2.0,2.0,0.0,0.0,1.0,0.0,0.0,0
0.0,0.0,0.4472088227382767,1.0,0.0,0.0,0.5651866011647716,0.5068458577828254,0.3835483085908981,0.0,1.0,1.0,0.0,0.0,0.0,0.0,0.0,0.0,0.0,0.0,0.0,0.0,0.0,0.0,1.0,2.0,2.0,2.0,0.0,0.0,0.0,0.0,0.0,0
0.0,1.0,0.4059529449714223,1.0,0.0,0.0,0.2608303362988201,0.5564735945485519,0.6868662286038777,0.0,0.0,0.0,0.0,0.0,0.0,0.0,0.0,0.0,0.0,0.0,1.0,0.0,2.0,1.0,1.0,2.0,1.0,1.0,0.0,0.0,0.0,0.0,0.0,1
0.0,0.0,0.4472088227382767,0.0,0.0,0.0,0.4567380973729042,0.5068458577828254,0.4981509951385715,1.0,2.0,0.0,0.0,0.0,0.0,0.0,0.0,1.0,1.0,0.0,2.0,1.0,2.0,1.0,1.0,1.0,1.0,1.0,0.0,0.0,2.0,0.0,1.0,0
0.0,2.0,0.4059529449714223,1.0,0.0,0.0,0.2608303362988201,0.2293199502739537,0.1904496412162511,0.0,0.0,0.0,1.0,0.0,1.0,0.0,1.0,1.0,1.0,0.0,2.0,1.0,2.0,1.0,1.0,1.0,1.0,1.0,1.0,0.0,1.0,1.0,1.0,0
0.0,0.0,0.4472088227382767,1.0,0.0,0.0,0.3592782301026135,0.2631793890457632,0.21308239366161,0.0,0.0,0.0,0.0,1.0,1.0,0.0,0.0,1.0,1.0,0.0,0.0,0.0,1.0,2.0,0.0,2.0,1.0,1.0,0.0,0.0,0.0,0.0,0.0,1
1.0,0.0,0.4472088227382767,1.0,0.0,0.0,0.5124929017603634,0.5564735945485519,0.4249802634312544,2.0,2.0,1.0,1.0,0.0,0.0,1.0,1.0,3.0,1.0,1.0,1.0,1.0,2.0,1.0,0.0,1.0,0.0,0.0,1.0,0.0,2.0,2.0,0.0,0
,,,,2.0,2.0,,0.2293199502739537,,1.0,1.0,,0.0,0.0,,0.0,0.0,2.0,1.0,0.0,0.0,0.0,0.0,2.0,1.0,2.0,2.0,2.0,0.0,0.0,,0.0,0.0,0
0.0,1.0,0.4059529449714223,1.0,1.0,1.0,0.5651866011647716,0.3687130408412641,0.327141836566467,1.0,2.0,1.0,0.0,0.0,1.0,0.0,0.0,1.0,0.0,0.0,0.0,1.0,2.0,1.0,2.0,1.0,2.0,0.0,1.0,1.0,2.0,1.0,1.0,1
0.0,0.0,0.4472088227382767,1.0,0.0,0.0,0.5124929017603634,0.464504830773996,0.6316167566347161,0.0,4.0,1.0,0.0,1.0,1.0,0.0,0.0,0.0,0.0,0.0,0.0,0.0,0.0,2.0,2.0,1.0,1.0,2.0,0.0,0.0,1.0,0.0,0.0,1
1.0,,0.4059529449714223,2.0,1.0,,0.3592782301026135,0.2631793890457632,,0.0,3.0,1.0,1.0,1.0,2.0,1.0,1.0,2.0,,1.0,2.0,1.0,,,,1.0,0.0,,1.0,0.0,1.0,1.0,,0
0.0,0.0,0.4472088227382767,0.0,0.0,0.0,0.3592782301026135,,,0.0,,1.0,,,,1.0,1.0,0.0,,0.0,2.0,1.0,1.0,1.0,1.0,1.0,1.0,,1.0,0.0,,1.0,0.0,0
0.0,0.0,0.4472088227382767,1.0,1.0,0.0,0.3592782301026135,0.2631793890457632,0.4848381601362862,0.0,0.0,0.0,0.0,1.0,2.0,0.0,0.0,0.0,0.0,0.0,0.0,0.0,0.0,2.0,1.0,2.0,2.0,1.0,0.0,0.0,0.0,0.0,1.0,1
0.0,0.0,0.4472088227382767,1.0,0.0,0.0,0.3592782301026135,0.5553488857212391,0.3560477001703578,0.0,0.0,0.0,0.0,0.0,1.0,0.0,0.0,0.0,0.0,0.0,0.0,0.0,0.0,2.0,2.0,2.0,2.0,2.0,0.0,0.0,0.0,0.0,0.0,1
0.0,0.0,0.4472088227382767,1.0,0.0,0.0,0.3592782301026135,0.2631793890457632,0.3227909043774535,0.0,0.0,1.0,0.0,1.0,0.0,0.0,0.0,0.0,0.0,0.0,0.0,0.0,2.0,1.0,2.0,2.0,2.0,2.0,0.0,0.0,1.0,0.0,0.0,0
0.0,0.0,0.4059529449714223,1.0,0.0,0.0,0.5651866011647716,0.3687130408412641,0.327141836566467,0.0,0.0,0.0,0.0,0.0,0.0,0.0,0.0,0.0,0.0,0.0,1.0,0.0,0.0,2.0,2.0,1.0,2.0,2.0,0.0,0.0,0.0,0.0,1.0,0
1.0,4.468984251376472,0.4472088227382767,0.0,4.5586237932754194,4.356682439232165,0.3592782301026135,0.5068458577828254,0.4981509951385715,6.102741184057091,7.884086322351143,1.0,0.0,0.0,0.0,0.0,0.0,0.0,0.0,0.0,0.0,1.0,0.0,2.0,3.350919003746875,1.0,1.0,2.0,0.0,0.0,2.0,0.0,1.0,0
0.0,0.0,0.4472088227382767,1.0,1.0,0.0,0.5651866011647716,0.6003779812606473,0.6232770636518506,1.0,2.0,1.0,0.0,0.0,1.0,0.0,0.0,0.0,0.0,0.0,0.0,1.0,2.0,2.0,1.0,2.0,2.0,2.0,0.0,0.0,0.0,0.0,1.0,1
1.0,0.0,0.4472088227382767,1.0,0.0,0.0,0.4567380973729042,0.5068458577828254,0.3030238500851788,1.0,2.0,1.0,1.0,1.0,2.0,0.0,0.0,1.0,1.0,0.0,0.0,0.0,2.0,2.0,1.0,2.0,2.0,2.0,0.0,0.0,0.0,0.0,0.0,0
1.0,0.0,0.4472088227382767,1.0,1.0,0.0,0.5124929017603634,0.5564735945485519,0.4915767556312701,1.0,2.0,1.0,0.0,0.0,1.0,0.0,0.0,0.0,0.0,0.0,0.0,0.0,0.0,2.0,0.0,1.0,0.0,1.0,0.0,0.0,0.0,1.0,1.0,1
0.0,2.0,0.4778534923339012,1.0,1.0,0.0,0.3592782301026135,0.3687130408412641,0.7424190800681431,0.0,0.0,1.0,0.0,0.0,0.0,0.0,0.0,0.0,0.0,0.0,0.0,0.0,0.0,1.0,2.0,0.0,0.0,0.0,0.0,0.0,1.0,0.0,0.0,1
1.0,1.0,0.4059529449714223,1.0,2.0,2.0,0.2608303362988201,0.2293199502739537,0.1904496412162511,1.0,1.0,0.0,0.0,0.0,0.0,0.0,0.0,2.0,1.0,0.0,0.0,0.0,0.0,2.0,1.0,2.0,2.0,2.0,0.0,0.0,0.0,0.0,0.0,0
0.0,0.0,0.4472088227382767,0.0,1.0,1.0,0.5124929017603634,0.5068458577828254,0.4249802634312544,0.0,3.0,1.0,0.0,1.0,2.0,0.0,1.0,0.0,0.0,0.0,0.0,0.0,1.0,0.0,1.0,1.0,2.0,1.0,0.0,0.0,1.0,1.0,1.0,1
0.0,0.0,0.4059529449714223,0.0,0.0,0.0,0.5651866011647716,0.6003779812606473,0.6232770636518506,1.0,0.0,1.0,1.0,0.0,0.0,0.0,1.0,1.0,1.0,0.0,1.0,1.0,1.0,0.0,0.0,1.0,0.0,1.0,0.0,0.0,1.0,1.0,1.0,1
1.0,1.0,0.4059529449714223,2.0,2.0,0.0,0.4567380973729042,0.6003779812606473,0.6232770636518506,1.0,0.0,1.0,0.0,0.0,0.0,0.0,0.0,1.0,0.0,0.0,0.0,0.0,0.0,1.0,0.0,1.0,0.0,0.0,0.0,0.0,1.0,1.0,0.0,1
1.0,0.0,0.4059529449714223,1.0,1.0,0.0,0.5651866011647716,0.5068458577828254,0.4981509951385715,0.0,2.0,0.0,0.0,0.0,0.0,0.0,0.0,0.0,0.0,0.0,0.0,0.0,1.0,0.0,1.0,1.0,2.0,1.0,0.0,0.0,1.0,0.0,1.0,1
0.0,0.0,0.4472088227382767,1.0,1.0,0.0,0.5651866011647716,0.5564735945485519,0.6868662286038777,1.0,1.0,1.0,0.0,0.0,0.0,1.0,0.0,2.0,1.0,0.0,1.0,1.0,1.0,1.0,2.0,2.0,2.0,2.0,0.0,0.0,1.0,1.0,1.0,1
1.0,1.0,0.4059529449714223,1.0,1.0,1.0,0.5651866011647716,0.5068458577828254,0.601727914334388,2.0,1.0,1.0,0.0,0.0,0.0,1.0,1.0,1.0,1.0,1.0,1.0,1.0,1.0,2.0,1.0,1.0,1.0,1.0,1.0,0.0,1.0,1.0,1.0,1
0.0,1.0,0.4059529449714223,1.0,0.0,0.0,0.2608303362988201,0.2293199502739537,0.1904496412162511,0.0,0.0,0.0,0.0,1.0,1.0,0.0,0.0,1.0,1.0,0.0,0.0,1.0,1.0,1.0,2.0,1.0,2.0,2.0,0.0,0.0,1.0,1.0,1.0,0
1.0,1.0,0.4059529449714223,2.0,0.0,0.0,0.5651866011647716,0.5564735945485519,0.1780238500851789,1.0,4.0,1.0,1.0,1.0,2.0,1.0,1.0,3.0,1.0,2.0,2.0,1.0,2.0,1.0,1.0,1.0,0.0,0.0,1.0,0.0,1.0,1.0,1.0,0
0.0,0.0,,1.0,,0.0,0.5651866011647716,,0.6232770636518506,1.0,2.0,1.0,0.0,0.0,0.0,0.0,1.0,,,0.0,0.0,0.0,2.0,,1.0,2.0,,2.0,,0.0,1.0,0.0,,1
1.0,1.0,0.4059529449714223,1.0,1.0,1.0,0.2608303362988201,0.3687130408412641,0.327141836566467,1.0,0.0,1.0,0.0,0.0,0.0,0.0,0.0,1.0,1.0,0.0,0.0,0.0,1.0,0.0,1.0,1.0,2.0,2.0,0.0,0.0,1.0,1.0,1.0,0
0.0,0.0,0.4472088227382767,1.0,0.0,0.0,0.5651866011647716,0.6003779812606473,0.6232770636518506,0.0,0.0,0.0,1.0,0.0,2.0,0.0,0.0,0.0,0.0,0.0,0.0,0.0,0.0,2.0,1.0,2.0,1.0,2.0,0.0,1.0,0.0,1.0,1.0,1
0.0,3.468984251376473,0.4059529449714223,1.0,3.55862379327542,3.3566824392321646,0.5651866011647716,0.464504830773996,0.6316167566347161,4.102741184057091,7.884086322351143,1.0,0.0,1.0,1.0,0.0,0.0,0.0,0.0,0.0,0.0,0.0,2.0,2.0,5.350919003746875,1.0,2.0,2.0,0.0,0.0,0.0,0.0,0.0,1
0.0,0.0,0.4472088227382767,0.0,1.0,0.0,0.3592782301026135,0.464504830773996,0.6316167566347161,1.0,0.0,1.0,1.0,0.0,0.0,0.0,0.0,1.0,1.0,0.0,1.0,1.0,1.0,2.0,1.0,2.0,1.0,1.0,0.0,0.0,1.0,1.0,1.0,1
0.0,0.0,0.4059529449714223,1.0,0.0,0.0,0.5651866011647716,0.5564735945485519,0.4931082546074028,0.0,0.0,1.0,0.0,0.0,1.0,0.0,0.0,0.0,0.0,0.0,0.0,1.0,2.0,0.0,0.0,1.0,1.0,1.0,1.0,0.0,2.0,1.0,0.0,1
0.0,0.0,0.4472088227382767,2.0,0.0,0.0,0.5651866011647716,0.5564735945485519,0.4931082546074028,0.0,1.0,0.0,0.0,0.0,1.0,0.0,0.0,1.0,1.0,0.0,1.0,0.0,1.0,1.0,0.0,2.0,2.0,2.0,0.0,0.0,1.0,0.0,0.0,0
1.0,2.0,0.4059529449714223,1.0,2.0,2.0,0.5651866011647716,0.5564735945485519,0.4249802634312544,1.0,0.0,0.0,0.0,0.0,1.0,1.0,0.0,1.0,0.0,0.0,2.0,1.0,1.0,0.0,1.0,1.0,2.0,2.0,0.0,0.0,1.0,1.0,0.0,0
1.0,2.0,0.4059529449714223,2.0,2.0,2.0,0.4567380973729042,0.6003779812606473,0.4747302668938103,1.0,3.0,1.0,1.0,1.0,2.0,0.0,0.0,3.0,1.0,1.0,2.0,1.0,1.0,1.0,0.0,2.0,2.0,2.0,1.0,0.0,2.0,2.0,1.0,1
1.0,1.0,0.4059529449714223,0.0,2.0,0.0,0.5651866011647716,0.5068458577828254,0.4249802634312544,0.0,2.0,0.0,1.0,1.0,2.0,0.0,0.0,1.0,1.0,0.0,1.0,0.0,1.0,1.0,2.0,1.0,2.0,2.0,0.0,0.0,1.0,1.0,1.0,1
0.0,0.0,0.4472088227382767,,0.0,0.0,0.5651866011647716,0.464504830773996,,0.0,2.0,1.0,0.0,0.0,,1.0,,0.0,0.0,0.0,1.0,1.0,,,,1.0,,2.0,0.0,,1.0,1.0,0.0,1
1.0,0.0,0.4472088227382767,1.0,0.0,0.0,0.3592782301026135,0.2631793890457632,0.21308239366161,0.0,0.0,0.0,0.0,0.0,0.0,1.0,1.0,3.0,1.0,1.0,2.0,1.0,2.0,0.0,0.0,0.0,0.0,0.0,1.0,0.0,1.0,1.0,0.0,0
1.0,1.0,0.4059529449714223,0.0,2.0,2.0,0.5124929017603634,0.5553488857212391,0.4040318001135718,0.0,2.0,0.0,1.0,1.0,2.0,0.0,0.0,1.0,1.0,0.0,2.0,1.0,2.0,1.0,0.0,1.0,1.0,1.0,0.0,0.0,1.0,1.0,0.0,0
1.0,1.0,0.4059529449714223,1.0,1.0,1.0,0.2608303362988201,0.2293199502739537,0.1904496412162511,1.0,0.0,1.0,0.0,1.0,2.0,1.0,1.0,3.0,1.0,0.0,2.0,1.0,2.0,1.0,1.0,1.0,0.0,1.0,1.0,1.0,2.0,2.0,1.0,0
0.0,0.0,0.4059529449714223,0.0,2.0,2.0,0.5124929017603634,0.5553488857212391,0.8560477001703577,1.0,3.0,1.0,1.0,0.0,2.0,0.0,0.0,0.0,0.0,0.0,0.0,0.0,1.0,1.0,0.0,1.0,2.0,2.0,0.0,0.0,2.0,0.0,1.0,1
0.0,0.0,0.4472088227382767,1.0,0.0,0.0,0.3592782301026135,0.5564735945485519,0.1780238500851789,1.0,0.0,1.0,0.0,0.0,0.0,0.0,0.0,1.0,1.0,0.0,1.0,1.0,1.0,1.0,1.0,1.0,0.0,0.0,0.0,0.0,1.0,1.0,1.0,1
0.0,1.0,0.4059529449714223,1.0,1.0,0.0,0.2608303362988201,0.2293199502739537,0.1904496412162511,0.0,0.0,1.0,0.0,0.0,0.0,0.0,0.0,0.0,0.0,0.0,0.0,1.0,2.0,1.0,0.0,2.0,2.0,1.0,0.0,1.0,1.0,1.0,0.0,1
0.0,4.468984251376472,0.4059529449714223,1.0,5.5586237932754194,3.3566824392321646,0.4567380973729042,0.5564735945485519,0.7591679368779701,4.102741184057091,7.884086322351143,1.0,0.0,0.0,1.0,0.0,0.0,1.0,1.0,1.0,0.0,0.0,0.0,1.0,4.350919003746875,1.0,0.0,0.0,0.0,0.0,1.0,0.0,1.0,1
0.0,0.0,0.4472088227382767,1.0,0.0,0.0,0.3592782301026135,0.5564735945485519,0.2120954003407155,1.0,2.0,1.0,1.0,0.0,0.0,0.0,0.0,1.0,1.0,0.0,0.0,0.0,0.0,2.0,0.0,2.0,2.0,2.0,1.0,0.0,1.0,0.0,0.0,0
0.0,0.0,0.4472088227382767,1.0,0.0,0.0,0.4567380973729042,0.5068458577828254,0.3835483085908981,1.0,1.0,1.0,1.0,0.0,0.0,0.0,0.0,2.0,1.0,2.0,0.0,0.0,1.0,1.0,1.0,2.0,2.0,2.0,0.0,1.0,0.0,0.0,1.0,0
0.0,1.0,0.4059529449714223,0.0,0.0,0.0,0.5124929017603634,0.5068458577828254,0.4981509951385715,0.0,0.0,1.0,0.0,1.0,2.0,0.0,0.0,0.0,0.0,0.0,0.0,1.0,1.0,1.0,0.0,2.0,1.0,2.0,0.0,0.0,0.0,1.0,0.0,1
0.0,0.0,0.4059529449714223,1.0,0.0,0.0,0.3592782301026135,0.2631793890457632,0.21308239366161,0.0,3.0,1.0,1.0,1.0,1.0,1.0,1.0,1.0,1.0,2.0,2.0,1.0,2.0,1.0,1.0,1.0,0.0,0.0,1.0,0.0,2.0,1.0,0.0,0
1.0,0.0,0.4472088227382767,0.0,0.0,0.0,0.4567380973729042,0.464504830773996,0.6316167566347161,1.0,0.0,1.0,0.0,0.0,0.0,1.0,1.0,1.0,1.0,0.0,1.0,1.0,1.0,1.0,0.0,1.0,1.0,1.0,0.0,0.0,1.0,1.0,1.0,0
0.0,1.0,0.4472088227382767,1.0,1.0,0.0,0.4567380973729042,0.464504830773996,0.6316167566347161,1.0,2.0,1.0,0.0,0.0,0.0,0.0,0.0,2.0,1.0,1.0,1.0,1.0,2.0,1.0,1.0,0.0,1.0,2.0,1.0,0.0,2.0,1.0,1.0,1
1.0,0.0,0.4059529449714223,1.0,0.0,0.0,0.3592782301026135,0.2631793890457632,0.3227909043774535,2.0,3.0,1.0,1.0,1.0,2.0,1.0,0.0,3.0,1.0,2.0,2.0,1.0,2.0,1.0,0.0,0.0,0.0,0.0,1.0,0.0,2.0,1.0,1.0,0
0.0,1.0,0.4059529449714223,0.0,0.0,0.0,0.5651866011647716,0.5068458577828254,0.3835483085908981,0.0,2.0,1.0,1.0,1.0,2.0,1.0,0.0,3.0,1.0,0.0,0.0,0.0,0.0,2.0,1.0,1.0,2.0,2.0,0.0,0.0,0.0,0.0,1.0,0
0.0,0.0,0.4059529449714223,1.0,,,,0.2631793890457632,,1.0,0.0,0.0,1.0,0.0,1.0,0.0,1.0,0.0,,0.0,0.0,0.0,1.0,1.0,0.0,,,2.0,0.0,,,0.0,1.0,1
0.0,1.0,0.4059529449714223,1.0,1.0,1.0,0.2608303362988201,0.2293199502739537,0.1904496412162511,1.0,0.0,1.0,0.0,0.0,0.0,0.0,1.0,0.0,1.0,0.0,0.0,1.0,1.0,1.0,1.0,1.0,0.0,0.0,1.0,0.0,1.0,1.0,0.0,0
0.0,1.0,0.4059529449714223,1.0,1.0,1.0,0.3592782301026135,0.2631793890457632,0.21308239366161,0.0,4.0,1.0,1.0,1.0,2.0,1.0,1.0,2.0,1.0,0.0,2.0,1.0,2.0,0.0,1.0,1.0,0.0,2.0,1.0,1.0,1.0,1.0,1.0,0
1.0,0.0,0.4059529449714223,1.0,1.0,1.0,0.5124929017603634,0.5068458577828254,0.6695059625212947,1.0,1.0,1.0,0.0,0.0,0.0,0.0,0.0,1.0,1.0,1.0,1.0,0.0,1.0,2.0,0.0,1.0,0.0,0.0,1.0,0.0,1.0,1.0,1.0,1
0.0,1.0,0.4059529449714223,1.0,1.0,1.0,0.2608303362988201,0.3687130408412641,0.327141836566467,1.0,0.0,1.0,1.0,0.0,1.0,1.0,1.0,1.0,1.0,0.0,1.0,1.0,2.0,2.0,1.0,0.0,0.0,0.0,1.0,0.0,1.0,2.0,0.0,0
1.0,2.0,,,2.0,2.0,,0.3687130408412641,0.327141836566467,3.0,4.0,1.0,1.0,1.0,2.0,1.0,1.0,,1.0,2.0,,1.0,,,2.0,,0.0,,1.0,1.0,2.0,2.0,0.0,0
1.0,1.0,,0.0,,1.0,0.5651866011647716,0.3687130408412641,,2.0,,1.0,1.0,1.0,2.0,0.0,0.0,1.0,1.0,2.0,1.0,1.0,1.0,,1.0,,1.0,,1.0,0.0,,1.0,,0
0.0,0.0,0.4059529449714223,,0.0,0.0,0.3592782301026135,,,0.0,0.0,1.0,1.0,1.0,2.0,1.0,1.0,2.0,1.0,0.0,,1.0,1.0,,0.0,,2.0,,1.0,0.0,,1.0,,0
0.0,2.0,0.4059529449714223,0.0,2.0,2.0,0.2608303362988201,0.2293199502739537,0.1904496412162511,1.0,0.0,0.0,0.0,0.0,0.0,1.0,1.0,3.0,1.0,0.0,2.0,1.0,2.0,0.0,0.0,0.0,0.0,1.0,1.0,0.0,2.0,2.0,1.0,0
0.0,0.0,0.4472088227382767,1.0,0.0,0.0,0.4567380973729042,0.6003779812606473,0.4021991636983119,,,1.0,1.0,0.0,0.0,1.0,,,,,2.0,1.0,,1.0,0.0,1.0,0.0,1.0,0.0,,1.0,,1.0,1
